Document,Topic,Name,Representation,Representative_Docs,Top_n_words,Representative_document,Date,DateTime
if i see one more tweet telling me that luigi mangione was an ivy league student im going to snap,0,0_mangioni_nick_scumbag_killer,"['mangioni', 'nick', 'scumbag', 'killer', 'hero', 'said', 'guy', 'hes', 'insane', 'much']","['The case of Luigi Mangione is the perfect example of what drives left wing zealotry.\n\nHe was a normal, successful dude. Once he got a debilitating back injury, he became impotent in relation to society. He became angry, hate-filled & resentful. Needed to blame others. Leftist.', 'Idolizing Luigi Mangione is a sign of low IQ\n\nHe is a retard that supposedly shot a dude for being unable to have gay sex anymore due to his back condition.\n\nNot a hero, and accomplished nothing in the grand scheme of things. It changes nothing', '""who did nothing to him* is the most essential part here.\n\nThe protestors blocking a road effectively took a lot of people hostage, the old man simply liberated everyone (based and justified)\n\nLuigi Mangione shot a man in the back who was just walking there.\n(cringe and gay)']",mangioni - nick - scumbag - killer - hero - said - guy - hes - insane - much,False,12/9/2024 21:54,12/9/2024 21:54
This Luigi dude is retarded. He had ALL the time in the world to leave the country and lie low for a while and he didn't?,4,4_murderous_killed_assassin_death,"['murderous', 'killed', 'assassin', 'death', 'psychotic', 'guy', 'fuck', 'someone', 'rampage', 'prisoners']","['Elon family vibes? The only time he decided to start showing up with his kids was to use them as human shields after Luigi killed the health insurance CEO.', 'Luigi needed good parenting, a good figurative azz-whooping, and a JOB. \n\nInstead, he was coddled & funded in his dangerous misery by Liberal Microcosms of Society,\n\nwho are hell-bent on keeping vulnerable people poorly-informed & rage-fueled,\n\nbc that’s the only real way they,…', ""This is why we are a failing country. He avoids every possible reason for WHY people aren't upset that Luigi killed that guy. Instead he totes about 250 new citi bikes that will make life so much easier for people haha""]",murderous - killed - assassin - death - psychotic - guy - fuck - someone - rampage - prisoners,False,12/9/2024 21:39,12/9/2024 21:39
luigi is a wrecked regular.,3,3_danny_hell_guy_everyone,"['danny', 'hell', 'guy', 'everyone', 'strike', 'killed', 'fuck', 'actually', 'crazy', 'disaster']","['Everyone rn: I want Luigi to tear apart my holes and die from bleeding\n\nFav oomf: here are my favorite bakes of the year! ❤️ up next dark chocolate shortbread cookies 🍪🍫🍫👩\u200d🍳', '𝙏𝙝𝙚𝙮 𝙠𝙣𝙤𝙬 𝙬𝙝𝙖𝙩 𝙠𝙞𝙣𝙙 𝙤𝙛 𝙖 𝙥𝙚𝙧𝙨𝙤𝙣 𝙩𝙝𝙚𝙞𝙧 𝙘𝙝𝙞𝙡𝙙 𝙖𝙣𝙮𝙬𝙖𝙮 𝙗𝙚𝙛𝙤𝙧𝙚 𝙞𝙩 𝙝𝙖𝙥𝙥𝙚𝙣. \n\nIn the bible, it is better to discipline your child. \nI believe time will heal, but Luigi is unwell if you observe him very carefully', 'Tone, did ya hear the Luigi kid came out of hiding because he wanted a McFlurry.? You almost can’t blame the dumb little bastard, ya never know when those ice cream machine’s are workin, Skip. Ya gotta strike when the iron’s hot hehe']",danny - hell - guy - everyone - strike - killed - fuck - actually - crazy - disaster,False,12/9/2024 21:26,12/9/2024 21:26
"The assassin Luigi Mangione, 26, who murdered the UnitedHealthcare CEO 

Mangione is originally from Towson, Maryland, and is an anti-capitalist former Ivy League student who attended a $40,000-a-year Baltimore private school. ⬇️",1,1_killer_murderer_donald_assassin,"['killer', 'murderer', 'donald', 'assassin', 'killed', 'kill', 'healthcare', 'guilty', 'innocent', 'trump']","[""why and how is luigi mangione pleading not guilty? obviously he is allowed to do that, but it makes no sense. \n\nnot only do they have fingerprint evidence, but they found him with the weapon and the manifesto. the manifesto implies the crime is something he wants credit for. i'm…"", 'SICKNESS\': Trump goes off on those with an ""appetite"" for elite cold-blooded killer suspect, torching liberals\' viral support of Luigi Mangione and saying, ""I don\'t get it.""', ""why and how is luigi mangione pleading not guilty? not only do they have fingerprint evidence, but they found him with the weapon and the manifesto. the manifesto implies the crime is something he wants credit for. i'm very confused. \n\ni'd love for someone who knows more about…""]",killer - murderer - donald - assassin - killed - kill - healthcare - guilty - innocent - trump,False,12/9/2024 21:11,12/9/2024 21:11
"Luigi Mangione wrote that “violence is neccesary” on an Amazon review of unibomber Ted Kaczynski’s manifesto.

Follow:",1,1_killer_murderer_donald_assassin,"['killer', 'murderer', 'donald', 'assassin', 'killed', 'kill', 'healthcare', 'guilty', 'innocent', 'trump']","[""why and how is luigi mangione pleading not guilty? obviously he is allowed to do that, but it makes no sense. \n\nnot only do they have fingerprint evidence, but they found him with the weapon and the manifesto. the manifesto implies the crime is something he wants credit for. i'm…"", 'SICKNESS\': Trump goes off on those with an ""appetite"" for elite cold-blooded killer suspect, torching liberals\' viral support of Luigi Mangione and saying, ""I don\'t get it.""', ""why and how is luigi mangione pleading not guilty? not only do they have fingerprint evidence, but they found him with the weapon and the manifesto. the manifesto implies the crime is something he wants credit for. i'm very confused. \n\ni'd love for someone who knows more about…""]",killer - murderer - donald - assassin - killed - kill - healthcare - guilty - innocent - trump,False,12/9/2024 20:53,12/9/2024 20:53
Me to the people who arrested the UnitedHealthcare CEO assassin,9,9_crimes_arrested_killer_perpetrator,"['crimes', 'arrested', 'killer', 'perpetrator', 'vicious', 'baron', 'sin', 'hero', 'trending', 'police']","['Pennsylvania Governor Josh Shapiro goes off on people who are celebrating Luigi Mangione for allegedly murdering UnitedHealthcare CEO Brian Thompson.\n\n""In America, we do not kill people in cold blood to resolve policy differences or to express a viewpoint.""\n\nHe calls it…', 'Healthcare boss Brian Thompson’s killer may have fled New York, police say, via   \n\nUnless its blizzard snow. Im of the opinion people wearing hoodies covered up should be shot by default. As normally speaking their obviously up to no good.', 'Person who deleted/erased CEO of UnitedHealthCare is illegal immigrant came from Latin Spanish countries like Venezuela 🇻🇪 travel from Atlanta, Georgia to New York City and left state of New York in United States Of America. This is migrant crime related.\n\n~ Baron Tremayne Caple']",crimes - arrested - killer - perpetrator - vicious - baron - sin - hero - trending - police,False,12/9/2024 20:25,12/9/2024 20:25
An ivy league alumni being embroiled in the murder of UnitedHealthcare CEO is appalling.,9,9_crimes_arrested_killer_perpetrator,"['crimes', 'arrested', 'killer', 'perpetrator', 'vicious', 'baron', 'sin', 'hero', 'trending', 'police']","['Pennsylvania Governor Josh Shapiro goes off on people who are celebrating Luigi Mangione for allegedly murdering UnitedHealthcare CEO Brian Thompson.\n\n""In America, we do not kill people in cold blood to resolve policy differences or to express a viewpoint.""\n\nHe calls it…', 'Healthcare boss Brian Thompson’s killer may have fled New York, police say, via   \n\nUnless its blizzard snow. Im of the opinion people wearing hoodies covered up should be shot by default. As normally speaking their obviously up to no good.', 'Person who deleted/erased CEO of UnitedHealthCare is illegal immigrant came from Latin Spanish countries like Venezuela 🇻🇪 travel from Atlanta, Georgia to New York City and left state of New York in United States Of America. This is migrant crime related.\n\n~ Baron Tremayne Caple']",crimes - arrested - killer - perpetrator - vicious - baron - sin - hero - trending - police,False,12/9/2024 20:07,12/9/2024 20:07
"“Mangione also subscribed to anti-capitalist and climate-change causes.” 

When are we going to hold the media and left wing politicians accountable for creating these people.

Luigi Mangione ID'd as suspect in UnitedHealthcare CEO Brian Thompson killing",1,1_killer_murderer_donald_assassin,"['killer', 'murderer', 'donald', 'assassin', 'killed', 'kill', 'healthcare', 'guilty', 'innocent', 'trump']","[""why and how is luigi mangione pleading not guilty? obviously he is allowed to do that, but it makes no sense. \n\nnot only do they have fingerprint evidence, but they found him with the weapon and the manifesto. the manifesto implies the crime is something he wants credit for. i'm…"", 'SICKNESS\': Trump goes off on those with an ""appetite"" for elite cold-blooded killer suspect, torching liberals\' viral support of Luigi Mangione and saying, ""I don\'t get it.""', ""why and how is luigi mangione pleading not guilty? not only do they have fingerprint evidence, but they found him with the weapon and the manifesto. the manifesto implies the crime is something he wants credit for. i'm very confused. \n\ni'd love for someone who knows more about…""]",killer - murderer - donald - assassin - killed - kill - healthcare - guilty - innocent - trump,False,12/9/2024 20:04,12/9/2024 20:04
"Justice for $brian 

If not for anything think abt healthcare 

How tf re u guys buying the token of a killer 

Send $brian to at least half of $luigi mc",7,7_murderer_killer_killed_ceos,"['murderer', 'killer', 'killed', 'ceos', 'innocent', 'death', 'leftists', 'criminals', 'sentenced', 'riots']","['The defender of Luigi Machioni claims that her cliënt has no chance of getting a fair trial! But did Luigi Machioni that CEO Brian Thompson a fair chance? Absolutely not! Without any form of trial, without giving the CEO Thompson a chance to defend himself Luigi Machioni (see 2)', '🆘Shooter-No one will believe Luigi murdered, cowardly shot a man in the back because United didn’t care about his back ache.   a cocky ego like Obama & radicalized which led to careless actions for Obamacare issues for his mentor Obama-Luigi influencer', ""As cool as this picture is it also makes my blood boil. They don't even treat mass shooters like this. Dylann Roof got taken to fucking Burger King after killing 9 Black people, but Luigi pops one CEO and they act like he's the head of ISIS""]",murderer - killer - killed - ceos - innocent - death - leftists - criminals - sentenced - riots,False,12/9/2024 20:03,12/9/2024 20:03
Oh it's so over for this guy 💀,0,0_mangioni_nick_scumbag_killer,"['mangioni', 'nick', 'scumbag', 'killer', 'hero', 'said', 'guy', 'hes', 'insane', 'much']","['The case of Luigi Mangione is the perfect example of what drives left wing zealotry.\n\nHe was a normal, successful dude. Once he got a debilitating back injury, he became impotent in relation to society. He became angry, hate-filled & resentful. Needed to blame others. Leftist.', 'Idolizing Luigi Mangione is a sign of low IQ\n\nHe is a retard that supposedly shot a dude for being unable to have gay sex anymore due to his back condition.\n\nNot a hero, and accomplished nothing in the grand scheme of things. It changes nothing', '""who did nothing to him* is the most essential part here.\n\nThe protestors blocking a road effectively took a lot of people hostage, the old man simply liberated everyone (based and justified)\n\nLuigi Mangione shot a man in the back who was just walking there.\n(cringe and gay)']",mangioni - nick - scumbag - killer - hero - said - guy - hes - insane - much,False,12/9/2024 19:58,12/9/2024 19:58
Hearing credible reports Luigi Mangione was radicalized at Aella’s birthday gangbang,0,0_mangioni_nick_scumbag_killer,"['mangioni', 'nick', 'scumbag', 'killer', 'hero', 'said', 'guy', 'hes', 'insane', 'much']","['The case of Luigi Mangione is the perfect example of what drives left wing zealotry.\n\nHe was a normal, successful dude. Once he got a debilitating back injury, he became impotent in relation to society. He became angry, hate-filled & resentful. Needed to blame others. Leftist.', 'Idolizing Luigi Mangione is a sign of low IQ\n\nHe is a retard that supposedly shot a dude for being unable to have gay sex anymore due to his back condition.\n\nNot a hero, and accomplished nothing in the grand scheme of things. It changes nothing', '""who did nothing to him* is the most essential part here.\n\nThe protestors blocking a road effectively took a lot of people hostage, the old man simply liberated everyone (based and justified)\n\nLuigi Mangione shot a man in the back who was just walking there.\n(cringe and gay)']",mangioni - nick - scumbag - killer - hero - said - guy - hes - insane - much,False,12/9/2024 19:56,12/9/2024 19:56
"Luigi needed good parenting, a good figurative azz-whooping, and a JOB. 

Instead, he was coddled & funded in his dangerous misery by Liberal Microcosms of Society,

who are hell-bent on keeping vulnerable people poorly-informed & rage-fueled,

bc that’s the only real way they,…",4,4_murderous_killed_assassin_death,"['murderous', 'killed', 'assassin', 'death', 'psychotic', 'guy', 'fuck', 'someone', 'rampage', 'prisoners']","['Elon family vibes? The only time he decided to start showing up with his kids was to use them as human shields after Luigi killed the health insurance CEO.', 'Luigi needed good parenting, a good figurative azz-whooping, and a JOB. \n\nInstead, he was coddled & funded in his dangerous misery by Liberal Microcosms of Society,\n\nwho are hell-bent on keeping vulnerable people poorly-informed & rage-fueled,\n\nbc that’s the only real way they,…', ""This is why we are a failing country. He avoids every possible reason for WHY people aren't upset that Luigi killed that guy. Instead he totes about 250 new citi bikes that will make life so much easier for people haha""]",murderous - killed - assassin - death - psychotic - guy - fuck - someone - rampage - prisoners,True,12/9/2024 19:37,12/9/2024 19:37
Luigi is just another toxic Bernie Bro turned Hubermanitarian eco fascist luddite accelerationist roided out gym rat supplement pilled chaser Trotskyite w washboard abs who refuses to elevate marginalized voices and probably hasn’t even seen Wicked,4,4_murderous_killed_assassin_death,"['murderous', 'killed', 'assassin', 'death', 'psychotic', 'guy', 'fuck', 'someone', 'rampage', 'prisoners']","['Elon family vibes? The only time he decided to start showing up with his kids was to use them as human shields after Luigi killed the health insurance CEO.', 'Luigi needed good parenting, a good figurative azz-whooping, and a JOB. \n\nInstead, he was coddled & funded in his dangerous misery by Liberal Microcosms of Society,\n\nwho are hell-bent on keeping vulnerable people poorly-informed & rage-fueled,\n\nbc that’s the only real way they,…', ""This is why we are a failing country. He avoids every possible reason for WHY people aren't upset that Luigi killed that guy. Instead he totes about 250 new citi bikes that will make life so much easier for people haha""]",murderous - killed - assassin - death - psychotic - guy - fuck - someone - rampage - prisoners,False,12/9/2024 19:35,12/9/2024 19:35
Mangione in Italian is someone who eats a lot and he did just that. He ate that so bad,5,5_murderous_bombed_terrorists_brendan,"['murderous', 'bombed', 'terrorists', 'brendan', 'detectives', 'wounds', 'prison', 'jesus', 'hunt', 'fully']","[""No proof Mangione did it, plenty of proof he's a rich Nazi\n\nNo proof the GFM raised supposedly in his name went to him, but his lawyer has repeatedly turned down funding offers. So $100k+ has gone to a very likely scam & almost none to ppl in real need bc y'all want heroes so bad"", 'Kyle tried to hunt humans.\n\nKyle got caught trying to hunt humans. \n\nKyle killed humans who realized they were being hunted and tried to defend themselves. \n\nKyle is a murderous sack of shit. \nMangione is a murderous sack of shit.', 'JESUS , I THOUGHT THIS LOUIGI BENADUCI CORLEONE....MANGIONE GUAVACELLI KID WAS SMART...THE ONLY GUYS HE DIDNT GIVE A PHOTO OPP TO WAS  KEEPIN THE GUNW THE SILENCER ..ITS 20 ALONE FOR THE SUPPRESOR THEN COMPLAININ BOUT A BAD BACK...I GOT A BAD BACK KID BAD .']",murderous - bombed - terrorists - brendan - detectives - wounds - prison - jesus - hunt - fully,False,12/9/2024 19:26,12/9/2024 19:26
"Luigi got caught WITH the gun. Idiot.

No wonder Mario hates him.",2,2_matter_acted_cause_gun,"['matter', 'acted', 'cause', 'gun', 'murderer', 'guy', 'proven', 'elliot', 'else', 'brother']","[""Luigi (allegedly) committed murder in broad daylight, while it's been proven in a court of law that Kyle acted in self-defense. You're either willfully ignorant of that fact, or just incredibly fucking stupid."", 'So luigi travel across many states line is okay?\n\nKyle travel 15 minutes drive to neighborhood he grew up to defend it from looters\nHe shots in self defense to 3 rioters who chase after him trying to harm him.\n\nLuigi travel thousands of miles\nTo kill a guy\n\nDEM❤️criminals', ""that I don't take sides? I never have and I never will\n\nwhat luigi did was not self defense if it was then it would have been justified as the other self defense thing was""]",matter - acted - cause - gun - murderer - guy - proven - elliot - else - brother,False,12/9/2024 19:23,12/9/2024 19:23
"Just explaining the consequences. You do fully understand that beginning next year, people like Mangione will simply be dispatched by the incoming government. There will be zero tolerance. You do understand that, yes?",5,5_murderous_bombed_terrorists_brendan,"['murderous', 'bombed', 'terrorists', 'brendan', 'detectives', 'wounds', 'prison', 'jesus', 'hunt', 'fully']","[""No proof Mangione did it, plenty of proof he's a rich Nazi\n\nNo proof the GFM raised supposedly in his name went to him, but his lawyer has repeatedly turned down funding offers. So $100k+ has gone to a very likely scam & almost none to ppl in real need bc y'all want heroes so bad"", 'Kyle tried to hunt humans.\n\nKyle got caught trying to hunt humans. \n\nKyle killed humans who realized they were being hunted and tried to defend themselves. \n\nKyle is a murderous sack of shit. \nMangione is a murderous sack of shit.', 'JESUS , I THOUGHT THIS LOUIGI BENADUCI CORLEONE....MANGIONE GUAVACELLI KID WAS SMART...THE ONLY GUYS HE DIDNT GIVE A PHOTO OPP TO WAS  KEEPIN THE GUNW THE SILENCER ..ITS 20 ALONE FOR THE SUPPRESOR THEN COMPLAININ BOUT A BAD BACK...I GOT A BAD BACK KID BAD .']",murderous - bombed - terrorists - brendan - detectives - wounds - prison - jesus - hunt - fully,False,12/9/2024 19:17,12/9/2024 19:17
"Now we're going to find out that Luigi isn't actually a skilled hitman, he's just Italian.",3,3_danny_hell_guy_everyone,"['danny', 'hell', 'guy', 'everyone', 'strike', 'killed', 'fuck', 'actually', 'crazy', 'disaster']","['Everyone rn: I want Luigi to tear apart my holes and die from bleeding\n\nFav oomf: here are my favorite bakes of the year! ❤️ up next dark chocolate shortbread cookies 🍪🍫🍫👩\u200d🍳', '𝙏𝙝𝙚𝙮 𝙠𝙣𝙤𝙬 𝙬𝙝𝙖𝙩 𝙠𝙞𝙣𝙙 𝙤𝙛 𝙖 𝙥𝙚𝙧𝙨𝙤𝙣 𝙩𝙝𝙚𝙞𝙧 𝙘𝙝𝙞𝙡𝙙 𝙖𝙣𝙮𝙬𝙖𝙮 𝙗𝙚𝙛𝙤𝙧𝙚 𝙞𝙩 𝙝𝙖𝙥𝙥𝙚𝙣. \n\nIn the bible, it is better to discipline your child. \nI believe time will heal, but Luigi is unwell if you observe him very carefully', 'Tone, did ya hear the Luigi kid came out of hiding because he wanted a McFlurry.? You almost can’t blame the dumb little bastard, ya never know when those ice cream machine’s are workin, Skip. Ya gotta strike when the iron’s hot hehe']",danny - hell - guy - everyone - strike - killed - fuck - actually - crazy - disaster,False,12/9/2024 19:08,12/9/2024 19:08
It was always Luigi,3,3_danny_hell_guy_everyone,"['danny', 'hell', 'guy', 'everyone', 'strike', 'killed', 'fuck', 'actually', 'crazy', 'disaster']","['Everyone rn: I want Luigi to tear apart my holes and die from bleeding\n\nFav oomf: here are my favorite bakes of the year! ❤️ up next dark chocolate shortbread cookies 🍪🍫🍫👩\u200d🍳', '𝙏𝙝𝙚𝙮 𝙠𝙣𝙤𝙬 𝙬𝙝𝙖𝙩 𝙠𝙞𝙣𝙙 𝙤𝙛 𝙖 𝙥𝙚𝙧𝙨𝙤𝙣 𝙩𝙝𝙚𝙞𝙧 𝙘𝙝𝙞𝙡𝙙 𝙖𝙣𝙮𝙬𝙖𝙮 𝙗𝙚𝙛𝙤𝙧𝙚 𝙞𝙩 𝙝𝙖𝙥𝙥𝙚𝙣. \n\nIn the bible, it is better to discipline your child. \nI believe time will heal, but Luigi is unwell if you observe him very carefully', 'Tone, did ya hear the Luigi kid came out of hiding because he wanted a McFlurry.? You almost can’t blame the dumb little bastard, ya never know when those ice cream machine’s are workin, Skip. Ya gotta strike when the iron’s hot hehe']",danny - hell - guy - everyone - strike - killed - fuck - actually - crazy - disaster,False,12/9/2024 18:18,12/9/2024 18:18
Brian Thompson is in hell with me,6,6_healthcare_insurance_killer_murdering,"['healthcare', 'insurance', 'killer', 'murdering', 'taxpayer', 'whose', 'bankrupt', 'justice', 'experts', 'companies']","['🚨NEW PODCAST EPISODE OUT NOW🚨\n\n discuss the extraordinary response to the murder of US health insurance boss Brian Thompson. \n\nHow can anyone celebrate his cold-blooded killing? The Matts test their theory that everything before “but” is bullsh*t', ""I understand the anger at insurance companies. But I'm appalled by the glorification in some quarters of the murder of Brian Thompson. Yes, he was an insurance executive, but he was also a dad and certainly didn't deserve to be executed and have people jeer at his family's loss."", 'Won’t delete this.\n\nBrian Thompson, UHC CEO, was a winner. Everyone has a death. His family will live in wealth centuries after his.\n\nCan’t say the same of socialist vermin who lose their healthcare 😢.\n\nThey’re losers whose deaths will cleanse the earth of their filthy presence.']",healthcare - insurance - killer - murdering - taxpayer - whose - bankrupt - justice - experts - companies,False,12/9/2024 17:40,12/9/2024 17:40
For my non-American friends who might be disturbed how this violent act united a bitterly divided country: A Man Was Murdered in Cold Blood and You’re Laughing?,8,8_deserved_fucked_innocent_must,"['deserved', 'fucked', 'innocent', 'must', 'murderer', 'shame', 'evil', 'feared', 'offences', 'murdering']","[""Earth to the undocumented: American citizens love raping (shout out to Donny), shooting their own (refer to Luigi Magione) for that reason you will not be deported. #USA has a poor record stopping domestic terror. Heck, blonde Christian Charles Whitman massacred students in '66."", 'Yeah, you sound like Stalin. And Castro, and Mao. What you are, is a communist. It’s a shame New York doesn’t have the death penalty. Too bad Luigi didn’t do it here in Florida because we would give him the needle 💉 ☠️.', ""Barack Obama's violent activist.\nReal Motive-Obamacare feared\nUnitedHealth taking Obamacare business. Best let Luigi tell citizens that UHealth is bad. Get nation in uproar. Luigi orders from Obama “ Fix it-Luigi then jihad.” 14 yrold girl in WI radicalized to Jihad""]",deserved - fucked - innocent - must - murderer - shame - evil - feared - offences - murdering,False,12/9/2024 15:03,12/9/2024 15:03
"Everyone must be held responsible to his actions.
To dog,- DOG'S DEATH.",8,8_deserved_fucked_innocent_must,"['deserved', 'fucked', 'innocent', 'must', 'murderer', 'shame', 'evil', 'feared', 'offences', 'murdering']","[""Earth to the undocumented: American citizens love raping (shout out to Donny), shooting their own (refer to Luigi Magione) for that reason you will not be deported. #USA has a poor record stopping domestic terror. Heck, blonde Christian Charles Whitman massacred students in '66."", 'Yeah, you sound like Stalin. And Castro, and Mao. What you are, is a communist. It’s a shame New York doesn’t have the death penalty. Too bad Luigi didn’t do it here in Florida because we would give him the needle 💉 ☠️.', ""Barack Obama's violent activist.\nReal Motive-Obamacare feared\nUnitedHealth taking Obamacare business. Best let Luigi tell citizens that UHealth is bad. Get nation in uproar. Luigi orders from Obama “ Fix it-Luigi then jihad.” 14 yrold girl in WI radicalized to Jihad""]",deserved - fucked - innocent - must - murderer - shame - evil - feared - offences - murdering,False,12/9/2024 14:19,12/9/2024 14:19
i'm not finding luigi fuck that bitch,3,3_danny_hell_guy_everyone,"['danny', 'hell', 'guy', 'everyone', 'strike', 'killed', 'fuck', 'actually', 'crazy', 'disaster']","['Everyone rn: I want Luigi to tear apart my holes and die from bleeding\n\nFav oomf: here are my favorite bakes of the year! ❤️ up next dark chocolate shortbread cookies 🍪🍫🍫👩\u200d🍳', '𝙏𝙝𝙚𝙮 𝙠𝙣𝙤𝙬 𝙬𝙝𝙖𝙩 𝙠𝙞𝙣𝙙 𝙤𝙛 𝙖 𝙥𝙚𝙧𝙨𝙤𝙣 𝙩𝙝𝙚𝙞𝙧 𝙘𝙝𝙞𝙡𝙙 𝙖𝙣𝙮𝙬𝙖𝙮 𝙗𝙚𝙛𝙤𝙧𝙚 𝙞𝙩 𝙝𝙖𝙥𝙥𝙚𝙣. \n\nIn the bible, it is better to discipline your child. \nI believe time will heal, but Luigi is unwell if you observe him very carefully', 'Tone, did ya hear the Luigi kid came out of hiding because he wanted a McFlurry.? You almost can’t blame the dumb little bastard, ya never know when those ice cream machine’s are workin, Skip. Ya gotta strike when the iron’s hot hehe']",danny - hell - guy - everyone - strike - killed - fuck - actually - crazy - disaster,False,12/9/2024 3:52,12/9/2024 3:52
"Screw Luigi, who is this",3,3_danny_hell_guy_everyone,"['danny', 'hell', 'guy', 'everyone', 'strike', 'killed', 'fuck', 'actually', 'crazy', 'disaster']","['Everyone rn: I want Luigi to tear apart my holes and die from bleeding\n\nFav oomf: here are my favorite bakes of the year! ❤️ up next dark chocolate shortbread cookies 🍪🍫🍫👩\u200d🍳', '𝙏𝙝𝙚𝙮 𝙠𝙣𝙤𝙬 𝙬𝙝𝙖𝙩 𝙠𝙞𝙣𝙙 𝙤𝙛 𝙖 𝙥𝙚𝙧𝙨𝙤𝙣 𝙩𝙝𝙚𝙞𝙧 𝙘𝙝𝙞𝙡𝙙 𝙖𝙣𝙮𝙬𝙖𝙮 𝙗𝙚𝙛𝙤𝙧𝙚 𝙞𝙩 𝙝𝙖𝙥𝙥𝙚𝙣. \n\nIn the bible, it is better to discipline your child. \nI believe time will heal, but Luigi is unwell if you observe him very carefully', 'Tone, did ya hear the Luigi kid came out of hiding because he wanted a McFlurry.? You almost can’t blame the dumb little bastard, ya never know when those ice cream machine’s are workin, Skip. Ya gotta strike when the iron’s hot hehe']",danny - hell - guy - everyone - strike - killed - fuck - actually - crazy - disaster,False,12/9/2024 1:25,12/9/2024 1:25
WE DIE LIKE BRIAN THOMPSON.,6,6_healthcare_insurance_killer_murdering,"['healthcare', 'insurance', 'killer', 'murdering', 'taxpayer', 'whose', 'bankrupt', 'justice', 'experts', 'companies']","['🚨NEW PODCAST EPISODE OUT NOW🚨\n\n discuss the extraordinary response to the murder of US health insurance boss Brian Thompson. \n\nHow can anyone celebrate his cold-blooded killing? The Matts test their theory that everything before “but” is bullsh*t', ""I understand the anger at insurance companies. But I'm appalled by the glorification in some quarters of the murder of Brian Thompson. Yes, he was an insurance executive, but he was also a dad and certainly didn't deserve to be executed and have people jeer at his family's loss."", 'Won’t delete this.\n\nBrian Thompson, UHC CEO, was a winner. Everyone has a death. His family will live in wealth centuries after his.\n\nCan’t say the same of socialist vermin who lose their healthcare 😢.\n\nThey’re losers whose deaths will cleanse the earth of their filthy presence.']",healthcare - insurance - killer - murdering - taxpayer - whose - bankrupt - justice - experts - companies,False,12/8/2024 7:54,12/8/2024 7:54
it is crazy that there are people who want to use  for a man who is suspected of committing a cold blooded murder or is that an execution,8,8_deserved_fucked_innocent_must,"['deserved', 'fucked', 'innocent', 'must', 'murderer', 'shame', 'evil', 'feared', 'offences', 'murdering']","[""Earth to the undocumented: American citizens love raping (shout out to Donny), shooting their own (refer to Luigi Magione) for that reason you will not be deported. #USA has a poor record stopping domestic terror. Heck, blonde Christian Charles Whitman massacred students in '66."", 'Yeah, you sound like Stalin. And Castro, and Mao. What you are, is a communist. It’s a shame New York doesn’t have the death penalty. Too bad Luigi didn’t do it here in Florida because we would give him the needle 💉 ☠️.', ""Barack Obama's violent activist.\nReal Motive-Obamacare feared\nUnitedHealth taking Obamacare business. Best let Luigi tell citizens that UHealth is bad. Get nation in uproar. Luigi orders from Obama “ Fix it-Luigi then jihad.” 14 yrold girl in WI radicalized to Jihad""]",deserved - fucked - innocent - must - murderer - shame - evil - feared - offences - murdering,False,12/8/2024 6:57,12/8/2024 6:57
"Healthcare boss Brian Thompson’s killer may have fled New York, police say, via   

Unless its blizzard snow. Im of the opinion people wearing hoodies covered up should be shot by default. As normally speaking their obviously up to no good.",9,9_crimes_arrested_killer_perpetrator,"['crimes', 'arrested', 'killer', 'perpetrator', 'vicious', 'baron', 'sin', 'hero', 'trending', 'police']","['Pennsylvania Governor Josh Shapiro goes off on people who are celebrating Luigi Mangione for allegedly murdering UnitedHealthcare CEO Brian Thompson.\n\n""In America, we do not kill people in cold blood to resolve policy differences or to express a viewpoint.""\n\nHe calls it…', 'Healthcare boss Brian Thompson’s killer may have fled New York, police say, via   \n\nUnless its blizzard snow. Im of the opinion people wearing hoodies covered up should be shot by default. As normally speaking their obviously up to no good.', 'Person who deleted/erased CEO of UnitedHealthCare is illegal immigrant came from Latin Spanish countries like Venezuela 🇻🇪 travel from Atlanta, Georgia to New York City and left state of New York in United States Of America. This is migrant crime related.\n\n~ Baron Tremayne Caple']",crimes - arrested - killer - perpetrator - vicious - baron - sin - hero - trending - police,True,12/8/2024 1:13,12/8/2024 1:13
"If CNNNN said it, it must be true. This is the same guy arrested in Osaka now confirmed to be UnitedHealthcare CEO as*as sin, Gainzy.

Straight to jail. 😎",9,9_crimes_arrested_killer_perpetrator,"['crimes', 'arrested', 'killer', 'perpetrator', 'vicious', 'baron', 'sin', 'hero', 'trending', 'police']","['Pennsylvania Governor Josh Shapiro goes off on people who are celebrating Luigi Mangione for allegedly murdering UnitedHealthcare CEO Brian Thompson.\n\n""In America, we do not kill people in cold blood to resolve policy differences or to express a viewpoint.""\n\nHe calls it…', 'Healthcare boss Brian Thompson’s killer may have fled New York, police say, via   \n\nUnless its blizzard snow. Im of the opinion people wearing hoodies covered up should be shot by default. As normally speaking their obviously up to no good.', 'Person who deleted/erased CEO of UnitedHealthCare is illegal immigrant came from Latin Spanish countries like Venezuela 🇻🇪 travel from Atlanta, Georgia to New York City and left state of New York in United States Of America. This is migrant crime related.\n\n~ Baron Tremayne Caple']",crimes - arrested - killer - perpetrator - vicious - baron - sin - hero - trending - police,False,12/8/2024 0:39,12/8/2024 0:39
"Brian Thompson 🕯️Killer
Escape from New York, 
you say?",6,6_healthcare_insurance_killer_murdering,"['healthcare', 'insurance', 'killer', 'murdering', 'taxpayer', 'whose', 'bankrupt', 'justice', 'experts', 'companies']","['🚨NEW PODCAST EPISODE OUT NOW🚨\n\n discuss the extraordinary response to the murder of US health insurance boss Brian Thompson. \n\nHow can anyone celebrate his cold-blooded killing? The Matts test their theory that everything before “but” is bullsh*t', ""I understand the anger at insurance companies. But I'm appalled by the glorification in some quarters of the murder of Brian Thompson. Yes, he was an insurance executive, but he was also a dad and certainly didn't deserve to be executed and have people jeer at his family's loss."", 'Won’t delete this.\n\nBrian Thompson, UHC CEO, was a winner. Everyone has a death. His family will live in wealth centuries after his.\n\nCan’t say the same of socialist vermin who lose their healthcare 😢.\n\nThey’re losers whose deaths will cleanse the earth of their filthy presence.']",healthcare - insurance - killer - murdering - taxpayer - whose - bankrupt - justice - experts - companies,False,12/8/2024 0:31,12/8/2024 0:31
"Incorrect.

The family deserve the same fate as Brian Thompson himself.",6,6_healthcare_insurance_killer_murdering,"['healthcare', 'insurance', 'killer', 'murdering', 'taxpayer', 'whose', 'bankrupt', 'justice', 'experts', 'companies']","['🚨NEW PODCAST EPISODE OUT NOW🚨\n\n discuss the extraordinary response to the murder of US health insurance boss Brian Thompson. \n\nHow can anyone celebrate his cold-blooded killing? The Matts test their theory that everything before “but” is bullsh*t', ""I understand the anger at insurance companies. But I'm appalled by the glorification in some quarters of the murder of Brian Thompson. Yes, he was an insurance executive, but he was also a dad and certainly didn't deserve to be executed and have people jeer at his family's loss."", 'Won’t delete this.\n\nBrian Thompson, UHC CEO, was a winner. Everyone has a death. His family will live in wealth centuries after his.\n\nCan’t say the same of socialist vermin who lose their healthcare 😢.\n\nThey’re losers whose deaths will cleanse the earth of their filthy presence.']",healthcare - insurance - killer - murdering - taxpayer - whose - bankrupt - justice - experts - companies,False,12/7/2024 12:03,12/7/2024 12:03
I'm saddened by all the leftists on here supporting the murder of CEO Brian Thompson. Murder is wrong.,6,6_healthcare_insurance_killer_murdering,"['healthcare', 'insurance', 'killer', 'murdering', 'taxpayer', 'whose', 'bankrupt', 'justice', 'experts', 'companies']","['🚨NEW PODCAST EPISODE OUT NOW🚨\n\n discuss the extraordinary response to the murder of US health insurance boss Brian Thompson. \n\nHow can anyone celebrate his cold-blooded killing? The Matts test their theory that everything before “but” is bullsh*t', ""I understand the anger at insurance companies. But I'm appalled by the glorification in some quarters of the murder of Brian Thompson. Yes, he was an insurance executive, but he was also a dad and certainly didn't deserve to be executed and have people jeer at his family's loss."", 'Won’t delete this.\n\nBrian Thompson, UHC CEO, was a winner. Everyone has a death. His family will live in wealth centuries after his.\n\nCan’t say the same of socialist vermin who lose their healthcare 😢.\n\nThey’re losers whose deaths will cleanse the earth of their filthy presence.']",healthcare - insurance - killer - murdering - taxpayer - whose - bankrupt - justice - experts - companies,False,12/7/2024 6:46,12/7/2024 6:46
"Person who deleted/erased CEO of UnitedHealthCare is illegal immigrant came from Latin Spanish countries like Venezuela 🇻🇪 travel from Atlanta, Georgia to New York City and left state of New York in United States Of America. This is migrant crime related.

~ Baron Tremayne Caple",9,9_crimes_arrested_killer_perpetrator,"['crimes', 'arrested', 'killer', 'perpetrator', 'vicious', 'baron', 'sin', 'hero', 'trending', 'police']","['Pennsylvania Governor Josh Shapiro goes off on people who are celebrating Luigi Mangione for allegedly murdering UnitedHealthcare CEO Brian Thompson.\n\n""In America, we do not kill people in cold blood to resolve policy differences or to express a viewpoint.""\n\nHe calls it…', 'Healthcare boss Brian Thompson’s killer may have fled New York, police say, via   \n\nUnless its blizzard snow. Im of the opinion people wearing hoodies covered up should be shot by default. As normally speaking their obviously up to no good.', 'Person who deleted/erased CEO of UnitedHealthCare is illegal immigrant came from Latin Spanish countries like Venezuela 🇻🇪 travel from Atlanta, Georgia to New York City and left state of New York in United States Of America. This is migrant crime related.\n\n~ Baron Tremayne Caple']",crimes - arrested - killer - perpetrator - vicious - baron - sin - hero - trending - police,True,12/6/2024 22:50,12/6/2024 22:50
"""CEO Brian Thompson kept a low profile"" 

Of course he got a low profile nigga is 6 feet under",6,6_healthcare_insurance_killer_murdering,"['healthcare', 'insurance', 'killer', 'murdering', 'taxpayer', 'whose', 'bankrupt', 'justice', 'experts', 'companies']","['🚨NEW PODCAST EPISODE OUT NOW🚨\n\n discuss the extraordinary response to the murder of US health insurance boss Brian Thompson. \n\nHow can anyone celebrate his cold-blooded killing? The Matts test their theory that everything before “but” is bullsh*t', ""I understand the anger at insurance companies. But I'm appalled by the glorification in some quarters of the murder of Brian Thompson. Yes, he was an insurance executive, but he was also a dad and certainly didn't deserve to be executed and have people jeer at his family's loss."", 'Won’t delete this.\n\nBrian Thompson, UHC CEO, was a winner. Everyone has a death. His family will live in wealth centuries after his.\n\nCan’t say the same of socialist vermin who lose their healthcare 😢.\n\nThey’re losers whose deaths will cleanse the earth of their filthy presence.']",healthcare - insurance - killer - murdering - taxpayer - whose - bankrupt - justice - experts - companies,False,12/6/2024 16:51,12/6/2024 16:51
I believe I've identified the UnitedHealthcare suspect; please report and arrest him,9,9_crimes_arrested_killer_perpetrator,"['crimes', 'arrested', 'killer', 'perpetrator', 'vicious', 'baron', 'sin', 'hero', 'trending', 'police']","['Pennsylvania Governor Josh Shapiro goes off on people who are celebrating Luigi Mangione for allegedly murdering UnitedHealthcare CEO Brian Thompson.\n\n""In America, we do not kill people in cold blood to resolve policy differences or to express a viewpoint.""\n\nHe calls it…', 'Healthcare boss Brian Thompson’s killer may have fled New York, police say, via   \n\nUnless its blizzard snow. Im of the opinion people wearing hoodies covered up should be shot by default. As normally speaking their obviously up to no good.', 'Person who deleted/erased CEO of UnitedHealthCare is illegal immigrant came from Latin Spanish countries like Venezuela 🇻🇪 travel from Atlanta, Georgia to New York City and left state of New York in United States Of America. This is migrant crime related.\n\n~ Baron Tremayne Caple']",crimes - arrested - killer - perpetrator - vicious - baron - sin - hero - trending - police,False,12/6/2024 14:38,12/6/2024 14:38
"There's 100% chance that not a single thing is going to change because your buddy murdered the CEO of UnitedHealthcare.

You're pond scum.

You're not noble.",9,9_crimes_arrested_killer_perpetrator,"['crimes', 'arrested', 'killer', 'perpetrator', 'vicious', 'baron', 'sin', 'hero', 'trending', 'police']","['Pennsylvania Governor Josh Shapiro goes off on people who are celebrating Luigi Mangione for allegedly murdering UnitedHealthcare CEO Brian Thompson.\n\n""In America, we do not kill people in cold blood to resolve policy differences or to express a viewpoint.""\n\nHe calls it…', 'Healthcare boss Brian Thompson’s killer may have fled New York, police say, via   \n\nUnless its blizzard snow. Im of the opinion people wearing hoodies covered up should be shot by default. As normally speaking their obviously up to no good.', 'Person who deleted/erased CEO of UnitedHealthCare is illegal immigrant came from Latin Spanish countries like Venezuela 🇻🇪 travel from Atlanta, Georgia to New York City and left state of New York in United States Of America. This is migrant crime related.\n\n~ Baron Tremayne Caple']",crimes - arrested - killer - perpetrator - vicious - baron - sin - hero - trending - police,False,12/6/2024 14:09,12/6/2024 14:09
"I understand the anger at insurance companies. But I'm appalled by the glorification in some quarters of the murder of Brian Thompson. Yes, he was an insurance executive, but he was also a dad and certainly didn't deserve to be executed and have people jeer at his family's loss.",6,6_healthcare_insurance_killer_murdering,"['healthcare', 'insurance', 'killer', 'murdering', 'taxpayer', 'whose', 'bankrupt', 'justice', 'experts', 'companies']","['🚨NEW PODCAST EPISODE OUT NOW🚨\n\n discuss the extraordinary response to the murder of US health insurance boss Brian Thompson. \n\nHow can anyone celebrate his cold-blooded killing? The Matts test their theory that everything before “but” is bullsh*t', ""I understand the anger at insurance companies. But I'm appalled by the glorification in some quarters of the murder of Brian Thompson. Yes, he was an insurance executive, but he was also a dad and certainly didn't deserve to be executed and have people jeer at his family's loss."", 'Won’t delete this.\n\nBrian Thompson, UHC CEO, was a winner. Everyone has a death. His family will live in wealth centuries after his.\n\nCan’t say the same of socialist vermin who lose their healthcare 😢.\n\nThey’re losers whose deaths will cleanse the earth of their filthy presence.']",healthcare - insurance - killer - murdering - taxpayer - whose - bankrupt - justice - experts - companies,True,12/6/2024 12:57,12/6/2024 12:57
Not even a mini mushroom could save you Luigi,3,3_danny_hell_guy_everyone,"['danny', 'hell', 'guy', 'everyone', 'strike', 'killed', 'fuck', 'actually', 'crazy', 'disaster']","['Everyone rn: I want Luigi to tear apart my holes and die from bleeding\n\nFav oomf: here are my favorite bakes of the year! ❤️ up next dark chocolate shortbread cookies 🍪🍫🍫👩\u200d🍳', '𝙏𝙝𝙚𝙮 𝙠𝙣𝙤𝙬 𝙬𝙝𝙖𝙩 𝙠𝙞𝙣𝙙 𝙤𝙛 𝙖 𝙥𝙚𝙧𝙨𝙤𝙣 𝙩𝙝𝙚𝙞𝙧 𝙘𝙝𝙞𝙡𝙙 𝙖𝙣𝙮𝙬𝙖𝙮 𝙗𝙚𝙛𝙤𝙧𝙚 𝙞𝙩 𝙝𝙖𝙥𝙥𝙚𝙣. \n\nIn the bible, it is better to discipline your child. \nI believe time will heal, but Luigi is unwell if you observe him very carefully', 'Tone, did ya hear the Luigi kid came out of hiding because he wanted a McFlurry.? You almost can’t blame the dumb little bastard, ya never know when those ice cream machine’s are workin, Skip. Ya gotta strike when the iron’s hot hehe']",danny - hell - guy - everyone - strike - killed - fuck - actually - crazy - disaster,False,12/5/2024 23:09,12/5/2024 23:09
He should get death penalty and no 6 pure evil. What that person did,8,8_deserved_fucked_innocent_must,"['deserved', 'fucked', 'innocent', 'must', 'murderer', 'shame', 'evil', 'feared', 'offences', 'murdering']","[""Earth to the undocumented: American citizens love raping (shout out to Donny), shooting their own (refer to Luigi Magione) for that reason you will not be deported. #USA has a poor record stopping domestic terror. Heck, blonde Christian Charles Whitman massacred students in '66."", 'Yeah, you sound like Stalin. And Castro, and Mao. What you are, is a communist. It’s a shame New York doesn’t have the death penalty. Too bad Luigi didn’t do it here in Florida because we would give him the needle 💉 ☠️.', ""Barack Obama's violent activist.\nReal Motive-Obamacare feared\nUnitedHealth taking Obamacare business. Best let Luigi tell citizens that UHealth is bad. Get nation in uproar. Luigi orders from Obama “ Fix it-Luigi then jihad.” 14 yrold girl in WI radicalized to Jihad""]",deserved - fucked - innocent - must - murderer - shame - evil - feared - offences - murdering,False,12/5/2024 19:23,12/5/2024 19:23
I'm just shocked that Western leftists who think this guy can be the left's Joe Rogan are celebrating the random murder of UnitedHealthCare CEO in the streets.,9,9_crimes_arrested_killer_perpetrator,"['crimes', 'arrested', 'killer', 'perpetrator', 'vicious', 'baron', 'sin', 'hero', 'trending', 'police']","['Pennsylvania Governor Josh Shapiro goes off on people who are celebrating Luigi Mangione for allegedly murdering UnitedHealthcare CEO Brian Thompson.\n\n""In America, we do not kill people in cold blood to resolve policy differences or to express a viewpoint.""\n\nHe calls it…', 'Healthcare boss Brian Thompson’s killer may have fled New York, police say, via   \n\nUnless its blizzard snow. Im of the opinion people wearing hoodies covered up should be shot by default. As normally speaking their obviously up to no good.', 'Person who deleted/erased CEO of UnitedHealthCare is illegal immigrant came from Latin Spanish countries like Venezuela 🇻🇪 travel from Atlanta, Georgia to New York City and left state of New York in United States Of America. This is migrant crime related.\n\n~ Baron Tremayne Caple']",crimes - arrested - killer - perpetrator - vicious - baron - sin - hero - trending - police,False,12/5/2024 12:52,12/5/2024 12:52
"When you see these types of posts, you just wonder how as a society we have come to this point.

Taylor Lorenz celebrates the murder of Brian Thompson, CEO of United Healthcare.",6,6_healthcare_insurance_killer_murdering,"['healthcare', 'insurance', 'killer', 'murdering', 'taxpayer', 'whose', 'bankrupt', 'justice', 'experts', 'companies']","['🚨NEW PODCAST EPISODE OUT NOW🚨\n\n discuss the extraordinary response to the murder of US health insurance boss Brian Thompson. \n\nHow can anyone celebrate his cold-blooded killing? The Matts test their theory that everything before “but” is bullsh*t', ""I understand the anger at insurance companies. But I'm appalled by the glorification in some quarters of the murder of Brian Thompson. Yes, he was an insurance executive, but he was also a dad and certainly didn't deserve to be executed and have people jeer at his family's loss."", 'Won’t delete this.\n\nBrian Thompson, UHC CEO, was a winner. Everyone has a death. His family will live in wealth centuries after his.\n\nCan’t say the same of socialist vermin who lose their healthcare 😢.\n\nThey’re losers whose deaths will cleanse the earth of their filthy presence.']",healthcare - insurance - killer - murdering - taxpayer - whose - bankrupt - justice - experts - companies,False,12/5/2024 10:50,12/5/2024 10:50
Sickening footage shows moment assassin shoots dead health insurance boss outside NYC hotel  via  As usual the Antifa gear and a killing. Why are people allowed to dress. After the government enabled BLM burning down of the country .,8,8_deserved_fucked_innocent_must,"['deserved', 'fucked', 'innocent', 'must', 'murderer', 'shame', 'evil', 'feared', 'offences', 'murdering']","[""Earth to the undocumented: American citizens love raping (shout out to Donny), shooting their own (refer to Luigi Magione) for that reason you will not be deported. #USA has a poor record stopping domestic terror. Heck, blonde Christian Charles Whitman massacred students in '66."", 'Yeah, you sound like Stalin. And Castro, and Mao. What you are, is a communist. It’s a shame New York doesn’t have the death penalty. Too bad Luigi didn’t do it here in Florida because we would give him the needle 💉 ☠️.', ""Barack Obama's violent activist.\nReal Motive-Obamacare feared\nUnitedHealth taking Obamacare business. Best let Luigi tell citizens that UHealth is bad. Get nation in uproar. Luigi orders from Obama “ Fix it-Luigi then jihad.” 14 yrold girl in WI radicalized to Jihad""]",deserved - fucked - innocent - must - murderer - shame - evil - feared - offences - murdering,False,12/5/2024 3:09,12/5/2024 3:09
Fucked UP,8,8_deserved_fucked_innocent_must,"['deserved', 'fucked', 'innocent', 'must', 'murderer', 'shame', 'evil', 'feared', 'offences', 'murdering']","[""Earth to the undocumented: American citizens love raping (shout out to Donny), shooting their own (refer to Luigi Magione) for that reason you will not be deported. #USA has a poor record stopping domestic terror. Heck, blonde Christian Charles Whitman massacred students in '66."", 'Yeah, you sound like Stalin. And Castro, and Mao. What you are, is a communist. It’s a shame New York doesn’t have the death penalty. Too bad Luigi didn’t do it here in Florida because we would give him the needle 💉 ☠️.', ""Barack Obama's violent activist.\nReal Motive-Obamacare feared\nUnitedHealth taking Obamacare business. Best let Luigi tell citizens that UHealth is bad. Get nation in uproar. Luigi orders from Obama “ Fix it-Luigi then jihad.” 14 yrold girl in WI radicalized to Jihad""]",deserved - fucked - innocent - must - murderer - shame - evil - feared - offences - murdering,False,12/5/2024 2:41,12/5/2024 2:41
No wonder he has received threats after so many have suffered because of the AI ​​he introduced.,7,7_murderer_killer_killed_ceos,"['murderer', 'killer', 'killed', 'ceos', 'innocent', 'death', 'leftists', 'criminals', 'sentenced', 'riots']","['The defender of Luigi Machioni claims that her cliënt has no chance of getting a fair trial! But did Luigi Machioni that CEO Brian Thompson a fair chance? Absolutely not! Without any form of trial, without giving the CEO Thompson a chance to defend himself Luigi Machioni (see 2)', '🆘Shooter-No one will believe Luigi murdered, cowardly shot a man in the back because United didn’t care about his back ache.   a cocky ego like Obama & radicalized which led to careless actions for Obamacare issues for his mentor Obama-Luigi influencer', ""As cool as this picture is it also makes my blood boil. They don't even treat mass shooters like this. Dylann Roof got taken to fucking Burger King after killing 9 Black people, but Luigi pops one CEO and they act like he's the head of ISIS""]",murderer - killer - killed - ceos - innocent - death - leftists - criminals - sentenced - riots,False,12/5/2024 1:08,12/5/2024 1:08
Well deserved,8,8_deserved_fucked_innocent_must,"['deserved', 'fucked', 'innocent', 'must', 'murderer', 'shame', 'evil', 'feared', 'offences', 'murdering']","[""Earth to the undocumented: American citizens love raping (shout out to Donny), shooting their own (refer to Luigi Magione) for that reason you will not be deported. #USA has a poor record stopping domestic terror. Heck, blonde Christian Charles Whitman massacred students in '66."", 'Yeah, you sound like Stalin. And Castro, and Mao. What you are, is a communist. It’s a shame New York doesn’t have the death penalty. Too bad Luigi didn’t do it here in Florida because we would give him the needle 💉 ☠️.', ""Barack Obama's violent activist.\nReal Motive-Obamacare feared\nUnitedHealth taking Obamacare business. Best let Luigi tell citizens that UHealth is bad. Get nation in uproar. Luigi orders from Obama “ Fix it-Luigi then jihad.” 14 yrold girl in WI radicalized to Jihad""]",deserved - fucked - innocent - must - murderer - shame - evil - feared - offences - murdering,False,12/4/2024 20:48,12/4/2024 20:48
"The walls are already closing in on this guy. They most likely already know who he is. Not very smart going into a Starbucks and renting a EV Citibike. 

Only a matter of time now.",4,4_murderous_killed_assassin_death,"['murderous', 'killed', 'assassin', 'death', 'psychotic', 'guy', 'fuck', 'someone', 'rampage', 'prisoners']","['Elon family vibes? The only time he decided to start showing up with his kids was to use them as human shields after Luigi killed the health insurance CEO.', 'Luigi needed good parenting, a good figurative azz-whooping, and a JOB. \n\nInstead, he was coddled & funded in his dangerous misery by Liberal Microcosms of Society,\n\nwho are hell-bent on keeping vulnerable people poorly-informed & rage-fueled,\n\nbc that’s the only real way they,…', ""This is why we are a failing country. He avoids every possible reason for WHY people aren't upset that Luigi killed that guy. Instead he totes about 250 new citi bikes that will make life so much easier for people haha""]",murderous - killed - assassin - death - psychotic - guy - fuck - someone - rampage - prisoners,False,12/4/2024 20:45,12/4/2024 20:45
"More mugshots of Luigi Mangione, the 26 year-old suspect in the murder of UnitedHealthcare CEO.

I don't see where people think this guy, an alleged murderer, is hot.

Yuck.",1,1_killer_murderer_donald_assassin,"['killer', 'murderer', 'donald', 'assassin', 'killed', 'kill', 'healthcare', 'guilty', 'innocent', 'trump']","[""why and how is luigi mangione pleading not guilty? obviously he is allowed to do that, but it makes no sense. \n\nnot only do they have fingerprint evidence, but they found him with the weapon and the manifesto. the manifesto implies the crime is something he wants credit for. i'm…"", 'SICKNESS\': Trump goes off on those with an ""appetite"" for elite cold-blooded killer suspect, torching liberals\' viral support of Luigi Mangione and saying, ""I don\'t get it.""', ""why and how is luigi mangione pleading not guilty? not only do they have fingerprint evidence, but they found him with the weapon and the manifesto. the manifesto implies the crime is something he wants credit for. i'm very confused. \n\ni'd love for someone who knows more about…""]",killer - murderer - donald - assassin - killed - kill - healthcare - guilty - innocent - trump,False,12/10/2024 18:53,12/10/2024 18:53
So he got radicalized because he couldn't have sex? 🫥,8,8_deserved_fucked_innocent_must,"['deserved', 'fucked', 'innocent', 'must', 'murderer', 'shame', 'evil', 'feared', 'offences', 'murdering']","[""Earth to the undocumented: American citizens love raping (shout out to Donny), shooting their own (refer to Luigi Magione) for that reason you will not be deported. #USA has a poor record stopping domestic terror. Heck, blonde Christian Charles Whitman massacred students in '66."", 'Yeah, you sound like Stalin. And Castro, and Mao. What you are, is a communist. It’s a shame New York doesn’t have the death penalty. Too bad Luigi didn’t do it here in Florida because we would give him the needle 💉 ☠️.', ""Barack Obama's violent activist.\nReal Motive-Obamacare feared\nUnitedHealth taking Obamacare business. Best let Luigi tell citizens that UHealth is bad. Get nation in uproar. Luigi orders from Obama “ Fix it-Luigi then jihad.” 14 yrold girl in WI radicalized to Jihad""]",deserved - fucked - innocent - must - murderer - shame - evil - feared - offences - murdering,False,12/10/2024 18:51,12/10/2024 18:51
"Luigi Mangione is another one of these 1% of the 1% trust fund babies playing revolutionary railing against system. His entire family is well connected in Maryland and richer than the CEO he shot. 

Cosplaying like this would have made him a twitch streamer.",0,0_mangioni_nick_scumbag_killer,"['mangioni', 'nick', 'scumbag', 'killer', 'hero', 'said', 'guy', 'hes', 'insane', 'much']","['The case of Luigi Mangione is the perfect example of what drives left wing zealotry.\n\nHe was a normal, successful dude. Once he got a debilitating back injury, he became impotent in relation to society. He became angry, hate-filled & resentful. Needed to blame others. Leftist.', 'Idolizing Luigi Mangione is a sign of low IQ\n\nHe is a retard that supposedly shot a dude for being unable to have gay sex anymore due to his back condition.\n\nNot a hero, and accomplished nothing in the grand scheme of things. It changes nothing', '""who did nothing to him* is the most essential part here.\n\nThe protestors blocking a road effectively took a lot of people hostage, the old man simply liberated everyone (based and justified)\n\nLuigi Mangione shot a man in the back who was just walking there.\n(cringe and gay)']",mangioni - nick - scumbag - killer - hero - said - guy - hes - insane - much,False,12/10/2024 18:28,12/10/2024 18:28
"Where's the big smile now, Luigi?
One good thing about life in prison on a first degree murder charge is all the free sex he'll get.",2,2_matter_acted_cause_gun,"['matter', 'acted', 'cause', 'gun', 'murderer', 'guy', 'proven', 'elliot', 'else', 'brother']","[""Luigi (allegedly) committed murder in broad daylight, while it's been proven in a court of law that Kyle acted in self-defense. You're either willfully ignorant of that fact, or just incredibly fucking stupid."", 'So luigi travel across many states line is okay?\n\nKyle travel 15 minutes drive to neighborhood he grew up to defend it from looters\nHe shots in self defense to 3 rioters who chase after him trying to harm him.\n\nLuigi travel thousands of miles\nTo kill a guy\n\nDEM❤️criminals', ""that I don't take sides? I never have and I never will\n\nwhat luigi did was not self defense if it was then it would have been justified as the other self defense thing was""]",matter - acted - cause - gun - murderer - guy - proven - elliot - else - brother,False,12/10/2024 18:25,12/10/2024 18:25
"So Mangione was just sitting at McDonald's for hours, trying to be recognized while holding $8000 and a ghost gun. Yeah, this all adds up.",1,1_killer_murderer_donald_assassin,"['killer', 'murderer', 'donald', 'assassin', 'killed', 'kill', 'healthcare', 'guilty', 'innocent', 'trump']","[""why and how is luigi mangione pleading not guilty? obviously he is allowed to do that, but it makes no sense. \n\nnot only do they have fingerprint evidence, but they found him with the weapon and the manifesto. the manifesto implies the crime is something he wants credit for. i'm…"", 'SICKNESS\': Trump goes off on those with an ""appetite"" for elite cold-blooded killer suspect, torching liberals\' viral support of Luigi Mangione and saying, ""I don\'t get it.""', ""why and how is luigi mangione pleading not guilty? not only do they have fingerprint evidence, but they found him with the weapon and the manifesto. the manifesto implies the crime is something he wants credit for. i'm very confused. \n\ni'd love for someone who knows more about…""]",killer - murderer - donald - assassin - killed - kill - healthcare - guilty - innocent - trump,False,12/10/2024 18:20,12/10/2024 18:20
"Mangione style behaviour - juvenile, egotistical and wrong.",5,5_murderous_bombed_terrorists_brendan,"['murderous', 'bombed', 'terrorists', 'brendan', 'detectives', 'wounds', 'prison', 'jesus', 'hunt', 'fully']","[""No proof Mangione did it, plenty of proof he's a rich Nazi\n\nNo proof the GFM raised supposedly in his name went to him, but his lawyer has repeatedly turned down funding offers. So $100k+ has gone to a very likely scam & almost none to ppl in real need bc y'all want heroes so bad"", 'Kyle tried to hunt humans.\n\nKyle got caught trying to hunt humans. \n\nKyle killed humans who realized they were being hunted and tried to defend themselves. \n\nKyle is a murderous sack of shit. \nMangione is a murderous sack of shit.', 'JESUS , I THOUGHT THIS LOUIGI BENADUCI CORLEONE....MANGIONE GUAVACELLI KID WAS SMART...THE ONLY GUYS HE DIDNT GIVE A PHOTO OPP TO WAS  KEEPIN THE GUNW THE SILENCER ..ITS 20 ALONE FOR THE SUPPRESOR THEN COMPLAININ BOUT A BAD BACK...I GOT A BAD BACK KID BAD .']",murderous - bombed - terrorists - brendan - detectives - wounds - prison - jesus - hunt - fully,False,12/10/2024 17:39,12/10/2024 17:39
Look at the eyebrows ! Acting silly while Luigi is taking the fall,3,3_danny_hell_guy_everyone,"['danny', 'hell', 'guy', 'everyone', 'strike', 'killed', 'fuck', 'actually', 'crazy', 'disaster']","['Everyone rn: I want Luigi to tear apart my holes and die from bleeding\n\nFav oomf: here are my favorite bakes of the year! ❤️ up next dark chocolate shortbread cookies 🍪🍫🍫👩\u200d🍳', '𝙏𝙝𝙚𝙮 𝙠𝙣𝙤𝙬 𝙬𝙝𝙖𝙩 𝙠𝙞𝙣𝙙 𝙤𝙛 𝙖 𝙥𝙚𝙧𝙨𝙤𝙣 𝙩𝙝𝙚𝙞𝙧 𝙘𝙝𝙞𝙡𝙙 𝙖𝙣𝙮𝙬𝙖𝙮 𝙗𝙚𝙛𝙤𝙧𝙚 𝙞𝙩 𝙝𝙖𝙥𝙥𝙚𝙣. \n\nIn the bible, it is better to discipline your child. \nI believe time will heal, but Luigi is unwell if you observe him very carefully', 'Tone, did ya hear the Luigi kid came out of hiding because he wanted a McFlurry.? You almost can’t blame the dumb little bastard, ya never know when those ice cream machine’s are workin, Skip. Ya gotta strike when the iron’s hot hehe']",danny - hell - guy - everyone - strike - killed - fuck - actually - crazy - disaster,False,12/10/2024 16:16,12/10/2024 16:16
"The same people who were so concerned with upholding principals, morals, norms, and democracy a month ago are celebrating the #UnitedHealthcare CEO killer, Luigi Mangione.

Things that make you go 🤔",9,9_crimes_arrested_killer_perpetrator,"['crimes', 'arrested', 'killer', 'perpetrator', 'vicious', 'baron', 'sin', 'hero', 'trending', 'police']","['Pennsylvania Governor Josh Shapiro goes off on people who are celebrating Luigi Mangione for allegedly murdering UnitedHealthcare CEO Brian Thompson.\n\n""In America, we do not kill people in cold blood to resolve policy differences or to express a viewpoint.""\n\nHe calls it…', 'Healthcare boss Brian Thompson’s killer may have fled New York, police say, via   \n\nUnless its blizzard snow. Im of the opinion people wearing hoodies covered up should be shot by default. As normally speaking their obviously up to no good.', 'Person who deleted/erased CEO of UnitedHealthCare is illegal immigrant came from Latin Spanish countries like Venezuela 🇻🇪 travel from Atlanta, Georgia to New York City and left state of New York in United States Of America. This is migrant crime related.\n\n~ Baron Tremayne Caple']",crimes - arrested - killer - perpetrator - vicious - baron - sin - hero - trending - police,False,12/10/2024 15:45,12/10/2024 15:45
If Luigi is scheduled for a death penalty do you think if I kill myself at the same time as he is been executed we would meet each other in hell ?,2,2_matter_acted_cause_gun,"['matter', 'acted', 'cause', 'gun', 'murderer', 'guy', 'proven', 'elliot', 'else', 'brother']","[""Luigi (allegedly) committed murder in broad daylight, while it's been proven in a court of law that Kyle acted in self-defense. You're either willfully ignorant of that fact, or just incredibly fucking stupid."", 'So luigi travel across many states line is okay?\n\nKyle travel 15 minutes drive to neighborhood he grew up to defend it from looters\nHe shots in self defense to 3 rioters who chase after him trying to harm him.\n\nLuigi travel thousands of miles\nTo kill a guy\n\nDEM❤️criminals', ""that I don't take sides? I never have and I never will\n\nwhat luigi did was not self defense if it was then it would have been justified as the other self defense thing was""]",matter - acted - cause - gun - murderer - guy - proven - elliot - else - brother,False,12/10/2024 15:42,12/10/2024 15:42
"🚨🇺🇸 UHC CEO killer, Luigi Mangione who was a fan of Tucker Carlson, spent the last three ghost months in contact with Russian operatives, a new intel finds.",1,1_killer_murderer_donald_assassin,"['killer', 'murderer', 'donald', 'assassin', 'killed', 'kill', 'healthcare', 'guilty', 'innocent', 'trump']","[""why and how is luigi mangione pleading not guilty? obviously he is allowed to do that, but it makes no sense. \n\nnot only do they have fingerprint evidence, but they found him with the weapon and the manifesto. the manifesto implies the crime is something he wants credit for. i'm…"", 'SICKNESS\': Trump goes off on those with an ""appetite"" for elite cold-blooded killer suspect, torching liberals\' viral support of Luigi Mangione and saying, ""I don\'t get it.""', ""why and how is luigi mangione pleading not guilty? not only do they have fingerprint evidence, but they found him with the weapon and the manifesto. the manifesto implies the crime is something he wants credit for. i'm very confused. \n\ni'd love for someone who knows more about…""]",killer - murderer - donald - assassin - killed - kill - healthcare - guilty - innocent - trump,False,12/10/2024 12:49,12/10/2024 12:49
This is ridiculous. Luigi literally murdered somebody,2,2_matter_acted_cause_gun,"['matter', 'acted', 'cause', 'gun', 'murderer', 'guy', 'proven', 'elliot', 'else', 'brother']","[""Luigi (allegedly) committed murder in broad daylight, while it's been proven in a court of law that Kyle acted in self-defense. You're either willfully ignorant of that fact, or just incredibly fucking stupid."", 'So luigi travel across many states line is okay?\n\nKyle travel 15 minutes drive to neighborhood he grew up to defend it from looters\nHe shots in self defense to 3 rioters who chase after him trying to harm him.\n\nLuigi travel thousands of miles\nTo kill a guy\n\nDEM❤️criminals', ""that I don't take sides? I never have and I never will\n\nwhat luigi did was not self defense if it was then it would have been justified as the other self defense thing was""]",matter - acted - cause - gun - murderer - guy - proven - elliot - else - brother,False,12/10/2024 12:44,12/10/2024 12:44
In regards to Luigi Mangione. There are a ton of ways a person in his position can fight unjust practises in health care which isnt open to anyone. To SHOOT a person in the back is the dumbest way possible where longterm gain was replaced by extremely short term satisfaction.,1,1_killer_murderer_donald_assassin,"['killer', 'murderer', 'donald', 'assassin', 'killed', 'kill', 'healthcare', 'guilty', 'innocent', 'trump']","[""why and how is luigi mangione pleading not guilty? obviously he is allowed to do that, but it makes no sense. \n\nnot only do they have fingerprint evidence, but they found him with the weapon and the manifesto. the manifesto implies the crime is something he wants credit for. i'm…"", 'SICKNESS\': Trump goes off on those with an ""appetite"" for elite cold-blooded killer suspect, torching liberals\' viral support of Luigi Mangione and saying, ""I don\'t get it.""', ""why and how is luigi mangione pleading not guilty? not only do they have fingerprint evidence, but they found him with the weapon and the manifesto. the manifesto implies the crime is something he wants credit for. i'm very confused. \n\ni'd love for someone who knows more about…""]",killer - murderer - donald - assassin - killed - kill - healthcare - guilty - innocent - trump,False,12/10/2024 12:11,12/10/2024 12:11
Luigi Mangione could have been Batman. He could have gone around New York ████████ ███ ███ ██████ ██████. What a waste.,0,0_mangioni_nick_scumbag_killer,"['mangioni', 'nick', 'scumbag', 'killer', 'hero', 'said', 'guy', 'hes', 'insane', 'much']","['The case of Luigi Mangione is the perfect example of what drives left wing zealotry.\n\nHe was a normal, successful dude. Once he got a debilitating back injury, he became impotent in relation to society. He became angry, hate-filled & resentful. Needed to blame others. Leftist.', 'Idolizing Luigi Mangione is a sign of low IQ\n\nHe is a retard that supposedly shot a dude for being unable to have gay sex anymore due to his back condition.\n\nNot a hero, and accomplished nothing in the grand scheme of things. It changes nothing', '""who did nothing to him* is the most essential part here.\n\nThe protestors blocking a road effectively took a lot of people hostage, the old man simply liberated everyone (based and justified)\n\nLuigi Mangione shot a man in the back who was just walking there.\n(cringe and gay)']",mangioni - nick - scumbag - killer - hero - said - guy - hes - insane - much,False,12/10/2024 12:10,12/10/2024 12:10
"Killing people in cold blood to resolve policy issues is American culture. That’s how we got the “United States” …….

Nevertheless, I hope Luigi is sentenced to death for that senseless killing.",7,7_murderer_killer_killed_ceos,"['murderer', 'killer', 'killed', 'ceos', 'innocent', 'death', 'leftists', 'criminals', 'sentenced', 'riots']","['The defender of Luigi Machioni claims that her cliënt has no chance of getting a fair trial! But did Luigi Machioni that CEO Brian Thompson a fair chance? Absolutely not! Without any form of trial, without giving the CEO Thompson a chance to defend himself Luigi Machioni (see 2)', '🆘Shooter-No one will believe Luigi murdered, cowardly shot a man in the back because United didn’t care about his back ache.   a cocky ego like Obama & radicalized which led to careless actions for Obamacare issues for his mentor Obama-Luigi influencer', ""As cool as this picture is it also makes my blood boil. They don't even treat mass shooters like this. Dylann Roof got taken to fucking Burger King after killing 9 Black people, but Luigi pops one CEO and they act like he's the head of ISIS""]",murderer - killer - killed - ceos - innocent - death - leftists - criminals - sentenced - riots,False,12/10/2024 11:34,12/10/2024 11:34
"All these thirst tweets about Luigi Mangione are worrying because what do you mean you are thirsting over a shooter 😭

I get where y’all are coming from but 😭",0,0_mangioni_nick_scumbag_killer,"['mangioni', 'nick', 'scumbag', 'killer', 'hero', 'said', 'guy', 'hes', 'insane', 'much']","['The case of Luigi Mangione is the perfect example of what drives left wing zealotry.\n\nHe was a normal, successful dude. Once he got a debilitating back injury, he became impotent in relation to society. He became angry, hate-filled & resentful. Needed to blame others. Leftist.', 'Idolizing Luigi Mangione is a sign of low IQ\n\nHe is a retard that supposedly shot a dude for being unable to have gay sex anymore due to his back condition.\n\nNot a hero, and accomplished nothing in the grand scheme of things. It changes nothing', '""who did nothing to him* is the most essential part here.\n\nThe protestors blocking a road effectively took a lot of people hostage, the old man simply liberated everyone (based and justified)\n\nLuigi Mangione shot a man in the back who was just walking there.\n(cringe and gay)']",mangioni - nick - scumbag - killer - hero - said - guy - hes - insane - much,False,12/10/2024 9:45,12/10/2024 9:45
The fact that on Twitter brainless people are talking more about a killer liker Luigi Mangione than the situation in Syria very much summarise the state of this society,1,1_killer_murderer_donald_assassin,"['killer', 'murderer', 'donald', 'assassin', 'killed', 'kill', 'healthcare', 'guilty', 'innocent', 'trump']","[""why and how is luigi mangione pleading not guilty? obviously he is allowed to do that, but it makes no sense. \n\nnot only do they have fingerprint evidence, but they found him with the weapon and the manifesto. the manifesto implies the crime is something he wants credit for. i'm…"", 'SICKNESS\': Trump goes off on those with an ""appetite"" for elite cold-blooded killer suspect, torching liberals\' viral support of Luigi Mangione and saying, ""I don\'t get it.""', ""why and how is luigi mangione pleading not guilty? not only do they have fingerprint evidence, but they found him with the weapon and the manifesto. the manifesto implies the crime is something he wants credit for. i'm very confused. \n\ni'd love for someone who knows more about…""]",killer - murderer - donald - assassin - killed - kill - healthcare - guilty - innocent - trump,False,12/10/2024 9:38,12/10/2024 9:38
"Luigi Mangione was arrested in a McDonalds after a worker there recognised his face abandoned called police. Don't make the same mistake as Luigi Mangione. 

Boycott McDonalds! #BDS",1,1_killer_murderer_donald_assassin,"['killer', 'murderer', 'donald', 'assassin', 'killed', 'kill', 'healthcare', 'guilty', 'innocent', 'trump']","[""why and how is luigi mangione pleading not guilty? obviously he is allowed to do that, but it makes no sense. \n\nnot only do they have fingerprint evidence, but they found him with the weapon and the manifesto. the manifesto implies the crime is something he wants credit for. i'm…"", 'SICKNESS\': Trump goes off on those with an ""appetite"" for elite cold-blooded killer suspect, torching liberals\' viral support of Luigi Mangione and saying, ""I don\'t get it.""', ""why and how is luigi mangione pleading not guilty? not only do they have fingerprint evidence, but they found him with the weapon and the manifesto. the manifesto implies the crime is something he wants credit for. i'm very confused. \n\ni'd love for someone who knows more about…""]",killer - murderer - donald - assassin - killed - kill - healthcare - guilty - innocent - trump,False,12/10/2024 9:36,12/10/2024 9:36
didn't know comp sci students could bring out killers like Luigi😂,8,8_deserved_fucked_innocent_must,"['deserved', 'fucked', 'innocent', 'must', 'murderer', 'shame', 'evil', 'feared', 'offences', 'murdering']","[""Earth to the undocumented: American citizens love raping (shout out to Donny), shooting their own (refer to Luigi Magione) for that reason you will not be deported. #USA has a poor record stopping domestic terror. Heck, blonde Christian Charles Whitman massacred students in '66."", 'Yeah, you sound like Stalin. And Castro, and Mao. What you are, is a communist. It’s a shame New York doesn’t have the death penalty. Too bad Luigi didn’t do it here in Florida because we would give him the needle 💉 ☠️.', ""Barack Obama's violent activist.\nReal Motive-Obamacare feared\nUnitedHealth taking Obamacare business. Best let Luigi tell citizens that UHealth is bad. Get nation in uproar. Luigi orders from Obama “ Fix it-Luigi then jihad.” 14 yrold girl in WI radicalized to Jihad""]",deserved - fucked - innocent - must - murderer - shame - evil - feared - offences - murdering,False,12/10/2024 9:32,12/10/2024 9:32
i do not support all women. some of you binches turned in luigi mangione,0,0_mangioni_nick_scumbag_killer,"['mangioni', 'nick', 'scumbag', 'killer', 'hero', 'said', 'guy', 'hes', 'insane', 'much']","['The case of Luigi Mangione is the perfect example of what drives left wing zealotry.\n\nHe was a normal, successful dude. Once he got a debilitating back injury, he became impotent in relation to society. He became angry, hate-filled & resentful. Needed to blame others. Leftist.', 'Idolizing Luigi Mangione is a sign of low IQ\n\nHe is a retard that supposedly shot a dude for being unable to have gay sex anymore due to his back condition.\n\nNot a hero, and accomplished nothing in the grand scheme of things. It changes nothing', '""who did nothing to him* is the most essential part here.\n\nThe protestors blocking a road effectively took a lot of people hostage, the old man simply liberated everyone (based and justified)\n\nLuigi Mangione shot a man in the back who was just walking there.\n(cringe and gay)']",mangioni - nick - scumbag - killer - hero - said - guy - hes - insane - much,False,12/10/2024 8:46,12/10/2024 8:46
"BRIAN LEAVES BEHIND TWO BOYS AND HIS BELOVED WIFE. 

JUSTICE FOR BRIAN THOMPSON IS DUE.
JUSTICE FOR BRIAN THOMPSON WILL COME.
JUSTICE FOR BRIAN THOMPSON IS NEXT.",6,6_healthcare_insurance_killer_murdering,"['healthcare', 'insurance', 'killer', 'murdering', 'taxpayer', 'whose', 'bankrupt', 'justice', 'experts', 'companies']","['🚨NEW PODCAST EPISODE OUT NOW🚨\n\n discuss the extraordinary response to the murder of US health insurance boss Brian Thompson. \n\nHow can anyone celebrate his cold-blooded killing? The Matts test their theory that everything before “but” is bullsh*t', ""I understand the anger at insurance companies. But I'm appalled by the glorification in some quarters of the murder of Brian Thompson. Yes, he was an insurance executive, but he was also a dad and certainly didn't deserve to be executed and have people jeer at his family's loss."", 'Won’t delete this.\n\nBrian Thompson, UHC CEO, was a winner. Everyone has a death. His family will live in wealth centuries after his.\n\nCan’t say the same of socialist vermin who lose their healthcare 😢.\n\nThey’re losers whose deaths will cleanse the earth of their filthy presence.']",healthcare - insurance - killer - murdering - taxpayer - whose - bankrupt - justice - experts - companies,False,12/10/2024 8:28,12/10/2024 8:28
"Luigi, you ruined your life. You'll never be outside again, and you won’t have your own mobile. No one will remember you in just a few days, nor will they care about your stupid manifesto. You will rot in prison",7,7_murderer_killer_killed_ceos,"['murderer', 'killer', 'killed', 'ceos', 'innocent', 'death', 'leftists', 'criminals', 'sentenced', 'riots']","['The defender of Luigi Machioni claims that her cliënt has no chance of getting a fair trial! But did Luigi Machioni that CEO Brian Thompson a fair chance? Absolutely not! Without any form of trial, without giving the CEO Thompson a chance to defend himself Luigi Machioni (see 2)', '🆘Shooter-No one will believe Luigi murdered, cowardly shot a man in the back because United didn’t care about his back ache.   a cocky ego like Obama & radicalized which led to careless actions for Obamacare issues for his mentor Obama-Luigi influencer', ""As cool as this picture is it also makes my blood boil. They don't even treat mass shooters like this. Dylann Roof got taken to fucking Burger King after killing 9 Black people, but Luigi pops one CEO and they act like he's the head of ISIS""]",murderer - killer - killed - ceos - innocent - death - leftists - criminals - sentenced - riots,False,12/10/2024 8:10,12/10/2024 8:10
Luigi Mangione at McDonald's? Definitely a choice he’ll regret 🍔❌,0,0_mangioni_nick_scumbag_killer,"['mangioni', 'nick', 'scumbag', 'killer', 'hero', 'said', 'guy', 'hes', 'insane', 'much']","['The case of Luigi Mangione is the perfect example of what drives left wing zealotry.\n\nHe was a normal, successful dude. Once he got a debilitating back injury, he became impotent in relation to society. He became angry, hate-filled & resentful. Needed to blame others. Leftist.', 'Idolizing Luigi Mangione is a sign of low IQ\n\nHe is a retard that supposedly shot a dude for being unable to have gay sex anymore due to his back condition.\n\nNot a hero, and accomplished nothing in the grand scheme of things. It changes nothing', '""who did nothing to him* is the most essential part here.\n\nThe protestors blocking a road effectively took a lot of people hostage, the old man simply liberated everyone (based and justified)\n\nLuigi Mangione shot a man in the back who was just walking there.\n(cringe and gay)']",mangioni - nick - scumbag - killer - hero - said - guy - hes - insane - much,False,12/10/2024 7:29,12/10/2024 7:29
"An innocent face with a murderous mindset by name Luigi Mangione.

Killed the United healthcare CEO

Was caught and held at McDonald's

To be interrogated by the NYPD

I smell Prison!!!

More details coming up soon as he's in the police custody",1,1_killer_murderer_donald_assassin,"['killer', 'murderer', 'donald', 'assassin', 'killed', 'kill', 'healthcare', 'guilty', 'innocent', 'trump']","[""why and how is luigi mangione pleading not guilty? obviously he is allowed to do that, but it makes no sense. \n\nnot only do they have fingerprint evidence, but they found him with the weapon and the manifesto. the manifesto implies the crime is something he wants credit for. i'm…"", 'SICKNESS\': Trump goes off on those with an ""appetite"" for elite cold-blooded killer suspect, torching liberals\' viral support of Luigi Mangione and saying, ""I don\'t get it.""', ""why and how is luigi mangione pleading not guilty? not only do they have fingerprint evidence, but they found him with the weapon and the manifesto. the manifesto implies the crime is something he wants credit for. i'm very confused. \n\ni'd love for someone who knows more about…""]",killer - murderer - donald - assassin - killed - kill - healthcare - guilty - innocent - trump,False,12/10/2024 7:25,12/10/2024 7:25
"Officer Tyler Frye on arresting Luigi Mangione: ""It feels good to get a guy like that off the street... starting my career this way feels great.""",0,0_mangioni_nick_scumbag_killer,"['mangioni', 'nick', 'scumbag', 'killer', 'hero', 'said', 'guy', 'hes', 'insane', 'much']","['The case of Luigi Mangione is the perfect example of what drives left wing zealotry.\n\nHe was a normal, successful dude. Once he got a debilitating back injury, he became impotent in relation to society. He became angry, hate-filled & resentful. Needed to blame others. Leftist.', 'Idolizing Luigi Mangione is a sign of low IQ\n\nHe is a retard that supposedly shot a dude for being unable to have gay sex anymore due to his back condition.\n\nNot a hero, and accomplished nothing in the grand scheme of things. It changes nothing', '""who did nothing to him* is the most essential part here.\n\nThe protestors blocking a road effectively took a lot of people hostage, the old man simply liberated everyone (based and justified)\n\nLuigi Mangione shot a man in the back who was just walking there.\n(cringe and gay)']",mangioni - nick - scumbag - killer - hero - said - guy - hes - insane - much,False,12/10/2024 7:20,12/10/2024 7:20
"What planet are you living on?

Luigi DID kill an innocent man.

Daniel Perry is a hero, he saved a subway full of women and children from a drug addicted psychopath. He did not kill him, the drugs did.",2,2_matter_acted_cause_gun,"['matter', 'acted', 'cause', 'gun', 'murderer', 'guy', 'proven', 'elliot', 'else', 'brother']","[""Luigi (allegedly) committed murder in broad daylight, while it's been proven in a court of law that Kyle acted in self-defense. You're either willfully ignorant of that fact, or just incredibly fucking stupid."", 'So luigi travel across many states line is okay?\n\nKyle travel 15 minutes drive to neighborhood he grew up to defend it from looters\nHe shots in self defense to 3 rioters who chase after him trying to harm him.\n\nLuigi travel thousands of miles\nTo kill a guy\n\nDEM❤️criminals', ""that I don't take sides? I never have and I never will\n\nwhat luigi did was not self defense if it was then it would have been justified as the other self defense thing was""]",matter - acted - cause - gun - murderer - guy - proven - elliot - else - brother,False,12/10/2024 6:57,12/10/2024 6:57
"Shapiro on UnitedHealthcare CEO murder suspect Luigi Mangione: In some dark corners this killer is hailed as a hero. Hear me on this, he is no hero. The real hero in this story is the person who called 911 at McDonald's.",1,1_killer_murderer_donald_assassin,"['killer', 'murderer', 'donald', 'assassin', 'killed', 'kill', 'healthcare', 'guilty', 'innocent', 'trump']","[""why and how is luigi mangione pleading not guilty? obviously he is allowed to do that, but it makes no sense. \n\nnot only do they have fingerprint evidence, but they found him with the weapon and the manifesto. the manifesto implies the crime is something he wants credit for. i'm…"", 'SICKNESS\': Trump goes off on those with an ""appetite"" for elite cold-blooded killer suspect, torching liberals\' viral support of Luigi Mangione and saying, ""I don\'t get it.""', ""why and how is luigi mangione pleading not guilty? not only do they have fingerprint evidence, but they found him with the weapon and the manifesto. the manifesto implies the crime is something he wants credit for. i'm very confused. \n\ni'd love for someone who knows more about…""]",killer - murderer - donald - assassin - killed - kill - healthcare - guilty - innocent - trump,False,12/10/2024 6:44,12/10/2024 6:44
"""Breaking news: Luigi Mangione takes 'secure your bag' a bit too literally in the healthcare industry. Maybe he thought he could cash in on those hospital bills? #cryptocrime #bitcoinmurder""",1,1_killer_murderer_donald_assassin,"['killer', 'murderer', 'donald', 'assassin', 'killed', 'kill', 'healthcare', 'guilty', 'innocent', 'trump']","[""why and how is luigi mangione pleading not guilty? obviously he is allowed to do that, but it makes no sense. \n\nnot only do they have fingerprint evidence, but they found him with the weapon and the manifesto. the manifesto implies the crime is something he wants credit for. i'm…"", 'SICKNESS\': Trump goes off on those with an ""appetite"" for elite cold-blooded killer suspect, torching liberals\' viral support of Luigi Mangione and saying, ""I don\'t get it.""', ""why and how is luigi mangione pleading not guilty? not only do they have fingerprint evidence, but they found him with the weapon and the manifesto. the manifesto implies the crime is something he wants credit for. i'm very confused. \n\ni'd love for someone who knows more about…""]",killer - murderer - donald - assassin - killed - kill - healthcare - guilty - innocent - trump,False,12/10/2024 6:20,12/10/2024 6:20
"So this Luigi guy is just a highly educated Dom Poes who does not bathe and only has one set of clothes? Oh, he also waves guns around in fast food outlets. This shit makes no sense at all! #LuigiMangione",4,4_murderous_killed_assassin_death,"['murderous', 'killed', 'assassin', 'death', 'psychotic', 'guy', 'fuck', 'someone', 'rampage', 'prisoners']","['Elon family vibes? The only time he decided to start showing up with his kids was to use them as human shields after Luigi killed the health insurance CEO.', 'Luigi needed good parenting, a good figurative azz-whooping, and a JOB. \n\nInstead, he was coddled & funded in his dangerous misery by Liberal Microcosms of Society,\n\nwho are hell-bent on keeping vulnerable people poorly-informed & rage-fueled,\n\nbc that’s the only real way they,…', ""This is why we are a failing country. He avoids every possible reason for WHY people aren't upset that Luigi killed that guy. Instead he totes about 250 new citi bikes that will make life so much easier for people haha""]",murderous - killed - assassin - death - psychotic - guy - fuck - someone - rampage - prisoners,False,12/10/2024 5:44,12/10/2024 5:44
"How do you mute certain words? 
If I see one more tweet about this Luigi mfer im going to lose my shit.",3,3_danny_hell_guy_everyone,"['danny', 'hell', 'guy', 'everyone', 'strike', 'killed', 'fuck', 'actually', 'crazy', 'disaster']","['Everyone rn: I want Luigi to tear apart my holes and die from bleeding\n\nFav oomf: here are my favorite bakes of the year! ❤️ up next dark chocolate shortbread cookies 🍪🍫🍫👩\u200d🍳', '𝙏𝙝𝙚𝙮 𝙠𝙣𝙤𝙬 𝙬𝙝𝙖𝙩 𝙠𝙞𝙣𝙙 𝙤𝙛 𝙖 𝙥𝙚𝙧𝙨𝙤𝙣 𝙩𝙝𝙚𝙞𝙧 𝙘𝙝𝙞𝙡𝙙 𝙖𝙣𝙮𝙬𝙖𝙮 𝙗𝙚𝙛𝙤𝙧𝙚 𝙞𝙩 𝙝𝙖𝙥𝙥𝙚𝙣. \n\nIn the bible, it is better to discipline your child. \nI believe time will heal, but Luigi is unwell if you observe him very carefully', 'Tone, did ya hear the Luigi kid came out of hiding because he wanted a McFlurry.? You almost can’t blame the dumb little bastard, ya never know when those ice cream machine’s are workin, Skip. Ya gotta strike when the iron’s hot hehe']",danny - hell - guy - everyone - strike - killed - fuck - actually - crazy - disaster,False,12/10/2024 3:28,12/10/2024 3:28
"""Luigi Mangione was rich!""

So was Bruce Wayne, but I guess he doesn't go after CEOs or shoot people so he makes you less uncomfortable.",0,0_mangioni_nick_scumbag_killer,"['mangioni', 'nick', 'scumbag', 'killer', 'hero', 'said', 'guy', 'hes', 'insane', 'much']","['The case of Luigi Mangione is the perfect example of what drives left wing zealotry.\n\nHe was a normal, successful dude. Once he got a debilitating back injury, he became impotent in relation to society. He became angry, hate-filled & resentful. Needed to blame others. Leftist.', 'Idolizing Luigi Mangione is a sign of low IQ\n\nHe is a retard that supposedly shot a dude for being unable to have gay sex anymore due to his back condition.\n\nNot a hero, and accomplished nothing in the grand scheme of things. It changes nothing', '""who did nothing to him* is the most essential part here.\n\nThe protestors blocking a road effectively took a lot of people hostage, the old man simply liberated everyone (based and justified)\n\nLuigi Mangione shot a man in the back who was just walking there.\n(cringe and gay)']",mangioni - nick - scumbag - killer - hero - said - guy - hes - insane - much,False,12/10/2024 3:12,12/10/2024 3:12
"‘He is no hero’: Pennsylvania governor rips people praising UnitedHealthcare CEO’s suspected killer 
#WORLDNEWS 
#is 
#‘He 
#no 
#Pennsylvania 
#hero’: 🗞️🤓👉",9,9_crimes_arrested_killer_perpetrator,"['crimes', 'arrested', 'killer', 'perpetrator', 'vicious', 'baron', 'sin', 'hero', 'trending', 'police']","['Pennsylvania Governor Josh Shapiro goes off on people who are celebrating Luigi Mangione for allegedly murdering UnitedHealthcare CEO Brian Thompson.\n\n""In America, we do not kill people in cold blood to resolve policy differences or to express a viewpoint.""\n\nHe calls it…', 'Healthcare boss Brian Thompson’s killer may have fled New York, police say, via   \n\nUnless its blizzard snow. Im of the opinion people wearing hoodies covered up should be shot by default. As normally speaking their obviously up to no good.', 'Person who deleted/erased CEO of UnitedHealthCare is illegal immigrant came from Latin Spanish countries like Venezuela 🇻🇪 travel from Atlanta, Georgia to New York City and left state of New York in United States Of America. This is migrant crime related.\n\n~ Baron Tremayne Caple']",crimes - arrested - killer - perpetrator - vicious - baron - sin - hero - trending - police,False,12/10/2024 2:59,12/10/2024 2:59
Brian Thompson was the embodiment of the American Dream. Anyone celebrating his death and sympathizing with his killer is a heartless bastard.,6,6_healthcare_insurance_killer_murdering,"['healthcare', 'insurance', 'killer', 'murdering', 'taxpayer', 'whose', 'bankrupt', 'justice', 'experts', 'companies']","['🚨NEW PODCAST EPISODE OUT NOW🚨\n\n discuss the extraordinary response to the murder of US health insurance boss Brian Thompson. \n\nHow can anyone celebrate his cold-blooded killing? The Matts test their theory that everything before “but” is bullsh*t', ""I understand the anger at insurance companies. But I'm appalled by the glorification in some quarters of the murder of Brian Thompson. Yes, he was an insurance executive, but he was also a dad and certainly didn't deserve to be executed and have people jeer at his family's loss."", 'Won’t delete this.\n\nBrian Thompson, UHC CEO, was a winner. Everyone has a death. His family will live in wealth centuries after his.\n\nCan’t say the same of socialist vermin who lose their healthcare 😢.\n\nThey’re losers whose deaths will cleanse the earth of their filthy presence.']",healthcare - insurance - killer - murdering - taxpayer - whose - bankrupt - justice - experts - companies,False,12/10/2024 2:32,12/10/2024 2:32
Penny is ok he saved guys but this Luigi guy is crazy as hell,3,3_danny_hell_guy_everyone,"['danny', 'hell', 'guy', 'everyone', 'strike', 'killed', 'fuck', 'actually', 'crazy', 'disaster']","['Everyone rn: I want Luigi to tear apart my holes and die from bleeding\n\nFav oomf: here are my favorite bakes of the year! ❤️ up next dark chocolate shortbread cookies 🍪🍫🍫👩\u200d🍳', '𝙏𝙝𝙚𝙮 𝙠𝙣𝙤𝙬 𝙬𝙝𝙖𝙩 𝙠𝙞𝙣𝙙 𝙤𝙛 𝙖 𝙥𝙚𝙧𝙨𝙤𝙣 𝙩𝙝𝙚𝙞𝙧 𝙘𝙝𝙞𝙡𝙙 𝙖𝙣𝙮𝙬𝙖𝙮 𝙗𝙚𝙛𝙤𝙧𝙚 𝙞𝙩 𝙝𝙖𝙥𝙥𝙚𝙣. \n\nIn the bible, it is better to discipline your child. \nI believe time will heal, but Luigi is unwell if you observe him very carefully', 'Tone, did ya hear the Luigi kid came out of hiding because he wanted a McFlurry.? You almost can’t blame the dumb little bastard, ya never know when those ice cream machine’s are workin, Skip. Ya gotta strike when the iron’s hot hehe']",danny - hell - guy - everyone - strike - killed - fuck - actually - crazy - disaster,False,12/10/2024 2:16,12/10/2024 2:16
"Literally just a hit man for his Dad’s monopoly control over Maryland’s healthcare system.

Luigi Mangione will foreshadow the piracy of the ruling class against itself",1,1_killer_murderer_donald_assassin,"['killer', 'murderer', 'donald', 'assassin', 'killed', 'kill', 'healthcare', 'guilty', 'innocent', 'trump']","[""why and how is luigi mangione pleading not guilty? obviously he is allowed to do that, but it makes no sense. \n\nnot only do they have fingerprint evidence, but they found him with the weapon and the manifesto. the manifesto implies the crime is something he wants credit for. i'm…"", 'SICKNESS\': Trump goes off on those with an ""appetite"" for elite cold-blooded killer suspect, torching liberals\' viral support of Luigi Mangione and saying, ""I don\'t get it.""', ""why and how is luigi mangione pleading not guilty? not only do they have fingerprint evidence, but they found him with the weapon and the manifesto. the manifesto implies the crime is something he wants credit for. i'm very confused. \n\ni'd love for someone who knows more about…""]",killer - murderer - donald - assassin - killed - kill - healthcare - guilty - innocent - trump,False,12/10/2024 2:06,12/10/2024 2:06
"The head of UnitedHealthcare is shot dead in the street, the alleged perpetrator is celebrated by many as a hero. Typical USA, says SPIEGEL correspondent Marc Pitzke – and explains the anger at the healthcare system.",9,9_crimes_arrested_killer_perpetrator,"['crimes', 'arrested', 'killer', 'perpetrator', 'vicious', 'baron', 'sin', 'hero', 'trending', 'police']","['Pennsylvania Governor Josh Shapiro goes off on people who are celebrating Luigi Mangione for allegedly murdering UnitedHealthcare CEO Brian Thompson.\n\n""In America, we do not kill people in cold blood to resolve policy differences or to express a viewpoint.""\n\nHe calls it…', 'Healthcare boss Brian Thompson’s killer may have fled New York, police say, via   \n\nUnless its blizzard snow. Im of the opinion people wearing hoodies covered up should be shot by default. As normally speaking their obviously up to no good.', 'Person who deleted/erased CEO of UnitedHealthCare is illegal immigrant came from Latin Spanish countries like Venezuela 🇻🇪 travel from Atlanta, Georgia to New York City and left state of New York in United States Of America. This is migrant crime related.\n\n~ Baron Tremayne Caple']",crimes - arrested - killer - perpetrator - vicious - baron - sin - hero - trending - police,False,12/14/2024 4:48,12/14/2024 4:48
I hope the slain CEO's family goes on a murderous rampage against anyone laughing at the loss of their loved one the same way Luigi went on a murderous rampage because it hurts when he gets pegged.,4,4_murderous_killed_assassin_death,"['murderous', 'killed', 'assassin', 'death', 'psychotic', 'guy', 'fuck', 'someone', 'rampage', 'prisoners']","['Elon family vibes? The only time he decided to start showing up with his kids was to use them as human shields after Luigi killed the health insurance CEO.', 'Luigi needed good parenting, a good figurative azz-whooping, and a JOB. \n\nInstead, he was coddled & funded in his dangerous misery by Liberal Microcosms of Society,\n\nwho are hell-bent on keeping vulnerable people poorly-informed & rage-fueled,\n\nbc that’s the only real way they,…', ""This is why we are a failing country. He avoids every possible reason for WHY people aren't upset that Luigi killed that guy. Instead he totes about 250 new citi bikes that will make life so much easier for people haha""]",murderous - killed - assassin - death - psychotic - guy - fuck - someone - rampage - prisoners,False,12/14/2024 3:11,12/14/2024 3:11
Wow it helps to have this kind of privilege like Luigi does.,3,3_danny_hell_guy_everyone,"['danny', 'hell', 'guy', 'everyone', 'strike', 'killed', 'fuck', 'actually', 'crazy', 'disaster']","['Everyone rn: I want Luigi to tear apart my holes and die from bleeding\n\nFav oomf: here are my favorite bakes of the year! ❤️ up next dark chocolate shortbread cookies 🍪🍫🍫👩\u200d🍳', '𝙏𝙝𝙚𝙮 𝙠𝙣𝙤𝙬 𝙬𝙝𝙖𝙩 𝙠𝙞𝙣𝙙 𝙤𝙛 𝙖 𝙥𝙚𝙧𝙨𝙤𝙣 𝙩𝙝𝙚𝙞𝙧 𝙘𝙝𝙞𝙡𝙙 𝙖𝙣𝙮𝙬𝙖𝙮 𝙗𝙚𝙛𝙤𝙧𝙚 𝙞𝙩 𝙝𝙖𝙥𝙥𝙚𝙣. \n\nIn the bible, it is better to discipline your child. \nI believe time will heal, but Luigi is unwell if you observe him very carefully', 'Tone, did ya hear the Luigi kid came out of hiding because he wanted a McFlurry.? You almost can’t blame the dumb little bastard, ya never know when those ice cream machine’s are workin, Skip. Ya gotta strike when the iron’s hot hehe']",danny - hell - guy - everyone - strike - killed - fuck - actually - crazy - disaster,False,12/14/2024 3:08,12/14/2024 3:08
"Luigi is a coward who shot a man in the back, was manhandled by a female cop and pissed his pants when caught",2,2_matter_acted_cause_gun,"['matter', 'acted', 'cause', 'gun', 'murderer', 'guy', 'proven', 'elliot', 'else', 'brother']","[""Luigi (allegedly) committed murder in broad daylight, while it's been proven in a court of law that Kyle acted in self-defense. You're either willfully ignorant of that fact, or just incredibly fucking stupid."", 'So luigi travel across many states line is okay?\n\nKyle travel 15 minutes drive to neighborhood he grew up to defend it from looters\nHe shots in self defense to 3 rioters who chase after him trying to harm him.\n\nLuigi travel thousands of miles\nTo kill a guy\n\nDEM❤️criminals', ""that I don't take sides? I never have and I never will\n\nwhat luigi did was not self defense if it was then it would have been justified as the other self defense thing was""]",matter - acted - cause - gun - murderer - guy - proven - elliot - else - brother,False,12/14/2024 2:56,12/14/2024 2:56
"""And Luigi’s about to find that out the hard way.""",3,3_danny_hell_guy_everyone,"['danny', 'hell', 'guy', 'everyone', 'strike', 'killed', 'fuck', 'actually', 'crazy', 'disaster']","['Everyone rn: I want Luigi to tear apart my holes and die from bleeding\n\nFav oomf: here are my favorite bakes of the year! ❤️ up next dark chocolate shortbread cookies 🍪🍫🍫👩\u200d🍳', '𝙏𝙝𝙚𝙮 𝙠𝙣𝙤𝙬 𝙬𝙝𝙖𝙩 𝙠𝙞𝙣𝙙 𝙤𝙛 𝙖 𝙥𝙚𝙧𝙨𝙤𝙣 𝙩𝙝𝙚𝙞𝙧 𝙘𝙝𝙞𝙡𝙙 𝙖𝙣𝙮𝙬𝙖𝙮 𝙗𝙚𝙛𝙤𝙧𝙚 𝙞𝙩 𝙝𝙖𝙥𝙥𝙚𝙣. \n\nIn the bible, it is better to discipline your child. \nI believe time will heal, but Luigi is unwell if you observe him very carefully', 'Tone, did ya hear the Luigi kid came out of hiding because he wanted a McFlurry.? You almost can’t blame the dumb little bastard, ya never know when those ice cream machine’s are workin, Skip. Ya gotta strike when the iron’s hot hehe']",danny - hell - guy - everyone - strike - killed - fuck - actually - crazy - disaster,False,12/14/2024 2:52,12/14/2024 2:52
"and  — regardless of what the truth is, I mean, how did the CEO *not* expect this to happen? Dumb.",9,9_crimes_arrested_killer_perpetrator,"['crimes', 'arrested', 'killer', 'perpetrator', 'vicious', 'baron', 'sin', 'hero', 'trending', 'police']","['Pennsylvania Governor Josh Shapiro goes off on people who are celebrating Luigi Mangione for allegedly murdering UnitedHealthcare CEO Brian Thompson.\n\n""In America, we do not kill people in cold blood to resolve policy differences or to express a viewpoint.""\n\nHe calls it…', 'Healthcare boss Brian Thompson’s killer may have fled New York, police say, via   \n\nUnless its blizzard snow. Im of the opinion people wearing hoodies covered up should be shot by default. As normally speaking their obviously up to no good.', 'Person who deleted/erased CEO of UnitedHealthCare is illegal immigrant came from Latin Spanish countries like Venezuela 🇻🇪 travel from Atlanta, Georgia to New York City and left state of New York in United States Of America. This is migrant crime related.\n\n~ Baron Tremayne Caple']",crimes - arrested - killer - perpetrator - vicious - baron - sin - hero - trending - police,False,12/14/2024 1:31,12/14/2024 1:31
"Mangione lost me with his shitty manifesto ngl, at first I thought it was interesting. 

I think there can be an argument is taht lately we're seeing a rise in White vigilantism which you can argue is a good trend.",5,5_murderous_bombed_terrorists_brendan,"['murderous', 'bombed', 'terrorists', 'brendan', 'detectives', 'wounds', 'prison', 'jesus', 'hunt', 'fully']","[""No proof Mangione did it, plenty of proof he's a rich Nazi\n\nNo proof the GFM raised supposedly in his name went to him, but his lawyer has repeatedly turned down funding offers. So $100k+ has gone to a very likely scam & almost none to ppl in real need bc y'all want heroes so bad"", 'Kyle tried to hunt humans.\n\nKyle got caught trying to hunt humans. \n\nKyle killed humans who realized they were being hunted and tried to defend themselves. \n\nKyle is a murderous sack of shit. \nMangione is a murderous sack of shit.', 'JESUS , I THOUGHT THIS LOUIGI BENADUCI CORLEONE....MANGIONE GUAVACELLI KID WAS SMART...THE ONLY GUYS HE DIDNT GIVE A PHOTO OPP TO WAS  KEEPIN THE GUNW THE SILENCER ..ITS 20 ALONE FOR THE SUPPRESOR THEN COMPLAININ BOUT A BAD BACK...I GOT A BAD BACK KID BAD .']",murderous - bombed - terrorists - brendan - detectives - wounds - prison - jesus - hunt - fully,False,12/14/2024 0:41,12/14/2024 0:41
"Even if you don't think the killing was justified, viewing Brian Thompson negatively is absolutely sick. No one has yet pointed to a single unethical or untoward decision he personally made.",6,6_healthcare_insurance_killer_murdering,"['healthcare', 'insurance', 'killer', 'murdering', 'taxpayer', 'whose', 'bankrupt', 'justice', 'experts', 'companies']","['🚨NEW PODCAST EPISODE OUT NOW🚨\n\n discuss the extraordinary response to the murder of US health insurance boss Brian Thompson. \n\nHow can anyone celebrate his cold-blooded killing? The Matts test their theory that everything before “but” is bullsh*t', ""I understand the anger at insurance companies. But I'm appalled by the glorification in some quarters of the murder of Brian Thompson. Yes, he was an insurance executive, but he was also a dad and certainly didn't deserve to be executed and have people jeer at his family's loss."", 'Won’t delete this.\n\nBrian Thompson, UHC CEO, was a winner. Everyone has a death. His family will live in wealth centuries after his.\n\nCan’t say the same of socialist vermin who lose their healthcare 😢.\n\nThey’re losers whose deaths will cleanse the earth of their filthy presence.']",healthcare - insurance - killer - murdering - taxpayer - whose - bankrupt - justice - experts - companies,False,12/14/2024 0:17,12/14/2024 0:17
"The other way round:
These things happening ensured the glorification and justification of Mangione's actions.",5,5_murderous_bombed_terrorists_brendan,"['murderous', 'bombed', 'terrorists', 'brendan', 'detectives', 'wounds', 'prison', 'jesus', 'hunt', 'fully']","[""No proof Mangione did it, plenty of proof he's a rich Nazi\n\nNo proof the GFM raised supposedly in his name went to him, but his lawyer has repeatedly turned down funding offers. So $100k+ has gone to a very likely scam & almost none to ppl in real need bc y'all want heroes so bad"", 'Kyle tried to hunt humans.\n\nKyle got caught trying to hunt humans. \n\nKyle killed humans who realized they were being hunted and tried to defend themselves. \n\nKyle is a murderous sack of shit. \nMangione is a murderous sack of shit.', 'JESUS , I THOUGHT THIS LOUIGI BENADUCI CORLEONE....MANGIONE GUAVACELLI KID WAS SMART...THE ONLY GUYS HE DIDNT GIVE A PHOTO OPP TO WAS  KEEPIN THE GUNW THE SILENCER ..ITS 20 ALONE FOR THE SUPPRESOR THEN COMPLAININ BOUT A BAD BACK...I GOT A BAD BACK KID BAD .']",murderous - bombed - terrorists - brendan - detectives - wounds - prison - jesus - hunt - fully,False,12/13/2024 23:52,12/13/2024 23:52
Now what if this luigi guy is an ugly man ? There will be no 'free him' . This is just a halo effect. People assume him a good person because of his looks. He still a murderer,2,2_matter_acted_cause_gun,"['matter', 'acted', 'cause', 'gun', 'murderer', 'guy', 'proven', 'elliot', 'else', 'brother']","[""Luigi (allegedly) committed murder in broad daylight, while it's been proven in a court of law that Kyle acted in self-defense. You're either willfully ignorant of that fact, or just incredibly fucking stupid."", 'So luigi travel across many states line is okay?\n\nKyle travel 15 minutes drive to neighborhood he grew up to defend it from looters\nHe shots in self defense to 3 rioters who chase after him trying to harm him.\n\nLuigi travel thousands of miles\nTo kill a guy\n\nDEM❤️criminals', ""that I don't take sides? I never have and I never will\n\nwhat luigi did was not self defense if it was then it would have been justified as the other self defense thing was""]",matter - acted - cause - gun - murderer - guy - proven - elliot - else - brother,False,12/13/2024 22:36,12/13/2024 22:36
Why would a person like you defend Luigi Magione after what he murdered a someone's father and husband?,2,2_matter_acted_cause_gun,"['matter', 'acted', 'cause', 'gun', 'murderer', 'guy', 'proven', 'elliot', 'else', 'brother']","[""Luigi (allegedly) committed murder in broad daylight, while it's been proven in a court of law that Kyle acted in self-defense. You're either willfully ignorant of that fact, or just incredibly fucking stupid."", 'So luigi travel across many states line is okay?\n\nKyle travel 15 minutes drive to neighborhood he grew up to defend it from looters\nHe shots in self defense to 3 rioters who chase after him trying to harm him.\n\nLuigi travel thousands of miles\nTo kill a guy\n\nDEM❤️criminals', ""that I don't take sides? I never have and I never will\n\nwhat luigi did was not self defense if it was then it would have been justified as the other self defense thing was""]",matter - acted - cause - gun - murderer - guy - proven - elliot - else - brother,False,12/13/2024 20:00,12/13/2024 20:00
Oh another dumbass simping for a murderer. If Luigi ends up free I’ll promise I will take him out.,2,2_matter_acted_cause_gun,"['matter', 'acted', 'cause', 'gun', 'murderer', 'guy', 'proven', 'elliot', 'else', 'brother']","[""Luigi (allegedly) committed murder in broad daylight, while it's been proven in a court of law that Kyle acted in self-defense. You're either willfully ignorant of that fact, or just incredibly fucking stupid."", 'So luigi travel across many states line is okay?\n\nKyle travel 15 minutes drive to neighborhood he grew up to defend it from looters\nHe shots in self defense to 3 rioters who chase after him trying to harm him.\n\nLuigi travel thousands of miles\nTo kill a guy\n\nDEM❤️criminals', ""that I don't take sides? I never have and I never will\n\nwhat luigi did was not self defense if it was then it would have been justified as the other self defense thing was""]",matter - acted - cause - gun - murderer - guy - proven - elliot - else - brother,False,12/13/2024 19:58,12/13/2024 19:58
This is why cheering for Luigi is ridiculous. The profiteers are everywhere and on all sides. You fight but you do not use violence.,2,2_matter_acted_cause_gun,"['matter', 'acted', 'cause', 'gun', 'murderer', 'guy', 'proven', 'elliot', 'else', 'brother']","[""Luigi (allegedly) committed murder in broad daylight, while it's been proven in a court of law that Kyle acted in self-defense. You're either willfully ignorant of that fact, or just incredibly fucking stupid."", 'So luigi travel across many states line is okay?\n\nKyle travel 15 minutes drive to neighborhood he grew up to defend it from looters\nHe shots in self defense to 3 rioters who chase after him trying to harm him.\n\nLuigi travel thousands of miles\nTo kill a guy\n\nDEM❤️criminals', ""that I don't take sides? I never have and I never will\n\nwhat luigi did was not self defense if it was then it would have been justified as the other self defense thing was""]",matter - acted - cause - gun - murderer - guy - proven - elliot - else - brother,False,12/13/2024 17:51,12/13/2024 17:51
I Believe Luigi Mangione Is Guilty For Murder. ! ?,1,1_killer_murderer_donald_assassin,"['killer', 'murderer', 'donald', 'assassin', 'killed', 'kill', 'healthcare', 'guilty', 'innocent', 'trump']","[""why and how is luigi mangione pleading not guilty? obviously he is allowed to do that, but it makes no sense. \n\nnot only do they have fingerprint evidence, but they found him with the weapon and the manifesto. the manifesto implies the crime is something he wants credit for. i'm…"", 'SICKNESS\': Trump goes off on those with an ""appetite"" for elite cold-blooded killer suspect, torching liberals\' viral support of Luigi Mangione and saying, ""I don\'t get it.""', ""why and how is luigi mangione pleading not guilty? not only do they have fingerprint evidence, but they found him with the weapon and the manifesto. the manifesto implies the crime is something he wants credit for. i'm very confused. \n\ni'd love for someone who knows more about…""]",killer - murderer - donald - assassin - killed - kill - healthcare - guilty - innocent - trump,False,12/13/2024 16:48,12/13/2024 16:48
"🚨NEW PODCAST EPISODE OUT NOW🚨

 discuss the extraordinary response to the murder of US health insurance boss Brian Thompson. 

How can anyone celebrate his cold-blooded killing? The Matts test their theory that everything before “but” is bullsh*t",6,6_healthcare_insurance_killer_murdering,"['healthcare', 'insurance', 'killer', 'murdering', 'taxpayer', 'whose', 'bankrupt', 'justice', 'experts', 'companies']","['🚨NEW PODCAST EPISODE OUT NOW🚨\n\n discuss the extraordinary response to the murder of US health insurance boss Brian Thompson. \n\nHow can anyone celebrate his cold-blooded killing? The Matts test their theory that everything before “but” is bullsh*t', ""I understand the anger at insurance companies. But I'm appalled by the glorification in some quarters of the murder of Brian Thompson. Yes, he was an insurance executive, but he was also a dad and certainly didn't deserve to be executed and have people jeer at his family's loss."", 'Won’t delete this.\n\nBrian Thompson, UHC CEO, was a winner. Everyone has a death. His family will live in wealth centuries after his.\n\nCan’t say the same of socialist vermin who lose their healthcare 😢.\n\nThey’re losers whose deaths will cleanse the earth of their filthy presence.']",healthcare - insurance - killer - murdering - taxpayer - whose - bankrupt - justice - experts - companies,True,12/13/2024 16:38,12/13/2024 16:38
"Luigi is a murderer and he didn't do shit. Fucking gross to compare him to Joan d'Arc. Celebrating a piece of shit murderer is satanic and I won't do it no matter how much you want me to.

You also don't know who's in hell or not so no you don't know that at all, stop the larp.",2,2_matter_acted_cause_gun,"['matter', 'acted', 'cause', 'gun', 'murderer', 'guy', 'proven', 'elliot', 'else', 'brother']","[""Luigi (allegedly) committed murder in broad daylight, while it's been proven in a court of law that Kyle acted in self-defense. You're either willfully ignorant of that fact, or just incredibly fucking stupid."", 'So luigi travel across many states line is okay?\n\nKyle travel 15 minutes drive to neighborhood he grew up to defend it from looters\nHe shots in self defense to 3 rioters who chase after him trying to harm him.\n\nLuigi travel thousands of miles\nTo kill a guy\n\nDEM❤️criminals', ""that I don't take sides? I never have and I never will\n\nwhat luigi did was not self defense if it was then it would have been justified as the other self defense thing was""]",matter - acted - cause - gun - murderer - guy - proven - elliot - else - brother,False,12/13/2024 13:51,12/13/2024 13:51
Luigi Mangione's father is the owner of a multi million dollar real estate empire. Luigi is his heir. He grew up in luxury & wealth. These people are fucking retarded.,0,0_mangioni_nick_scumbag_killer,"['mangioni', 'nick', 'scumbag', 'killer', 'hero', 'said', 'guy', 'hes', 'insane', 'much']","['The case of Luigi Mangione is the perfect example of what drives left wing zealotry.\n\nHe was a normal, successful dude. Once he got a debilitating back injury, he became impotent in relation to society. He became angry, hate-filled & resentful. Needed to blame others. Leftist.', 'Idolizing Luigi Mangione is a sign of low IQ\n\nHe is a retard that supposedly shot a dude for being unable to have gay sex anymore due to his back condition.\n\nNot a hero, and accomplished nothing in the grand scheme of things. It changes nothing', '""who did nothing to him* is the most essential part here.\n\nThe protestors blocking a road effectively took a lot of people hostage, the old man simply liberated everyone (based and justified)\n\nLuigi Mangione shot a man in the back who was just walking there.\n(cringe and gay)']",mangioni - nick - scumbag - killer - hero - said - guy - hes - insane - much,False,12/13/2024 12:38,12/13/2024 12:38
Wait till the killer strikes again while Luigi is in jail,2,2_matter_acted_cause_gun,"['matter', 'acted', 'cause', 'gun', 'murderer', 'guy', 'proven', 'elliot', 'else', 'brother']","[""Luigi (allegedly) committed murder in broad daylight, while it's been proven in a court of law that Kyle acted in self-defense. You're either willfully ignorant of that fact, or just incredibly fucking stupid."", 'So luigi travel across many states line is okay?\n\nKyle travel 15 minutes drive to neighborhood he grew up to defend it from looters\nHe shots in self defense to 3 rioters who chase after him trying to harm him.\n\nLuigi travel thousands of miles\nTo kill a guy\n\nDEM❤️criminals', ""that I don't take sides? I never have and I never will\n\nwhat luigi did was not self defense if it was then it would have been justified as the other self defense thing was""]",matter - acted - cause - gun - murderer - guy - proven - elliot - else - brother,False,12/13/2024 10:06,12/13/2024 10:06
"Hypothesis, you now have killed your brother’s murderer, still feel angst and pain? 
It teaches you that loss is loss. it won’t bring your brother back. Luigi killed a man cause of his back pain. no eye for eye, in fact unjust from Luigi’s side…",2,2_matter_acted_cause_gun,"['matter', 'acted', 'cause', 'gun', 'murderer', 'guy', 'proven', 'elliot', 'else', 'brother']","[""Luigi (allegedly) committed murder in broad daylight, while it's been proven in a court of law that Kyle acted in self-defense. You're either willfully ignorant of that fact, or just incredibly fucking stupid."", 'So luigi travel across many states line is okay?\n\nKyle travel 15 minutes drive to neighborhood he grew up to defend it from looters\nHe shots in self defense to 3 rioters who chase after him trying to harm him.\n\nLuigi travel thousands of miles\nTo kill a guy\n\nDEM❤️criminals', ""that I don't take sides? I never have and I never will\n\nwhat luigi did was not self defense if it was then it would have been justified as the other self defense thing was""]",matter - acted - cause - gun - murderer - guy - proven - elliot - else - brother,False,12/13/2024 9:54,12/13/2024 9:54
"The answer is right next to the fingerprints Luigi left at the scene of the killing. Wait, in the video, he had gloves on....",2,2_matter_acted_cause_gun,"['matter', 'acted', 'cause', 'gun', 'murderer', 'guy', 'proven', 'elliot', 'else', 'brother']","[""Luigi (allegedly) committed murder in broad daylight, while it's been proven in a court of law that Kyle acted in self-defense. You're either willfully ignorant of that fact, or just incredibly fucking stupid."", 'So luigi travel across many states line is okay?\n\nKyle travel 15 minutes drive to neighborhood he grew up to defend it from looters\nHe shots in self defense to 3 rioters who chase after him trying to harm him.\n\nLuigi travel thousands of miles\nTo kill a guy\n\nDEM❤️criminals', ""that I don't take sides? I never have and I never will\n\nwhat luigi did was not self defense if it was then it would have been justified as the other self defense thing was""]",matter - acted - cause - gun - murderer - guy - proven - elliot - else - brother,False,12/13/2024 8:08,12/13/2024 8:08
"It's not defending elliot, it's attacking luigi by saying he's just as bad but he gets away with it just cause of his looks",2,2_matter_acted_cause_gun,"['matter', 'acted', 'cause', 'gun', 'murderer', 'guy', 'proven', 'elliot', 'else', 'brother']","[""Luigi (allegedly) committed murder in broad daylight, while it's been proven in a court of law that Kyle acted in self-defense. You're either willfully ignorant of that fact, or just incredibly fucking stupid."", 'So luigi travel across many states line is okay?\n\nKyle travel 15 minutes drive to neighborhood he grew up to defend it from looters\nHe shots in self defense to 3 rioters who chase after him trying to harm him.\n\nLuigi travel thousands of miles\nTo kill a guy\n\nDEM❤️criminals', ""that I don't take sides? I never have and I never will\n\nwhat luigi did was not self defense if it was then it would have been justified as the other self defense thing was""]",matter - acted - cause - gun - murderer - guy - proven - elliot - else - brother,False,12/13/2024 8:00,12/13/2024 8:00
Perfect speciman to spawn in and easy to manipulate from vibrational frequencies being experienced by Luigi.,3,3_danny_hell_guy_everyone,"['danny', 'hell', 'guy', 'everyone', 'strike', 'killed', 'fuck', 'actually', 'crazy', 'disaster']","['Everyone rn: I want Luigi to tear apart my holes and die from bleeding\n\nFav oomf: here are my favorite bakes of the year! ❤️ up next dark chocolate shortbread cookies 🍪🍫🍫👩\u200d🍳', '𝙏𝙝𝙚𝙮 𝙠𝙣𝙤𝙬 𝙬𝙝𝙖𝙩 𝙠𝙞𝙣𝙙 𝙤𝙛 𝙖 𝙥𝙚𝙧𝙨𝙤𝙣 𝙩𝙝𝙚𝙞𝙧 𝙘𝙝𝙞𝙡𝙙 𝙖𝙣𝙮𝙬𝙖𝙮 𝙗𝙚𝙛𝙤𝙧𝙚 𝙞𝙩 𝙝𝙖𝙥𝙥𝙚𝙣. \n\nIn the bible, it is better to discipline your child. \nI believe time will heal, but Luigi is unwell if you observe him very carefully', 'Tone, did ya hear the Luigi kid came out of hiding because he wanted a McFlurry.? You almost can’t blame the dumb little bastard, ya never know when those ice cream machine’s are workin, Skip. Ya gotta strike when the iron’s hot hehe']",danny - hell - guy - everyone - strike - killed - fuck - actually - crazy - disaster,False,12/13/2024 7:56,12/13/2024 7:56
He and Endymion already grifting about it lmao God can we UnitedHealthcare CEO these losers,9,9_crimes_arrested_killer_perpetrator,"['crimes', 'arrested', 'killer', 'perpetrator', 'vicious', 'baron', 'sin', 'hero', 'trending', 'police']","['Pennsylvania Governor Josh Shapiro goes off on people who are celebrating Luigi Mangione for allegedly murdering UnitedHealthcare CEO Brian Thompson.\n\n""In America, we do not kill people in cold blood to resolve policy differences or to express a viewpoint.""\n\nHe calls it…', 'Healthcare boss Brian Thompson’s killer may have fled New York, police say, via   \n\nUnless its blizzard snow. Im of the opinion people wearing hoodies covered up should be shot by default. As normally speaking their obviously up to no good.', 'Person who deleted/erased CEO of UnitedHealthCare is illegal immigrant came from Latin Spanish countries like Venezuela 🇻🇪 travel from Atlanta, Georgia to New York City and left state of New York in United States Of America. This is migrant crime related.\n\n~ Baron Tremayne Caple']",crimes - arrested - killer - perpetrator - vicious - baron - sin - hero - trending - police,False,12/13/2024 6:51,12/13/2024 6:51
The only murderer is Luigi. I don’t get your theory at all.,2,2_matter_acted_cause_gun,"['matter', 'acted', 'cause', 'gun', 'murderer', 'guy', 'proven', 'elliot', 'else', 'brother']","[""Luigi (allegedly) committed murder in broad daylight, while it's been proven in a court of law that Kyle acted in self-defense. You're either willfully ignorant of that fact, or just incredibly fucking stupid."", 'So luigi travel across many states line is okay?\n\nKyle travel 15 minutes drive to neighborhood he grew up to defend it from looters\nHe shots in self defense to 3 rioters who chase after him trying to harm him.\n\nLuigi travel thousands of miles\nTo kill a guy\n\nDEM❤️criminals', ""that I don't take sides? I never have and I never will\n\nwhat luigi did was not self defense if it was then it would have been justified as the other self defense thing was""]",matter - acted - cause - gun - murderer - guy - proven - elliot - else - brother,False,12/13/2024 4:01,12/13/2024 4:01
"He picked his target purely because, like Dexter, he wanted to choose a target that would get him sympathy & support. It was a narcissistic target. 

I think Luigi felt crushed by the pressure of expectations & decided he'd rather be infamous than a nobody.",2,2_matter_acted_cause_gun,"['matter', 'acted', 'cause', 'gun', 'murderer', 'guy', 'proven', 'elliot', 'else', 'brother']","[""Luigi (allegedly) committed murder in broad daylight, while it's been proven in a court of law that Kyle acted in self-defense. You're either willfully ignorant of that fact, or just incredibly fucking stupid."", 'So luigi travel across many states line is okay?\n\nKyle travel 15 minutes drive to neighborhood he grew up to defend it from looters\nHe shots in self defense to 3 rioters who chase after him trying to harm him.\n\nLuigi travel thousands of miles\nTo kill a guy\n\nDEM❤️criminals', ""that I don't take sides? I never have and I never will\n\nwhat luigi did was not self defense if it was then it would have been justified as the other self defense thing was""]",matter - acted - cause - gun - murderer - guy - proven - elliot - else - brother,False,12/13/2024 2:25,12/13/2024 2:25
"Fox News’ Jesse Watters on Luigi Mangione:""He’s way too soft. He’s going to get annihilated. Good! If he's not going to get the death penalty, maybe someone will do him justice behind bars."" Watters' net worth $95 Million. Annual salary - $12 million. No arrest.",1,1_killer_murderer_donald_assassin,"['killer', 'murderer', 'donald', 'assassin', 'killed', 'kill', 'healthcare', 'guilty', 'innocent', 'trump']","[""why and how is luigi mangione pleading not guilty? obviously he is allowed to do that, but it makes no sense. \n\nnot only do they have fingerprint evidence, but they found him with the weapon and the manifesto. the manifesto implies the crime is something he wants credit for. i'm…"", 'SICKNESS\': Trump goes off on those with an ""appetite"" for elite cold-blooded killer suspect, torching liberals\' viral support of Luigi Mangione and saying, ""I don\'t get it.""', ""why and how is luigi mangione pleading not guilty? not only do they have fingerprint evidence, but they found him with the weapon and the manifesto. the manifesto implies the crime is something he wants credit for. i'm very confused. \n\ni'd love for someone who knows more about…""]",killer - murderer - donald - assassin - killed - kill - healthcare - guilty - innocent - trump,False,12/13/2024 2:04,12/13/2024 2:04
"One is incel Elliot Rodger’s who seeming had nothing physically wrong with him to my knowledge. His lack of sex was caused by his personality.

The other is the CEO shooter Luigi who is a stereotypical Italian who can’t fuck because he blew his back out plumbing or summin.",2,2_matter_acted_cause_gun,"['matter', 'acted', 'cause', 'gun', 'murderer', 'guy', 'proven', 'elliot', 'else', 'brother']","[""Luigi (allegedly) committed murder in broad daylight, while it's been proven in a court of law that Kyle acted in self-defense. You're either willfully ignorant of that fact, or just incredibly fucking stupid."", 'So luigi travel across many states line is okay?\n\nKyle travel 15 minutes drive to neighborhood he grew up to defend it from looters\nHe shots in self defense to 3 rioters who chase after him trying to harm him.\n\nLuigi travel thousands of miles\nTo kill a guy\n\nDEM❤️criminals', ""that I don't take sides? I never have and I never will\n\nwhat luigi did was not self defense if it was then it would have been justified as the other self defense thing was""]",matter - acted - cause - gun - murderer - guy - proven - elliot - else - brother,False,12/13/2024 0:28,12/13/2024 0:28
People in jail are screaming Free Luigi. Do you know how nuts that is????,4,4_murderous_killed_assassin_death,"['murderous', 'killed', 'assassin', 'death', 'psychotic', 'guy', 'fuck', 'someone', 'rampage', 'prisoners']","['Elon family vibes? The only time he decided to start showing up with his kids was to use them as human shields after Luigi killed the health insurance CEO.', 'Luigi needed good parenting, a good figurative azz-whooping, and a JOB. \n\nInstead, he was coddled & funded in his dangerous misery by Liberal Microcosms of Society,\n\nwho are hell-bent on keeping vulnerable people poorly-informed & rage-fueled,\n\nbc that’s the only real way they,…', ""This is why we are a failing country. He avoids every possible reason for WHY people aren't upset that Luigi killed that guy. Instead he totes about 250 new citi bikes that will make life so much easier for people haha""]",murderous - killed - assassin - death - psychotic - guy - fuck - someone - rampage - prisoners,False,12/13/2024 0:11,12/13/2024 0:11
"Yeah, you sound like Stalin. And Castro, and Mao. What you are, is a communist. It’s a shame New York doesn’t have the death penalty. Too bad Luigi didn’t do it here in Florida because we would give him the needle 💉 ☠️.",8,8_deserved_fucked_innocent_must,"['deserved', 'fucked', 'innocent', 'must', 'murderer', 'shame', 'evil', 'feared', 'offences', 'murdering']","[""Earth to the undocumented: American citizens love raping (shout out to Donny), shooting their own (refer to Luigi Magione) for that reason you will not be deported. #USA has a poor record stopping domestic terror. Heck, blonde Christian Charles Whitman massacred students in '66."", 'Yeah, you sound like Stalin. And Castro, and Mao. What you are, is a communist. It’s a shame New York doesn’t have the death penalty. Too bad Luigi didn’t do it here in Florida because we would give him the needle 💉 ☠️.', ""Barack Obama's violent activist.\nReal Motive-Obamacare feared\nUnitedHealth taking Obamacare business. Best let Luigi tell citizens that UHealth is bad. Get nation in uproar. Luigi orders from Obama “ Fix it-Luigi then jihad.” 14 yrold girl in WI radicalized to Jihad""]",deserved - fucked - innocent - must - murderer - shame - evil - feared - offences - murdering,True,12/13/2024 0:04,12/13/2024 0:04
MAKE A WISH LUIGI MAKE A WISHHHH 🖕🏻🖕🏻🖕🏻🖕🏻🖕🏻🖕🏻🖕🏻🖕🏻🖕🏻🖕🏻🖕🏻,3,3_danny_hell_guy_everyone,"['danny', 'hell', 'guy', 'everyone', 'strike', 'killed', 'fuck', 'actually', 'crazy', 'disaster']","['Everyone rn: I want Luigi to tear apart my holes and die from bleeding\n\nFav oomf: here are my favorite bakes of the year! ❤️ up next dark chocolate shortbread cookies 🍪🍫🍫👩\u200d🍳', '𝙏𝙝𝙚𝙮 𝙠𝙣𝙤𝙬 𝙬𝙝𝙖𝙩 𝙠𝙞𝙣𝙙 𝙤𝙛 𝙖 𝙥𝙚𝙧𝙨𝙤𝙣 𝙩𝙝𝙚𝙞𝙧 𝙘𝙝𝙞𝙡𝙙 𝙖𝙣𝙮𝙬𝙖𝙮 𝙗𝙚𝙛𝙤𝙧𝙚 𝙞𝙩 𝙝𝙖𝙥𝙥𝙚𝙣. \n\nIn the bible, it is better to discipline your child. \nI believe time will heal, but Luigi is unwell if you observe him very carefully', 'Tone, did ya hear the Luigi kid came out of hiding because he wanted a McFlurry.? You almost can’t blame the dumb little bastard, ya never know when those ice cream machine’s are workin, Skip. Ya gotta strike when the iron’s hot hehe']",danny - hell - guy - everyone - strike - killed - fuck - actually - crazy - disaster,False,12/12/2024 23:33,12/12/2024 23:33
Everyone / anyone except for Luigi !,3,3_danny_hell_guy_everyone,"['danny', 'hell', 'guy', 'everyone', 'strike', 'killed', 'fuck', 'actually', 'crazy', 'disaster']","['Everyone rn: I want Luigi to tear apart my holes and die from bleeding\n\nFav oomf: here are my favorite bakes of the year! ❤️ up next dark chocolate shortbread cookies 🍪🍫🍫👩\u200d🍳', '𝙏𝙝𝙚𝙮 𝙠𝙣𝙤𝙬 𝙬𝙝𝙖𝙩 𝙠𝙞𝙣𝙙 𝙤𝙛 𝙖 𝙥𝙚𝙧𝙨𝙤𝙣 𝙩𝙝𝙚𝙞𝙧 𝙘𝙝𝙞𝙡𝙙 𝙖𝙣𝙮𝙬𝙖𝙮 𝙗𝙚𝙛𝙤𝙧𝙚 𝙞𝙩 𝙝𝙖𝙥𝙥𝙚𝙣. \n\nIn the bible, it is better to discipline your child. \nI believe time will heal, but Luigi is unwell if you observe him very carefully', 'Tone, did ya hear the Luigi kid came out of hiding because he wanted a McFlurry.? You almost can’t blame the dumb little bastard, ya never know when those ice cream machine’s are workin, Skip. Ya gotta strike when the iron’s hot hehe']",danny - hell - guy - everyone - strike - killed - fuck - actually - crazy - disaster,False,12/12/2024 22:14,12/12/2024 22:14
"Luigi Mangione is a scumbag, and anyone who idolizes, worships, praises, or sexualizes him, is also as much of a scumbag as he is!",0,0_mangioni_nick_scumbag_killer,"['mangioni', 'nick', 'scumbag', 'killer', 'hero', 'said', 'guy', 'hes', 'insane', 'much']","['The case of Luigi Mangione is the perfect example of what drives left wing zealotry.\n\nHe was a normal, successful dude. Once he got a debilitating back injury, he became impotent in relation to society. He became angry, hate-filled & resentful. Needed to blame others. Leftist.', 'Idolizing Luigi Mangione is a sign of low IQ\n\nHe is a retard that supposedly shot a dude for being unable to have gay sex anymore due to his back condition.\n\nNot a hero, and accomplished nothing in the grand scheme of things. It changes nothing', '""who did nothing to him* is the most essential part here.\n\nThe protestors blocking a road effectively took a lot of people hostage, the old man simply liberated everyone (based and justified)\n\nLuigi Mangione shot a man in the back who was just walking there.\n(cringe and gay)']",mangioni - nick - scumbag - killer - hero - said - guy - hes - insane - much,False,12/12/2024 21:27,12/12/2024 21:27
Good lord. What are your charitable contributions this year?…gofundme for Luigi doesn’t count.,3,3_danny_hell_guy_everyone,"['danny', 'hell', 'guy', 'everyone', 'strike', 'killed', 'fuck', 'actually', 'crazy', 'disaster']","['Everyone rn: I want Luigi to tear apart my holes and die from bleeding\n\nFav oomf: here are my favorite bakes of the year! ❤️ up next dark chocolate shortbread cookies 🍪🍫🍫👩\u200d🍳', '𝙏𝙝𝙚𝙮 𝙠𝙣𝙤𝙬 𝙬𝙝𝙖𝙩 𝙠𝙞𝙣𝙙 𝙤𝙛 𝙖 𝙥𝙚𝙧𝙨𝙤𝙣 𝙩𝙝𝙚𝙞𝙧 𝙘𝙝𝙞𝙡𝙙 𝙖𝙣𝙮𝙬𝙖𝙮 𝙗𝙚𝙛𝙤𝙧𝙚 𝙞𝙩 𝙝𝙖𝙥𝙥𝙚𝙣. \n\nIn the bible, it is better to discipline your child. \nI believe time will heal, but Luigi is unwell if you observe him very carefully', 'Tone, did ya hear the Luigi kid came out of hiding because he wanted a McFlurry.? You almost can’t blame the dumb little bastard, ya never know when those ice cream machine’s are workin, Skip. Ya gotta strike when the iron’s hot hehe']",danny - hell - guy - everyone - strike - killed - fuck - actually - crazy - disaster,False,12/12/2024 21:26,12/12/2024 21:26
"This is the reason Luigi killed.

We glorify law breakers , criminal instigators of riots and attempted coup and people who say they can shoot someone in the middle of time square and get away with it.

And left wing politicians are too scared to deal with inequality and…",7,7_murderer_killer_killed_ceos,"['murderer', 'killer', 'killed', 'ceos', 'innocent', 'death', 'leftists', 'criminals', 'sentenced', 'riots']","['The defender of Luigi Machioni claims that her cliënt has no chance of getting a fair trial! But did Luigi Machioni that CEO Brian Thompson a fair chance? Absolutely not! Without any form of trial, without giving the CEO Thompson a chance to defend himself Luigi Machioni (see 2)', '🆘Shooter-No one will believe Luigi murdered, cowardly shot a man in the back because United didn’t care about his back ache.   a cocky ego like Obama & radicalized which led to careless actions for Obamacare issues for his mentor Obama-Luigi influencer', ""As cool as this picture is it also makes my blood boil. They don't even treat mass shooters like this. Dylann Roof got taken to fucking Burger King after killing 9 Black people, but Luigi pops one CEO and they act like he's the head of ISIS""]",murderer - killer - killed - ceos - innocent - death - leftists - criminals - sentenced - riots,False,12/12/2024 20:28,12/12/2024 20:28
"Easy: villain.

You can't justify taking someone's life over personal beliefs. Mangione's actions, regardless of his grievances, were extreme and criminal. Violence is never the answer.",5,5_murderous_bombed_terrorists_brendan,"['murderous', 'bombed', 'terrorists', 'brendan', 'detectives', 'wounds', 'prison', 'jesus', 'hunt', 'fully']","[""No proof Mangione did it, plenty of proof he's a rich Nazi\n\nNo proof the GFM raised supposedly in his name went to him, but his lawyer has repeatedly turned down funding offers. So $100k+ has gone to a very likely scam & almost none to ppl in real need bc y'all want heroes so bad"", 'Kyle tried to hunt humans.\n\nKyle got caught trying to hunt humans. \n\nKyle killed humans who realized they were being hunted and tried to defend themselves. \n\nKyle is a murderous sack of shit. \nMangione is a murderous sack of shit.', 'JESUS , I THOUGHT THIS LOUIGI BENADUCI CORLEONE....MANGIONE GUAVACELLI KID WAS SMART...THE ONLY GUYS HE DIDNT GIVE A PHOTO OPP TO WAS  KEEPIN THE GUNW THE SILENCER ..ITS 20 ALONE FOR THE SUPPRESOR THEN COMPLAININ BOUT A BAD BACK...I GOT A BAD BACK KID BAD .']",murderous - bombed - terrorists - brendan - detectives - wounds - prison - jesus - hunt - fully,False,12/12/2024 20:18,12/12/2024 20:18
"he was a brave CEO who came from nothing and improved healthcare for all americans. and in this house Brian Thompson is a hero, end of story",6,6_healthcare_insurance_killer_murdering,"['healthcare', 'insurance', 'killer', 'murdering', 'taxpayer', 'whose', 'bankrupt', 'justice', 'experts', 'companies']","['🚨NEW PODCAST EPISODE OUT NOW🚨\n\n discuss the extraordinary response to the murder of US health insurance boss Brian Thompson. \n\nHow can anyone celebrate his cold-blooded killing? The Matts test their theory that everything before “but” is bullsh*t', ""I understand the anger at insurance companies. But I'm appalled by the glorification in some quarters of the murder of Brian Thompson. Yes, he was an insurance executive, but he was also a dad and certainly didn't deserve to be executed and have people jeer at his family's loss."", 'Won’t delete this.\n\nBrian Thompson, UHC CEO, was a winner. Everyone has a death. His family will live in wealth centuries after his.\n\nCan’t say the same of socialist vermin who lose their healthcare 😢.\n\nThey’re losers whose deaths will cleanse the earth of their filthy presence.']",healthcare - insurance - killer - murdering - taxpayer - whose - bankrupt - justice - experts - companies,False,12/12/2024 20:17,12/12/2024 20:17
Any mangione out there??? Plz someone end this piece of shit,5,5_murderous_bombed_terrorists_brendan,"['murderous', 'bombed', 'terrorists', 'brendan', 'detectives', 'wounds', 'prison', 'jesus', 'hunt', 'fully']","[""No proof Mangione did it, plenty of proof he's a rich Nazi\n\nNo proof the GFM raised supposedly in his name went to him, but his lawyer has repeatedly turned down funding offers. So $100k+ has gone to a very likely scam & almost none to ppl in real need bc y'all want heroes so bad"", 'Kyle tried to hunt humans.\n\nKyle got caught trying to hunt humans. \n\nKyle killed humans who realized they were being hunted and tried to defend themselves. \n\nKyle is a murderous sack of shit. \nMangione is a murderous sack of shit.', 'JESUS , I THOUGHT THIS LOUIGI BENADUCI CORLEONE....MANGIONE GUAVACELLI KID WAS SMART...THE ONLY GUYS HE DIDNT GIVE A PHOTO OPP TO WAS  KEEPIN THE GUNW THE SILENCER ..ITS 20 ALONE FOR THE SUPPRESOR THEN COMPLAININ BOUT A BAD BACK...I GOT A BAD BACK KID BAD .']",murderous - bombed - terrorists - brendan - detectives - wounds - prison - jesus - hunt - fully,False,12/12/2024 19:27,12/12/2024 19:27
"🎯 Carlos the Jackal, Osama bin Laden & Luigi Mangione are proof that ""rich kids jacked up on radical, nihilistic philosophies can cause a lot of harm, not least to the ... folks whose interests they pretend to champion""",1,1_killer_murderer_donald_assassin,"['killer', 'murderer', 'donald', 'assassin', 'killed', 'kill', 'healthcare', 'guilty', 'innocent', 'trump']","[""why and how is luigi mangione pleading not guilty? obviously he is allowed to do that, but it makes no sense. \n\nnot only do they have fingerprint evidence, but they found him with the weapon and the manifesto. the manifesto implies the crime is something he wants credit for. i'm…"", 'SICKNESS\': Trump goes off on those with an ""appetite"" for elite cold-blooded killer suspect, torching liberals\' viral support of Luigi Mangione and saying, ""I don\'t get it.""', ""why and how is luigi mangione pleading not guilty? not only do they have fingerprint evidence, but they found him with the weapon and the manifesto. the manifesto implies the crime is something he wants credit for. i'm very confused. \n\ni'd love for someone who knows more about…""]",killer - murderer - donald - assassin - killed - kill - healthcare - guilty - innocent - trump,False,12/12/2024 18:59,12/12/2024 18:59
its funny how much communists allign with Luigi because their entire ideology is based around killing people they dont like but they are too afraid to do it.,7,7_murderer_killer_killed_ceos,"['murderer', 'killer', 'killed', 'ceos', 'innocent', 'death', 'leftists', 'criminals', 'sentenced', 'riots']","['The defender of Luigi Machioni claims that her cliënt has no chance of getting a fair trial! But did Luigi Machioni that CEO Brian Thompson a fair chance? Absolutely not! Without any form of trial, without giving the CEO Thompson a chance to defend himself Luigi Machioni (see 2)', '🆘Shooter-No one will believe Luigi murdered, cowardly shot a man in the back because United didn’t care about his back ache.   a cocky ego like Obama & radicalized which led to careless actions for Obamacare issues for his mentor Obama-Luigi influencer', ""As cool as this picture is it also makes my blood boil. They don't even treat mass shooters like this. Dylann Roof got taken to fucking Burger King after killing 9 Black people, but Luigi pops one CEO and they act like he's the head of ISIS""]",murderer - killer - killed - ceos - innocent - death - leftists - criminals - sentenced - riots,False,12/12/2024 18:56,12/12/2024 18:56
replace this flop with Luigi Mangione,0,0_mangioni_nick_scumbag_killer,"['mangioni', 'nick', 'scumbag', 'killer', 'hero', 'said', 'guy', 'hes', 'insane', 'much']","['The case of Luigi Mangione is the perfect example of what drives left wing zealotry.\n\nHe was a normal, successful dude. Once he got a debilitating back injury, he became impotent in relation to society. He became angry, hate-filled & resentful. Needed to blame others. Leftist.', 'Idolizing Luigi Mangione is a sign of low IQ\n\nHe is a retard that supposedly shot a dude for being unable to have gay sex anymore due to his back condition.\n\nNot a hero, and accomplished nothing in the grand scheme of things. It changes nothing', '""who did nothing to him* is the most essential part here.\n\nThe protestors blocking a road effectively took a lot of people hostage, the old man simply liberated everyone (based and justified)\n\nLuigi Mangione shot a man in the back who was just walking there.\n(cringe and gay)']",mangioni - nick - scumbag - killer - hero - said - guy - hes - insane - much,False,12/12/2024 18:03,12/12/2024 18:03
Sell all your luigi tokens,3,3_danny_hell_guy_everyone,"['danny', 'hell', 'guy', 'everyone', 'strike', 'killed', 'fuck', 'actually', 'crazy', 'disaster']","['Everyone rn: I want Luigi to tear apart my holes and die from bleeding\n\nFav oomf: here are my favorite bakes of the year! ❤️ up next dark chocolate shortbread cookies 🍪🍫🍫👩\u200d🍳', '𝙏𝙝𝙚𝙮 𝙠𝙣𝙤𝙬 𝙬𝙝𝙖𝙩 𝙠𝙞𝙣𝙙 𝙤𝙛 𝙖 𝙥𝙚𝙧𝙨𝙤𝙣 𝙩𝙝𝙚𝙞𝙧 𝙘𝙝𝙞𝙡𝙙 𝙖𝙣𝙮𝙬𝙖𝙮 𝙗𝙚𝙛𝙤𝙧𝙚 𝙞𝙩 𝙝𝙖𝙥𝙥𝙚𝙣. \n\nIn the bible, it is better to discipline your child. \nI believe time will heal, but Luigi is unwell if you observe him very carefully', 'Tone, did ya hear the Luigi kid came out of hiding because he wanted a McFlurry.? You almost can’t blame the dumb little bastard, ya never know when those ice cream machine’s are workin, Skip. Ya gotta strike when the iron’s hot hehe']",danny - hell - guy - everyone - strike - killed - fuck - actually - crazy - disaster,False,12/12/2024 17:08,12/12/2024 17:08
"The more I find out about this Luigi character, the more convinced i become that he basically consumed more psychedelic substances than his brain was able to manage & had a psychotic snippy-snap & decided that he was basically Samuel Witwicky IRL(however you spell it)",4,4_murderous_killed_assassin_death,"['murderous', 'killed', 'assassin', 'death', 'psychotic', 'guy', 'fuck', 'someone', 'rampage', 'prisoners']","['Elon family vibes? The only time he decided to start showing up with his kids was to use them as human shields after Luigi killed the health insurance CEO.', 'Luigi needed good parenting, a good figurative azz-whooping, and a JOB. \n\nInstead, he was coddled & funded in his dangerous misery by Liberal Microcosms of Society,\n\nwho are hell-bent on keeping vulnerable people poorly-informed & rage-fueled,\n\nbc that’s the only real way they,…', ""This is why we are a failing country. He avoids every possible reason for WHY people aren't upset that Luigi killed that guy. Instead he totes about 250 new citi bikes that will make life so much easier for people haha""]",murderous - killed - assassin - death - psychotic - guy - fuck - someone - rampage - prisoners,False,12/12/2024 16:35,12/12/2024 16:35
Please take over the Luigi Mangione prosecution. Use the Ghost Gun and/or Domestic Terrorism as the predicate crime(s) for Federal Charges and Prosecution. Take it away from Alvin Bragg who will use the case in his reelection campaign.,1,1_killer_murderer_donald_assassin,"['killer', 'murderer', 'donald', 'assassin', 'killed', 'kill', 'healthcare', 'guilty', 'innocent', 'trump']","[""why and how is luigi mangione pleading not guilty? obviously he is allowed to do that, but it makes no sense. \n\nnot only do they have fingerprint evidence, but they found him with the weapon and the manifesto. the manifesto implies the crime is something he wants credit for. i'm…"", 'SICKNESS\': Trump goes off on those with an ""appetite"" for elite cold-blooded killer suspect, torching liberals\' viral support of Luigi Mangione and saying, ""I don\'t get it.""', ""why and how is luigi mangione pleading not guilty? not only do they have fingerprint evidence, but they found him with the weapon and the manifesto. the manifesto implies the crime is something he wants credit for. i'm very confused. \n\ni'd love for someone who knows more about…""]",killer - murderer - donald - assassin - killed - kill - healthcare - guilty - innocent - trump,False,12/12/2024 16:34,12/12/2024 16:34
is Sunny trying to justify what Luigi did? Does her hubby operate when he knows they don't have insurance or find out after the operation that there's an issue & go after the insurance company? She just made him sound like some sort of saint. She has no empathy for…,4,4_murderous_killed_assassin_death,"['murderous', 'killed', 'assassin', 'death', 'psychotic', 'guy', 'fuck', 'someone', 'rampage', 'prisoners']","['Elon family vibes? The only time he decided to start showing up with his kids was to use them as human shields after Luigi killed the health insurance CEO.', 'Luigi needed good parenting, a good figurative azz-whooping, and a JOB. \n\nInstead, he was coddled & funded in his dangerous misery by Liberal Microcosms of Society,\n\nwho are hell-bent on keeping vulnerable people poorly-informed & rage-fueled,\n\nbc that’s the only real way they,…', ""This is why we are a failing country. He avoids every possible reason for WHY people aren't upset that Luigi killed that guy. Instead he totes about 250 new citi bikes that will make life so much easier for people haha""]",murderous - killed - assassin - death - psychotic - guy - fuck - someone - rampage - prisoners,False,12/12/2024 16:26,12/12/2024 16:26
"Looks like the 40,000$ prep school and Ivy League forgot to teach Luigi a vital lesson.",4,4_murderous_killed_assassin_death,"['murderous', 'killed', 'assassin', 'death', 'psychotic', 'guy', 'fuck', 'someone', 'rampage', 'prisoners']","['Elon family vibes? The only time he decided to start showing up with his kids was to use them as human shields after Luigi killed the health insurance CEO.', 'Luigi needed good parenting, a good figurative azz-whooping, and a JOB. \n\nInstead, he was coddled & funded in his dangerous misery by Liberal Microcosms of Society,\n\nwho are hell-bent on keeping vulnerable people poorly-informed & rage-fueled,\n\nbc that’s the only real way they,…', ""This is why we are a failing country. He avoids every possible reason for WHY people aren't upset that Luigi killed that guy. Instead he totes about 250 new citi bikes that will make life so much easier for people haha""]",murderous - killed - assassin - death - psychotic - guy - fuck - someone - rampage - prisoners,False,12/12/2024 16:15,12/12/2024 16:15
"While I have issues with Rittenhouse, the situation is different.

Rittenhouse shot at people who were attacking him.

Luigi is an assassin.",2,2_matter_acted_cause_gun,"['matter', 'acted', 'cause', 'gun', 'murderer', 'guy', 'proven', 'elliot', 'else', 'brother']","[""Luigi (allegedly) committed murder in broad daylight, while it's been proven in a court of law that Kyle acted in self-defense. You're either willfully ignorant of that fact, or just incredibly fucking stupid."", 'So luigi travel across many states line is okay?\n\nKyle travel 15 minutes drive to neighborhood he grew up to defend it from looters\nHe shots in self defense to 3 rioters who chase after him trying to harm him.\n\nLuigi travel thousands of miles\nTo kill a guy\n\nDEM❤️criminals', ""that I don't take sides? I never have and I never will\n\nwhat luigi did was not self defense if it was then it would have been justified as the other self defense thing was""]",matter - acted - cause - gun - murderer - guy - proven - elliot - else - brother,False,12/12/2024 14:46,12/12/2024 14:46
"Luigi Mangione ""to-do list"" in his notebook

Use a bomb , but would k*ill innocents",1,1_killer_murderer_donald_assassin,"['killer', 'murderer', 'donald', 'assassin', 'killed', 'kill', 'healthcare', 'guilty', 'innocent', 'trump']","[""why and how is luigi mangione pleading not guilty? obviously he is allowed to do that, but it makes no sense. \n\nnot only do they have fingerprint evidence, but they found him with the weapon and the manifesto. the manifesto implies the crime is something he wants credit for. i'm…"", 'SICKNESS\': Trump goes off on those with an ""appetite"" for elite cold-blooded killer suspect, torching liberals\' viral support of Luigi Mangione and saying, ""I don\'t get it.""', ""why and how is luigi mangione pleading not guilty? not only do they have fingerprint evidence, but they found him with the weapon and the manifesto. the manifesto implies the crime is something he wants credit for. i'm very confused. \n\ni'd love for someone who knows more about…""]",killer - murderer - donald - assassin - killed - kill - healthcare - guilty - innocent - trump,False,12/12/2024 13:02,12/12/2024 13:02
"Ngl this changes everything including class allegiance math. Given, Brian was just a cog in the machine and his death will have zero consequences in changing the system, Luigi is just the arsehole that yells at the fastfood waiter",3,3_danny_hell_guy_everyone,"['danny', 'hell', 'guy', 'everyone', 'strike', 'killed', 'fuck', 'actually', 'crazy', 'disaster']","['Everyone rn: I want Luigi to tear apart my holes and die from bleeding\n\nFav oomf: here are my favorite bakes of the year! ❤️ up next dark chocolate shortbread cookies 🍪🍫🍫👩\u200d🍳', '𝙏𝙝𝙚𝙮 𝙠𝙣𝙤𝙬 𝙬𝙝𝙖𝙩 𝙠𝙞𝙣𝙙 𝙤𝙛 𝙖 𝙥𝙚𝙧𝙨𝙤𝙣 𝙩𝙝𝙚𝙞𝙧 𝙘𝙝𝙞𝙡𝙙 𝙖𝙣𝙮𝙬𝙖𝙮 𝙗𝙚𝙛𝙤𝙧𝙚 𝙞𝙩 𝙝𝙖𝙥𝙥𝙚𝙣. \n\nIn the bible, it is better to discipline your child. \nI believe time will heal, but Luigi is unwell if you observe him very carefully', 'Tone, did ya hear the Luigi kid came out of hiding because he wanted a McFlurry.? You almost can’t blame the dumb little bastard, ya never know when those ice cream machine’s are workin, Skip. Ya gotta strike when the iron’s hot hehe']",danny - hell - guy - everyone - strike - killed - fuck - actually - crazy - disaster,False,12/12/2024 12:52,12/12/2024 12:52
All the commies praising Luigi Mangione as a hero when he's heavily right wing will never not be funny,0,0_mangioni_nick_scumbag_killer,"['mangioni', 'nick', 'scumbag', 'killer', 'hero', 'said', 'guy', 'hes', 'insane', 'much']","['The case of Luigi Mangione is the perfect example of what drives left wing zealotry.\n\nHe was a normal, successful dude. Once he got a debilitating back injury, he became impotent in relation to society. He became angry, hate-filled & resentful. Needed to blame others. Leftist.', 'Idolizing Luigi Mangione is a sign of low IQ\n\nHe is a retard that supposedly shot a dude for being unable to have gay sex anymore due to his back condition.\n\nNot a hero, and accomplished nothing in the grand scheme of things. It changes nothing', '""who did nothing to him* is the most essential part here.\n\nThe protestors blocking a road effectively took a lot of people hostage, the old man simply liberated everyone (based and justified)\n\nLuigi Mangione shot a man in the back who was just walking there.\n(cringe and gay)']",mangioni - nick - scumbag - killer - hero - said - guy - hes - insane - much,False,12/12/2024 12:46,12/12/2024 12:46
What fingerprints bro? Dude shot him and left,8,8_deserved_fucked_innocent_must,"['deserved', 'fucked', 'innocent', 'must', 'murderer', 'shame', 'evil', 'feared', 'offences', 'murdering']","[""Earth to the undocumented: American citizens love raping (shout out to Donny), shooting their own (refer to Luigi Magione) for that reason you will not be deported. #USA has a poor record stopping domestic terror. Heck, blonde Christian Charles Whitman massacred students in '66."", 'Yeah, you sound like Stalin. And Castro, and Mao. What you are, is a communist. It’s a shame New York doesn’t have the death penalty. Too bad Luigi didn’t do it here in Florida because we would give him the needle 💉 ☠️.', ""Barack Obama's violent activist.\nReal Motive-Obamacare feared\nUnitedHealth taking Obamacare business. Best let Luigi tell citizens that UHealth is bad. Get nation in uproar. Luigi orders from Obama “ Fix it-Luigi then jihad.” 14 yrold girl in WI radicalized to Jihad""]",deserved - fucked - innocent - must - murderer - shame - evil - feared - offences - murdering,False,12/12/2024 12:25,12/12/2024 12:25
"I agree - this was someone's son, father, and husband. He himself didnt pull the plug on Nonna or whatever Luigi's issue was. And the same logic he used could be applied to nearly every industry.

I bet it stops being heroic when it's your own family that's murdered",2,2_matter_acted_cause_gun,"['matter', 'acted', 'cause', 'gun', 'murderer', 'guy', 'proven', 'elliot', 'else', 'brother']","[""Luigi (allegedly) committed murder in broad daylight, while it's been proven in a court of law that Kyle acted in self-defense. You're either willfully ignorant of that fact, or just incredibly fucking stupid."", 'So luigi travel across many states line is okay?\n\nKyle travel 15 minutes drive to neighborhood he grew up to defend it from looters\nHe shots in self defense to 3 rioters who chase after him trying to harm him.\n\nLuigi travel thousands of miles\nTo kill a guy\n\nDEM❤️criminals', ""that I don't take sides? I never have and I never will\n\nwhat luigi did was not self defense if it was then it would have been justified as the other self defense thing was""]",matter - acted - cause - gun - murderer - guy - proven - elliot - else - brother,False,12/12/2024 11:42,12/12/2024 11:42
"The lusting after Luigi Mangione is a grim product of our age of oversharing. Having the hots for an alleged killer is the kind of thought people really should keep to themselves. We’ve lost all sense of appropriateness, says Patrick West",0,0_mangioni_nick_scumbag_killer,"['mangioni', 'nick', 'scumbag', 'killer', 'hero', 'said', 'guy', 'hes', 'insane', 'much']","['The case of Luigi Mangione is the perfect example of what drives left wing zealotry.\n\nHe was a normal, successful dude. Once he got a debilitating back injury, he became impotent in relation to society. He became angry, hate-filled & resentful. Needed to blame others. Leftist.', 'Idolizing Luigi Mangione is a sign of low IQ\n\nHe is a retard that supposedly shot a dude for being unable to have gay sex anymore due to his back condition.\n\nNot a hero, and accomplished nothing in the grand scheme of things. It changes nothing', '""who did nothing to him* is the most essential part here.\n\nThe protestors blocking a road effectively took a lot of people hostage, the old man simply liberated everyone (based and justified)\n\nLuigi Mangione shot a man in the back who was just walking there.\n(cringe and gay)']",mangioni - nick - scumbag - killer - hero - said - guy - hes - insane - much,False,12/12/2024 11:05,12/12/2024 11:05
Saw a great vid this morning of a new interview outside the prison Luigi is in. The other prisoners were shouting 'free Luigi' to the press. This is a mass radicalisation moment,4,4_murderous_killed_assassin_death,"['murderous', 'killed', 'assassin', 'death', 'psychotic', 'guy', 'fuck', 'someone', 'rampage', 'prisoners']","['Elon family vibes? The only time he decided to start showing up with his kids was to use them as human shields after Luigi killed the health insurance CEO.', 'Luigi needed good parenting, a good figurative azz-whooping, and a JOB. \n\nInstead, he was coddled & funded in his dangerous misery by Liberal Microcosms of Society,\n\nwho are hell-bent on keeping vulnerable people poorly-informed & rage-fueled,\n\nbc that’s the only real way they,…', ""This is why we are a failing country. He avoids every possible reason for WHY people aren't upset that Luigi killed that guy. Instead he totes about 250 new citi bikes that will make life so much easier for people haha""]",murderous - killed - assassin - death - psychotic - guy - fuck - someone - rampage - prisoners,False,12/12/2024 9:24,12/12/2024 9:24
"🚨🇺🇸 TIKTOKERS TURN SHOOTING SUSPECT INTO A DANCE TREND

TikTokers are at it again—this time glorifying Luigi Mangione, suspect in the shooting of UnitedHealthcare CEO Brian Thompson. 

Enter the “Luigi Mangione Dance Trend.”

Social media: where bad decisions go viral.

Source:…",0,0_mangioni_nick_scumbag_killer,"['mangioni', 'nick', 'scumbag', 'killer', 'hero', 'said', 'guy', 'hes', 'insane', 'much']","['The case of Luigi Mangione is the perfect example of what drives left wing zealotry.\n\nHe was a normal, successful dude. Once he got a debilitating back injury, he became impotent in relation to society. He became angry, hate-filled & resentful. Needed to blame others. Leftist.', 'Idolizing Luigi Mangione is a sign of low IQ\n\nHe is a retard that supposedly shot a dude for being unable to have gay sex anymore due to his back condition.\n\nNot a hero, and accomplished nothing in the grand scheme of things. It changes nothing', '""who did nothing to him* is the most essential part here.\n\nThe protestors blocking a road effectively took a lot of people hostage, the old man simply liberated everyone (based and justified)\n\nLuigi Mangione shot a man in the back who was just walking there.\n(cringe and gay)']",mangioni - nick - scumbag - killer - hero - said - guy - hes - insane - much,False,12/12/2024 9:17,12/12/2024 9:17
"BREAKING: UPenn released a statement regarding Julia Alekseyava and her remarks calling Luigi Mangione an “icon.”

All she had to do was issue a retraction for the school to not hold her accountable. This lunatic should be removed from the classroom immediately.",0,0_mangioni_nick_scumbag_killer,"['mangioni', 'nick', 'scumbag', 'killer', 'hero', 'said', 'guy', 'hes', 'insane', 'much']","['The case of Luigi Mangione is the perfect example of what drives left wing zealotry.\n\nHe was a normal, successful dude. Once he got a debilitating back injury, he became impotent in relation to society. He became angry, hate-filled & resentful. Needed to blame others. Leftist.', 'Idolizing Luigi Mangione is a sign of low IQ\n\nHe is a retard that supposedly shot a dude for being unable to have gay sex anymore due to his back condition.\n\nNot a hero, and accomplished nothing in the grand scheme of things. It changes nothing', '""who did nothing to him* is the most essential part here.\n\nThe protestors blocking a road effectively took a lot of people hostage, the old man simply liberated everyone (based and justified)\n\nLuigi Mangione shot a man in the back who was just walking there.\n(cringe and gay)']",mangioni - nick - scumbag - killer - hero - said - guy - hes - insane - much,False,12/12/2024 8:22,12/12/2024 8:22
Libshits are currently glorifying a murderer named Luigi,7,7_murderer_killer_killed_ceos,"['murderer', 'killer', 'killed', 'ceos', 'innocent', 'death', 'leftists', 'criminals', 'sentenced', 'riots']","['The defender of Luigi Machioni claims that her cliënt has no chance of getting a fair trial! But did Luigi Machioni that CEO Brian Thompson a fair chance? Absolutely not! Without any form of trial, without giving the CEO Thompson a chance to defend himself Luigi Machioni (see 2)', '🆘Shooter-No one will believe Luigi murdered, cowardly shot a man in the back because United didn’t care about his back ache.   a cocky ego like Obama & radicalized which led to careless actions for Obamacare issues for his mentor Obama-Luigi influencer', ""As cool as this picture is it also makes my blood boil. They don't even treat mass shooters like this. Dylann Roof got taken to fucking Burger King after killing 9 Black people, but Luigi pops one CEO and they act like he's the head of ISIS""]",murderer - killer - killed - ceos - innocent - death - leftists - criminals - sentenced - riots,False,12/12/2024 7:23,12/12/2024 7:23
Justice must prevail for Brian Thompson 👌,6,6_healthcare_insurance_killer_murdering,"['healthcare', 'insurance', 'killer', 'murdering', 'taxpayer', 'whose', 'bankrupt', 'justice', 'experts', 'companies']","['🚨NEW PODCAST EPISODE OUT NOW🚨\n\n discuss the extraordinary response to the murder of US health insurance boss Brian Thompson. \n\nHow can anyone celebrate his cold-blooded killing? The Matts test their theory that everything before “but” is bullsh*t', ""I understand the anger at insurance companies. But I'm appalled by the glorification in some quarters of the murder of Brian Thompson. Yes, he was an insurance executive, but he was also a dad and certainly didn't deserve to be executed and have people jeer at his family's loss."", 'Won’t delete this.\n\nBrian Thompson, UHC CEO, was a winner. Everyone has a death. His family will live in wealth centuries after his.\n\nCan’t say the same of socialist vermin who lose their healthcare 😢.\n\nThey’re losers whose deaths will cleanse the earth of their filthy presence.']",healthcare - insurance - killer - murdering - taxpayer - whose - bankrupt - justice - experts - companies,False,12/12/2024 4:12,12/12/2024 4:12
"What sort of scumbag jokes about rape?

Maybe you deserve the Brian Thompson treatment too. You sick crud!",6,6_healthcare_insurance_killer_murdering,"['healthcare', 'insurance', 'killer', 'murdering', 'taxpayer', 'whose', 'bankrupt', 'justice', 'experts', 'companies']","['🚨NEW PODCAST EPISODE OUT NOW🚨\n\n discuss the extraordinary response to the murder of US health insurance boss Brian Thompson. \n\nHow can anyone celebrate his cold-blooded killing? The Matts test their theory that everything before “but” is bullsh*t', ""I understand the anger at insurance companies. But I'm appalled by the glorification in some quarters of the murder of Brian Thompson. Yes, he was an insurance executive, but he was also a dad and certainly didn't deserve to be executed and have people jeer at his family's loss."", 'Won’t delete this.\n\nBrian Thompson, UHC CEO, was a winner. Everyone has a death. His family will live in wealth centuries after his.\n\nCan’t say the same of socialist vermin who lose their healthcare 😢.\n\nThey’re losers whose deaths will cleanse the earth of their filthy presence.']",healthcare - insurance - killer - murdering - taxpayer - whose - bankrupt - justice - experts - companies,False,12/12/2024 4:02,12/12/2024 4:02
Monday night I fought for hours on Fakebook (on one of the GenX groups) against DoZEnS and DOzENs of people whose position was that Luigi was their hero. We’re so screwed when GenX is worshipping Marxist vigilantism l.,7,7_murderer_killer_killed_ceos,"['murderer', 'killer', 'killed', 'ceos', 'innocent', 'death', 'leftists', 'criminals', 'sentenced', 'riots']","['The defender of Luigi Machioni claims that her cliënt has no chance of getting a fair trial! But did Luigi Machioni that CEO Brian Thompson a fair chance? Absolutely not! Without any form of trial, without giving the CEO Thompson a chance to defend himself Luigi Machioni (see 2)', '🆘Shooter-No one will believe Luigi murdered, cowardly shot a man in the back because United didn’t care about his back ache.   a cocky ego like Obama & radicalized which led to careless actions for Obamacare issues for his mentor Obama-Luigi influencer', ""As cool as this picture is it also makes my blood boil. They don't even treat mass shooters like this. Dylann Roof got taken to fucking Burger King after killing 9 Black people, but Luigi pops one CEO and they act like he's the head of ISIS""]",murderer - killer - killed - ceos - innocent - death - leftists - criminals - sentenced - riots,False,12/12/2024 3:50,12/12/2024 3:50
"Luigi is a fucking idiot. 😑

All of the people in Epstein's flight logs and those involved with the COVID tyranny and this is who he decides to target?",4,4_murderous_killed_assassin_death,"['murderous', 'killed', 'assassin', 'death', 'psychotic', 'guy', 'fuck', 'someone', 'rampage', 'prisoners']","['Elon family vibes? The only time he decided to start showing up with his kids was to use them as human shields after Luigi killed the health insurance CEO.', 'Luigi needed good parenting, a good figurative azz-whooping, and a JOB. \n\nInstead, he was coddled & funded in his dangerous misery by Liberal Microcosms of Society,\n\nwho are hell-bent on keeping vulnerable people poorly-informed & rage-fueled,\n\nbc that’s the only real way they,…', ""This is why we are a failing country. He avoids every possible reason for WHY people aren't upset that Luigi killed that guy. Instead he totes about 250 new citi bikes that will make life so much easier for people haha""]",murderous - killed - assassin - death - psychotic - guy - fuck - someone - rampage - prisoners,False,12/12/2024 2:58,12/12/2024 2:58
"WSJ Editorial Board: Don’t celebrate Luigi.

Jen Rubin:",1,1_killer_murderer_donald_assassin,"['killer', 'murderer', 'donald', 'assassin', 'killed', 'kill', 'healthcare', 'guilty', 'innocent', 'trump']","[""why and how is luigi mangione pleading not guilty? obviously he is allowed to do that, but it makes no sense. \n\nnot only do they have fingerprint evidence, but they found him with the weapon and the manifesto. the manifesto implies the crime is something he wants credit for. i'm…"", 'SICKNESS\': Trump goes off on those with an ""appetite"" for elite cold-blooded killer suspect, torching liberals\' viral support of Luigi Mangione and saying, ""I don\'t get it.""', ""why and how is luigi mangione pleading not guilty? not only do they have fingerprint evidence, but they found him with the weapon and the manifesto. the manifesto implies the crime is something he wants credit for. i'm very confused. \n\ni'd love for someone who knows more about…""]",killer - murderer - donald - assassin - killed - kill - healthcare - guilty - innocent - trump,False,12/12/2024 1:49,12/12/2024 1:49
"Ted Kaczynski had more machismo in one finger than Luigi Manigone has in his whole body. It's not even close, from his manifesto, time on lam and body count. It's not even close. #LuigiManigone #tedkaczynski",0,0_mangioni_nick_scumbag_killer,"['mangioni', 'nick', 'scumbag', 'killer', 'hero', 'said', 'guy', 'hes', 'insane', 'much']","['The case of Luigi Mangione is the perfect example of what drives left wing zealotry.\n\nHe was a normal, successful dude. Once he got a debilitating back injury, he became impotent in relation to society. He became angry, hate-filled & resentful. Needed to blame others. Leftist.', 'Idolizing Luigi Mangione is a sign of low IQ\n\nHe is a retard that supposedly shot a dude for being unable to have gay sex anymore due to his back condition.\n\nNot a hero, and accomplished nothing in the grand scheme of things. It changes nothing', '""who did nothing to him* is the most essential part here.\n\nThe protestors blocking a road effectively took a lot of people hostage, the old man simply liberated everyone (based and justified)\n\nLuigi Mangione shot a man in the back who was just walking there.\n(cringe and gay)']",mangioni - nick - scumbag - killer - hero - said - guy - hes - insane - much,False,12/12/2024 1:42,12/12/2024 1:42
"that I don't take sides? I never have and I never will

what luigi did was not self defense if it was then it would have been justified as the other self defense thing was",2,2_matter_acted_cause_gun,"['matter', 'acted', 'cause', 'gun', 'murderer', 'guy', 'proven', 'elliot', 'else', 'brother']","[""Luigi (allegedly) committed murder in broad daylight, while it's been proven in a court of law that Kyle acted in self-defense. You're either willfully ignorant of that fact, or just incredibly fucking stupid."", 'So luigi travel across many states line is okay?\n\nKyle travel 15 minutes drive to neighborhood he grew up to defend it from looters\nHe shots in self defense to 3 rioters who chase after him trying to harm him.\n\nLuigi travel thousands of miles\nTo kill a guy\n\nDEM❤️criminals', ""that I don't take sides? I never have and I never will\n\nwhat luigi did was not self defense if it was then it would have been justified as the other self defense thing was""]",matter - acted - cause - gun - murderer - guy - proven - elliot - else - brother,True,12/12/2024 1:28,12/12/2024 1:28
"Won’t delete this.

Brian Thompson, UHC CEO, was a winner. Everyone has a death. His family will live in wealth centuries after his.

Can’t say the same of socialist vermin who lose their healthcare 😢.

They’re losers whose deaths will cleanse the earth of their filthy presence.",6,6_healthcare_insurance_killer_murdering,"['healthcare', 'insurance', 'killer', 'murdering', 'taxpayer', 'whose', 'bankrupt', 'justice', 'experts', 'companies']","['🚨NEW PODCAST EPISODE OUT NOW🚨\n\n discuss the extraordinary response to the murder of US health insurance boss Brian Thompson. \n\nHow can anyone celebrate his cold-blooded killing? The Matts test their theory that everything before “but” is bullsh*t', ""I understand the anger at insurance companies. But I'm appalled by the glorification in some quarters of the murder of Brian Thompson. Yes, he was an insurance executive, but he was also a dad and certainly didn't deserve to be executed and have people jeer at his family's loss."", 'Won’t delete this.\n\nBrian Thompson, UHC CEO, was a winner. Everyone has a death. His family will live in wealth centuries after his.\n\nCan’t say the same of socialist vermin who lose their healthcare 😢.\n\nThey’re losers whose deaths will cleanse the earth of their filthy presence.']",healthcare - insurance - killer - murdering - taxpayer - whose - bankrupt - justice - experts - companies,True,12/12/2024 1:01,12/12/2024 1:01
He looks evil. Someone should Brian Thompson him,6,6_healthcare_insurance_killer_murdering,"['healthcare', 'insurance', 'killer', 'murdering', 'taxpayer', 'whose', 'bankrupt', 'justice', 'experts', 'companies']","['🚨NEW PODCAST EPISODE OUT NOW🚨\n\n discuss the extraordinary response to the murder of US health insurance boss Brian Thompson. \n\nHow can anyone celebrate his cold-blooded killing? The Matts test their theory that everything before “but” is bullsh*t', ""I understand the anger at insurance companies. But I'm appalled by the glorification in some quarters of the murder of Brian Thompson. Yes, he was an insurance executive, but he was also a dad and certainly didn't deserve to be executed and have people jeer at his family's loss."", 'Won’t delete this.\n\nBrian Thompson, UHC CEO, was a winner. Everyone has a death. His family will live in wealth centuries after his.\n\nCan’t say the same of socialist vermin who lose their healthcare 😢.\n\nThey’re losers whose deaths will cleanse the earth of their filthy presence.']",healthcare - insurance - killer - murdering - taxpayer - whose - bankrupt - justice - experts - companies,False,12/12/2024 0:37,12/12/2024 0:37
Mangione needs a brow technician. #CEOAssassination,5,5_murderous_bombed_terrorists_brendan,"['murderous', 'bombed', 'terrorists', 'brendan', 'detectives', 'wounds', 'prison', 'jesus', 'hunt', 'fully']","[""No proof Mangione did it, plenty of proof he's a rich Nazi\n\nNo proof the GFM raised supposedly in his name went to him, but his lawyer has repeatedly turned down funding offers. So $100k+ has gone to a very likely scam & almost none to ppl in real need bc y'all want heroes so bad"", 'Kyle tried to hunt humans.\n\nKyle got caught trying to hunt humans. \n\nKyle killed humans who realized they were being hunted and tried to defend themselves. \n\nKyle is a murderous sack of shit. \nMangione is a murderous sack of shit.', 'JESUS , I THOUGHT THIS LOUIGI BENADUCI CORLEONE....MANGIONE GUAVACELLI KID WAS SMART...THE ONLY GUYS HE DIDNT GIVE A PHOTO OPP TO WAS  KEEPIN THE GUNW THE SILENCER ..ITS 20 ALONE FOR THE SUPPRESOR THEN COMPLAININ BOUT A BAD BACK...I GOT A BAD BACK KID BAD .']",murderous - bombed - terrorists - brendan - detectives - wounds - prison - jesus - hunt - fully,False,12/12/2024 0:31,12/12/2024 0:31
Apparently fans of the celebrity murderer want Kim Kardashian to be his celebrity lawyer and lobby the celebrity president for a pardon. We live in a deeply unserious time.,8,8_deserved_fucked_innocent_must,"['deserved', 'fucked', 'innocent', 'must', 'murderer', 'shame', 'evil', 'feared', 'offences', 'murdering']","[""Earth to the undocumented: American citizens love raping (shout out to Donny), shooting their own (refer to Luigi Magione) for that reason you will not be deported. #USA has a poor record stopping domestic terror. Heck, blonde Christian Charles Whitman massacred students in '66."", 'Yeah, you sound like Stalin. And Castro, and Mao. What you are, is a communist. It’s a shame New York doesn’t have the death penalty. Too bad Luigi didn’t do it here in Florida because we would give him the needle 💉 ☠️.', ""Barack Obama's violent activist.\nReal Motive-Obamacare feared\nUnitedHealth taking Obamacare business. Best let Luigi tell citizens that UHealth is bad. Get nation in uproar. Luigi orders from Obama “ Fix it-Luigi then jihad.” 14 yrold girl in WI radicalized to Jihad""]",deserved - fucked - innocent - must - murderer - shame - evil - feared - offences - murdering,False,12/11/2024 23:38,12/11/2024 23:38
"Luigi Mangione is NO hero!!!!!! 

Remember Kyle Rittenhouse…who should be doing life????",0,0_mangioni_nick_scumbag_killer,"['mangioni', 'nick', 'scumbag', 'killer', 'hero', 'said', 'guy', 'hes', 'insane', 'much']","['The case of Luigi Mangione is the perfect example of what drives left wing zealotry.\n\nHe was a normal, successful dude. Once he got a debilitating back injury, he became impotent in relation to society. He became angry, hate-filled & resentful. Needed to blame others. Leftist.', 'Idolizing Luigi Mangione is a sign of low IQ\n\nHe is a retard that supposedly shot a dude for being unable to have gay sex anymore due to his back condition.\n\nNot a hero, and accomplished nothing in the grand scheme of things. It changes nothing', '""who did nothing to him* is the most essential part here.\n\nThe protestors blocking a road effectively took a lot of people hostage, the old man simply liberated everyone (based and justified)\n\nLuigi Mangione shot a man in the back who was just walking there.\n(cringe and gay)']",mangioni - nick - scumbag - killer - hero - said - guy - hes - insane - much,False,12/11/2024 22:57,12/11/2024 22:57
"Mr mangione, dont be phony, the evidence mounts against you, enjoy your Time in prison. Enjoy the food and the great prison doctors, and if your good, you can work out for sixty whole minutes. #freedom is what I crave, not confinement and people telling me what and when to do it.",5,5_murderous_bombed_terrorists_brendan,"['murderous', 'bombed', 'terrorists', 'brendan', 'detectives', 'wounds', 'prison', 'jesus', 'hunt', 'fully']","[""No proof Mangione did it, plenty of proof he's a rich Nazi\n\nNo proof the GFM raised supposedly in his name went to him, but his lawyer has repeatedly turned down funding offers. So $100k+ has gone to a very likely scam & almost none to ppl in real need bc y'all want heroes so bad"", 'Kyle tried to hunt humans.\n\nKyle got caught trying to hunt humans. \n\nKyle killed humans who realized they were being hunted and tried to defend themselves. \n\nKyle is a murderous sack of shit. \nMangione is a murderous sack of shit.', 'JESUS , I THOUGHT THIS LOUIGI BENADUCI CORLEONE....MANGIONE GUAVACELLI KID WAS SMART...THE ONLY GUYS HE DIDNT GIVE A PHOTO OPP TO WAS  KEEPIN THE GUNW THE SILENCER ..ITS 20 ALONE FOR THE SUPPRESOR THEN COMPLAININ BOUT A BAD BACK...I GOT A BAD BACK KID BAD .']",murderous - bombed - terrorists - brendan - detectives - wounds - prison - jesus - hunt - fully,False,12/11/2024 21:43,12/11/2024 21:43
"BREAKING: UPenn has announced that a retraction from Professor Julia Alekseyeva who celebrated the alleged UHC CEO assassin calling him an “icon,” is sufficient and she will not be fired.

This is absolutely ridiculous. Her teaching students is how we get to a Luigi Mangione.",1,1_killer_murderer_donald_assassin,"['killer', 'murderer', 'donald', 'assassin', 'killed', 'kill', 'healthcare', 'guilty', 'innocent', 'trump']","[""why and how is luigi mangione pleading not guilty? obviously he is allowed to do that, but it makes no sense. \n\nnot only do they have fingerprint evidence, but they found him with the weapon and the manifesto. the manifesto implies the crime is something he wants credit for. i'm…"", 'SICKNESS\': Trump goes off on those with an ""appetite"" for elite cold-blooded killer suspect, torching liberals\' viral support of Luigi Mangione and saying, ""I don\'t get it.""', ""why and how is luigi mangione pleading not guilty? not only do they have fingerprint evidence, but they found him with the weapon and the manifesto. the manifesto implies the crime is something he wants credit for. i'm very confused. \n\ni'd love for someone who knows more about…""]",killer - murderer - donald - assassin - killed - kill - healthcare - guilty - innocent - trump,False,12/11/2024 21:39,12/11/2024 21:39
"Luigi had a manifesto essentially admitting to the murder, the murder weapon and a documented hatred of insurance companies

None of that matters to a conspiracy douche like yourself because of how his eyebrows look in the angle of this photo

It has to suck to be as dumb as you",7,7_murderer_killer_killed_ceos,"['murderer', 'killer', 'killed', 'ceos', 'innocent', 'death', 'leftists', 'criminals', 'sentenced', 'riots']","['The defender of Luigi Machioni claims that her cliënt has no chance of getting a fair trial! But did Luigi Machioni that CEO Brian Thompson a fair chance? Absolutely not! Without any form of trial, without giving the CEO Thompson a chance to defend himself Luigi Machioni (see 2)', '🆘Shooter-No one will believe Luigi murdered, cowardly shot a man in the back because United didn’t care about his back ache.   a cocky ego like Obama & radicalized which led to careless actions for Obamacare issues for his mentor Obama-Luigi influencer', ""As cool as this picture is it also makes my blood boil. They don't even treat mass shooters like this. Dylann Roof got taken to fucking Burger King after killing 9 Black people, but Luigi pops one CEO and they act like he's the head of ISIS""]",murderer - killer - killed - ceos - innocent - death - leftists - criminals - sentenced - riots,False,12/11/2024 20:14,12/11/2024 20:14
KILLER OF THE YEAR AND HE LOVES OUR COMMUNITY #cryptocurrency #unitedhealthcare #trending #memcoin,9,9_crimes_arrested_killer_perpetrator,"['crimes', 'arrested', 'killer', 'perpetrator', 'vicious', 'baron', 'sin', 'hero', 'trending', 'police']","['Pennsylvania Governor Josh Shapiro goes off on people who are celebrating Luigi Mangione for allegedly murdering UnitedHealthcare CEO Brian Thompson.\n\n""In America, we do not kill people in cold blood to resolve policy differences or to express a viewpoint.""\n\nHe calls it…', 'Healthcare boss Brian Thompson’s killer may have fled New York, police say, via   \n\nUnless its blizzard snow. Im of the opinion people wearing hoodies covered up should be shot by default. As normally speaking their obviously up to no good.', 'Person who deleted/erased CEO of UnitedHealthCare is illegal immigrant came from Latin Spanish countries like Venezuela 🇻🇪 travel from Atlanta, Georgia to New York City and left state of New York in United States Of America. This is migrant crime related.\n\n~ Baron Tremayne Caple']",crimes - arrested - killer - perpetrator - vicious - baron - sin - hero - trending - police,False,12/11/2024 20:10,12/11/2024 20:10
"Luigi Mangione, huh? Handsome, rich, jacked... I guess he really knows how to murder the competition in more ways than one. Just saying!",0,0_mangioni_nick_scumbag_killer,"['mangioni', 'nick', 'scumbag', 'killer', 'hero', 'said', 'guy', 'hes', 'insane', 'much']","['The case of Luigi Mangione is the perfect example of what drives left wing zealotry.\n\nHe was a normal, successful dude. Once he got a debilitating back injury, he became impotent in relation to society. He became angry, hate-filled & resentful. Needed to blame others. Leftist.', 'Idolizing Luigi Mangione is a sign of low IQ\n\nHe is a retard that supposedly shot a dude for being unable to have gay sex anymore due to his back condition.\n\nNot a hero, and accomplished nothing in the grand scheme of things. It changes nothing', '""who did nothing to him* is the most essential part here.\n\nThe protestors blocking a road effectively took a lot of people hostage, the old man simply liberated everyone (based and justified)\n\nLuigi Mangione shot a man in the back who was just walking there.\n(cringe and gay)']",mangioni - nick - scumbag - killer - hero - said - guy - hes - insane - much,False,12/11/2024 20:00,12/11/2024 20:00
"In this life, make sure you’re attractive.

While girls are simping over Luigi who is a prime suspect of murder, guys are scared to encounter this guy and are praying he’s recaptured.

Fine human privilege is a thing",2,2_matter_acted_cause_gun,"['matter', 'acted', 'cause', 'gun', 'murderer', 'guy', 'proven', 'elliot', 'else', 'brother']","[""Luigi (allegedly) committed murder in broad daylight, while it's been proven in a court of law that Kyle acted in self-defense. You're either willfully ignorant of that fact, or just incredibly fucking stupid."", 'So luigi travel across many states line is okay?\n\nKyle travel 15 minutes drive to neighborhood he grew up to defend it from looters\nHe shots in self defense to 3 rioters who chase after him trying to harm him.\n\nLuigi travel thousands of miles\nTo kill a guy\n\nDEM❤️criminals', ""that I don't take sides? I never have and I never will\n\nwhat luigi did was not self defense if it was then it would have been justified as the other self defense thing was""]",matter - acted - cause - gun - murderer - guy - proven - elliot - else - brother,False,12/11/2024 19:18,12/11/2024 19:18
"Yeah I support LGBT 

“Luigi, Get Brian Thompson”",3,3_danny_hell_guy_everyone,"['danny', 'hell', 'guy', 'everyone', 'strike', 'killed', 'fuck', 'actually', 'crazy', 'disaster']","['Everyone rn: I want Luigi to tear apart my holes and die from bleeding\n\nFav oomf: here are my favorite bakes of the year! ❤️ up next dark chocolate shortbread cookies 🍪🍫🍫👩\u200d🍳', '𝙏𝙝𝙚𝙮 𝙠𝙣𝙤𝙬 𝙬𝙝𝙖𝙩 𝙠𝙞𝙣𝙙 𝙤𝙛 𝙖 𝙥𝙚𝙧𝙨𝙤𝙣 𝙩𝙝𝙚𝙞𝙧 𝙘𝙝𝙞𝙡𝙙 𝙖𝙣𝙮𝙬𝙖𝙮 𝙗𝙚𝙛𝙤𝙧𝙚 𝙞𝙩 𝙝𝙖𝙥𝙥𝙚𝙣. \n\nIn the bible, it is better to discipline your child. \nI believe time will heal, but Luigi is unwell if you observe him very carefully', 'Tone, did ya hear the Luigi kid came out of hiding because he wanted a McFlurry.? You almost can’t blame the dumb little bastard, ya never know when those ice cream machine’s are workin, Skip. Ya gotta strike when the iron’s hot hehe']",danny - hell - guy - everyone - strike - killed - fuck - actually - crazy - disaster,False,12/10/2024 6:14,12/10/2024 6:14
"Luigi Mangione, the suspect in the killing of UnitedHealthcare CEO Brian Thompson, reportedly had a handwritten manifesto on him at the time of his arrest.

“These parasites had it coming,” reportedly read the note, per CNN. “I do apologize for any strife and trauma, but it had…",1,1_killer_murderer_donald_assassin,"['killer', 'murderer', 'donald', 'assassin', 'killed', 'kill', 'healthcare', 'guilty', 'innocent', 'trump']","[""why and how is luigi mangione pleading not guilty? obviously he is allowed to do that, but it makes no sense. \n\nnot only do they have fingerprint evidence, but they found him with the weapon and the manifesto. the manifesto implies the crime is something he wants credit for. i'm…"", 'SICKNESS\': Trump goes off on those with an ""appetite"" for elite cold-blooded killer suspect, torching liberals\' viral support of Luigi Mangione and saying, ""I don\'t get it.""', ""why and how is luigi mangione pleading not guilty? not only do they have fingerprint evidence, but they found him with the weapon and the manifesto. the manifesto implies the crime is something he wants credit for. i'm very confused. \n\ni'd love for someone who knows more about…""]",killer - murderer - donald - assassin - killed - kill - healthcare - guilty - innocent - trump,False,12/10/2024 4:23,12/10/2024 4:23
"It’s only a matter of time before Luigi Mangione gets the “Ted Bundy treatment.” Watch how they frame him: the troubled genius, the misunderstood idealist, the product of a broken system. The media loves a narrative that absolves guilt and redirects blame.

Soon, it won’t be…",1,1_killer_murderer_donald_assassin,"['killer', 'murderer', 'donald', 'assassin', 'killed', 'kill', 'healthcare', 'guilty', 'innocent', 'trump']","[""why and how is luigi mangione pleading not guilty? obviously he is allowed to do that, but it makes no sense. \n\nnot only do they have fingerprint evidence, but they found him with the weapon and the manifesto. the manifesto implies the crime is something he wants credit for. i'm…"", 'SICKNESS\': Trump goes off on those with an ""appetite"" for elite cold-blooded killer suspect, torching liberals\' viral support of Luigi Mangione and saying, ""I don\'t get it.""', ""why and how is luigi mangione pleading not guilty? not only do they have fingerprint evidence, but they found him with the weapon and the manifesto. the manifesto implies the crime is something he wants credit for. i'm very confused. \n\ni'd love for someone who knows more about…""]",killer - murderer - donald - assassin - killed - kill - healthcare - guilty - innocent - trump,False,12/10/2024 2:15,12/10/2024 2:15
Low hanging fruit Mark.... which is also what Luigi will see in jail.,3,3_danny_hell_guy_everyone,"['danny', 'hell', 'guy', 'everyone', 'strike', 'killed', 'fuck', 'actually', 'crazy', 'disaster']","['Everyone rn: I want Luigi to tear apart my holes and die from bleeding\n\nFav oomf: here are my favorite bakes of the year! ❤️ up next dark chocolate shortbread cookies 🍪🍫🍫👩\u200d🍳', '𝙏𝙝𝙚𝙮 𝙠𝙣𝙤𝙬 𝙬𝙝𝙖𝙩 𝙠𝙞𝙣𝙙 𝙤𝙛 𝙖 𝙥𝙚𝙧𝙨𝙤𝙣 𝙩𝙝𝙚𝙞𝙧 𝙘𝙝𝙞𝙡𝙙 𝙖𝙣𝙮𝙬𝙖𝙮 𝙗𝙚𝙛𝙤𝙧𝙚 𝙞𝙩 𝙝𝙖𝙥𝙥𝙚𝙣. \n\nIn the bible, it is better to discipline your child. \nI believe time will heal, but Luigi is unwell if you observe him very carefully', 'Tone, did ya hear the Luigi kid came out of hiding because he wanted a McFlurry.? You almost can’t blame the dumb little bastard, ya never know when those ice cream machine’s are workin, Skip. Ya gotta strike when the iron’s hot hehe']",danny - hell - guy - everyone - strike - killed - fuck - actually - crazy - disaster,False,12/10/2024 1:40,12/10/2024 1:40
Gonna do a copycat Luigi Mangioni but my target is the manager of the Blink Fitness in Ridgewood,0,0_mangioni_nick_scumbag_killer,"['mangioni', 'nick', 'scumbag', 'killer', 'hero', 'said', 'guy', 'hes', 'insane', 'much']","['The case of Luigi Mangione is the perfect example of what drives left wing zealotry.\n\nHe was a normal, successful dude. Once he got a debilitating back injury, he became impotent in relation to society. He became angry, hate-filled & resentful. Needed to blame others. Leftist.', 'Idolizing Luigi Mangione is a sign of low IQ\n\nHe is a retard that supposedly shot a dude for being unable to have gay sex anymore due to his back condition.\n\nNot a hero, and accomplished nothing in the grand scheme of things. It changes nothing', '""who did nothing to him* is the most essential part here.\n\nThe protestors blocking a road effectively took a lot of people hostage, the old man simply liberated everyone (based and justified)\n\nLuigi Mangione shot a man in the back who was just walking there.\n(cringe and gay)']",mangioni - nick - scumbag - killer - hero - said - guy - hes - insane - much,False,12/10/2024 1:22,12/10/2024 1:22
When did you start following Luigi the killer on this platform? When he was caught or earlier?,2,2_matter_acted_cause_gun,"['matter', 'acted', 'cause', 'gun', 'murderer', 'guy', 'proven', 'elliot', 'else', 'brother']","[""Luigi (allegedly) committed murder in broad daylight, while it's been proven in a court of law that Kyle acted in self-defense. You're either willfully ignorant of that fact, or just incredibly fucking stupid."", 'So luigi travel across many states line is okay?\n\nKyle travel 15 minutes drive to neighborhood he grew up to defend it from looters\nHe shots in self defense to 3 rioters who chase after him trying to harm him.\n\nLuigi travel thousands of miles\nTo kill a guy\n\nDEM❤️criminals', ""that I don't take sides? I never have and I never will\n\nwhat luigi did was not self defense if it was then it would have been justified as the other self defense thing was""]",matter - acted - cause - gun - murderer - guy - proven - elliot - else - brother,False,12/10/2024 0:48,12/10/2024 0:48
"Some attention in this case, especially online, has been deeply disturbing, as some have looked to celebrate instead of condemn this killing. Brian Thompson was a father to two. He was a husband and he was a friend to many. But neglected his own security.",6,6_healthcare_insurance_killer_murdering,"['healthcare', 'insurance', 'killer', 'murdering', 'taxpayer', 'whose', 'bankrupt', 'justice', 'experts', 'companies']","['🚨NEW PODCAST EPISODE OUT NOW🚨\n\n discuss the extraordinary response to the murder of US health insurance boss Brian Thompson. \n\nHow can anyone celebrate his cold-blooded killing? The Matts test their theory that everything before “but” is bullsh*t', ""I understand the anger at insurance companies. But I'm appalled by the glorification in some quarters of the murder of Brian Thompson. Yes, he was an insurance executive, but he was also a dad and certainly didn't deserve to be executed and have people jeer at his family's loss."", 'Won’t delete this.\n\nBrian Thompson, UHC CEO, was a winner. Everyone has a death. His family will live in wealth centuries after his.\n\nCan’t say the same of socialist vermin who lose their healthcare 😢.\n\nThey’re losers whose deaths will cleanse the earth of their filthy presence.']",healthcare - insurance - killer - murdering - taxpayer - whose - bankrupt - justice - experts - companies,False,12/10/2024 0:42,12/10/2024 0:42
"luigi mangione, my money is hes a markist liberal democrat who hates capitalism and thinks hes god.",0,0_mangioni_nick_scumbag_killer,"['mangioni', 'nick', 'scumbag', 'killer', 'hero', 'said', 'guy', 'hes', 'insane', 'much']","['The case of Luigi Mangione is the perfect example of what drives left wing zealotry.\n\nHe was a normal, successful dude. Once he got a debilitating back injury, he became impotent in relation to society. He became angry, hate-filled & resentful. Needed to blame others. Leftist.', 'Idolizing Luigi Mangione is a sign of low IQ\n\nHe is a retard that supposedly shot a dude for being unable to have gay sex anymore due to his back condition.\n\nNot a hero, and accomplished nothing in the grand scheme of things. It changes nothing', '""who did nothing to him* is the most essential part here.\n\nThe protestors blocking a road effectively took a lot of people hostage, the old man simply liberated everyone (based and justified)\n\nLuigi Mangione shot a man in the back who was just walking there.\n(cringe and gay)']",mangioni - nick - scumbag - killer - hero - said - guy - hes - insane - much,False,12/10/2024 0:36,12/10/2024 0:36
"Pennsylvania Governor Josh Shapiro goes off on people who are celebrating Luigi Mangione for allegedly murdering UnitedHealthcare CEO Brian Thompson.

""In America, we do not kill people in cold blood to resolve policy differences or to express a viewpoint.""

He calls it…",9,9_crimes_arrested_killer_perpetrator,"['crimes', 'arrested', 'killer', 'perpetrator', 'vicious', 'baron', 'sin', 'hero', 'trending', 'police']","['Pennsylvania Governor Josh Shapiro goes off on people who are celebrating Luigi Mangione for allegedly murdering UnitedHealthcare CEO Brian Thompson.\n\n""In America, we do not kill people in cold blood to resolve policy differences or to express a viewpoint.""\n\nHe calls it…', 'Healthcare boss Brian Thompson’s killer may have fled New York, police say, via   \n\nUnless its blizzard snow. Im of the opinion people wearing hoodies covered up should be shot by default. As normally speaking their obviously up to no good.', 'Person who deleted/erased CEO of UnitedHealthCare is illegal immigrant came from Latin Spanish countries like Venezuela 🇻🇪 travel from Atlanta, Georgia to New York City and left state of New York in United States Of America. This is migrant crime related.\n\n~ Baron Tremayne Caple']",crimes - arrested - killer - perpetrator - vicious - baron - sin - hero - trending - police,True,12/10/2024 0:33,12/10/2024 0:33
"Maybe because he shot the CEO
(Yeah but he’s not proven guilty) 
You’ve gotta be fucking blind to say that Luigi guy is NOT the guy in the footage 😂😂",2,2_matter_acted_cause_gun,"['matter', 'acted', 'cause', 'gun', 'murderer', 'guy', 'proven', 'elliot', 'else', 'brother']","[""Luigi (allegedly) committed murder in broad daylight, while it's been proven in a court of law that Kyle acted in self-defense. You're either willfully ignorant of that fact, or just incredibly fucking stupid."", 'So luigi travel across many states line is okay?\n\nKyle travel 15 minutes drive to neighborhood he grew up to defend it from looters\nHe shots in self defense to 3 rioters who chase after him trying to harm him.\n\nLuigi travel thousands of miles\nTo kill a guy\n\nDEM❤️criminals', ""that I don't take sides? I never have and I never will\n\nwhat luigi did was not self defense if it was then it would have been justified as the other self defense thing was""]",matter - acted - cause - gun - murderer - guy - proven - elliot - else - brother,False,12/10/2024 0:29,12/10/2024 0:29
Which girls are defending the biggest mass murderer in us history Brian Thompson?,6,6_healthcare_insurance_killer_murdering,"['healthcare', 'insurance', 'killer', 'murdering', 'taxpayer', 'whose', 'bankrupt', 'justice', 'experts', 'companies']","['🚨NEW PODCAST EPISODE OUT NOW🚨\n\n discuss the extraordinary response to the murder of US health insurance boss Brian Thompson. \n\nHow can anyone celebrate his cold-blooded killing? The Matts test their theory that everything before “but” is bullsh*t', ""I understand the anger at insurance companies. But I'm appalled by the glorification in some quarters of the murder of Brian Thompson. Yes, he was an insurance executive, but he was also a dad and certainly didn't deserve to be executed and have people jeer at his family's loss."", 'Won’t delete this.\n\nBrian Thompson, UHC CEO, was a winner. Everyone has a death. His family will live in wealth centuries after his.\n\nCan’t say the same of socialist vermin who lose their healthcare 😢.\n\nThey’re losers whose deaths will cleanse the earth of their filthy presence.']",healthcare - insurance - killer - murdering - taxpayer - whose - bankrupt - justice - experts - companies,False,12/10/2024 0:24,12/10/2024 0:24
yeah i'd love to arrest luigi mangione too,0,0_mangioni_nick_scumbag_killer,"['mangioni', 'nick', 'scumbag', 'killer', 'hero', 'said', 'guy', 'hes', 'insane', 'much']","['The case of Luigi Mangione is the perfect example of what drives left wing zealotry.\n\nHe was a normal, successful dude. Once he got a debilitating back injury, he became impotent in relation to society. He became angry, hate-filled & resentful. Needed to blame others. Leftist.', 'Idolizing Luigi Mangione is a sign of low IQ\n\nHe is a retard that supposedly shot a dude for being unable to have gay sex anymore due to his back condition.\n\nNot a hero, and accomplished nothing in the grand scheme of things. It changes nothing', '""who did nothing to him* is the most essential part here.\n\nThe protestors blocking a road effectively took a lot of people hostage, the old man simply liberated everyone (based and justified)\n\nLuigi Mangione shot a man in the back who was just walking there.\n(cringe and gay)']",mangioni - nick - scumbag - killer - hero - said - guy - hes - insane - much,False,12/10/2024 0:16,12/10/2024 0:16
BREAKING | GOV. SHAPIRO CONDEMNS ONLINE CELEBRATION OF MANGIONE: HE IS NO HERO,5,5_murderous_bombed_terrorists_brendan,"['murderous', 'bombed', 'terrorists', 'brendan', 'detectives', 'wounds', 'prison', 'jesus', 'hunt', 'fully']","[""No proof Mangione did it, plenty of proof he's a rich Nazi\n\nNo proof the GFM raised supposedly in his name went to him, but his lawyer has repeatedly turned down funding offers. So $100k+ has gone to a very likely scam & almost none to ppl in real need bc y'all want heroes so bad"", 'Kyle tried to hunt humans.\n\nKyle got caught trying to hunt humans. \n\nKyle killed humans who realized they were being hunted and tried to defend themselves. \n\nKyle is a murderous sack of shit. \nMangione is a murderous sack of shit.', 'JESUS , I THOUGHT THIS LOUIGI BENADUCI CORLEONE....MANGIONE GUAVACELLI KID WAS SMART...THE ONLY GUYS HE DIDNT GIVE A PHOTO OPP TO WAS  KEEPIN THE GUNW THE SILENCER ..ITS 20 ALONE FOR THE SUPPRESOR THEN COMPLAININ BOUT A BAD BACK...I GOT A BAD BACK KID BAD .']",murderous - bombed - terrorists - brendan - detectives - wounds - prison - jesus - hunt - fully,False,12/10/2024 0:16,12/10/2024 0:16
Bad for Mangione,5,5_murderous_bombed_terrorists_brendan,"['murderous', 'bombed', 'terrorists', 'brendan', 'detectives', 'wounds', 'prison', 'jesus', 'hunt', 'fully']","[""No proof Mangione did it, plenty of proof he's a rich Nazi\n\nNo proof the GFM raised supposedly in his name went to him, but his lawyer has repeatedly turned down funding offers. So $100k+ has gone to a very likely scam & almost none to ppl in real need bc y'all want heroes so bad"", 'Kyle tried to hunt humans.\n\nKyle got caught trying to hunt humans. \n\nKyle killed humans who realized they were being hunted and tried to defend themselves. \n\nKyle is a murderous sack of shit. \nMangione is a murderous sack of shit.', 'JESUS , I THOUGHT THIS LOUIGI BENADUCI CORLEONE....MANGIONE GUAVACELLI KID WAS SMART...THE ONLY GUYS HE DIDNT GIVE A PHOTO OPP TO WAS  KEEPIN THE GUNW THE SILENCER ..ITS 20 ALONE FOR THE SUPPRESOR THEN COMPLAININ BOUT A BAD BACK...I GOT A BAD BACK KID BAD .']",murderous - bombed - terrorists - brendan - detectives - wounds - prison - jesus - hunt - fully,False,12/10/2024 0:06,12/10/2024 0:06
yes luigi killed a fuckin ceo and super mario was jumping around at the time so what he is depressed,4,4_murderous_killed_assassin_death,"['murderous', 'killed', 'assassin', 'death', 'psychotic', 'guy', 'fuck', 'someone', 'rampage', 'prisoners']","['Elon family vibes? The only time he decided to start showing up with his kids was to use them as human shields after Luigi killed the health insurance CEO.', 'Luigi needed good parenting, a good figurative azz-whooping, and a JOB. \n\nInstead, he was coddled & funded in his dangerous misery by Liberal Microcosms of Society,\n\nwho are hell-bent on keeping vulnerable people poorly-informed & rage-fueled,\n\nbc that’s the only real way they,…', ""This is why we are a failing country. He avoids every possible reason for WHY people aren't upset that Luigi killed that guy. Instead he totes about 250 new citi bikes that will make life so much easier for people haha""]",murderous - killed - assassin - death - psychotic - guy - fuck - someone - rampage - prisoners,False,12/10/2024 0:05,12/10/2024 0:05
He's called MANGIONE for a reason I'm afraid,5,5_murderous_bombed_terrorists_brendan,"['murderous', 'bombed', 'terrorists', 'brendan', 'detectives', 'wounds', 'prison', 'jesus', 'hunt', 'fully']","[""No proof Mangione did it, plenty of proof he's a rich Nazi\n\nNo proof the GFM raised supposedly in his name went to him, but his lawyer has repeatedly turned down funding offers. So $100k+ has gone to a very likely scam & almost none to ppl in real need bc y'all want heroes so bad"", 'Kyle tried to hunt humans.\n\nKyle got caught trying to hunt humans. \n\nKyle killed humans who realized they were being hunted and tried to defend themselves. \n\nKyle is a murderous sack of shit. \nMangione is a murderous sack of shit.', 'JESUS , I THOUGHT THIS LOUIGI BENADUCI CORLEONE....MANGIONE GUAVACELLI KID WAS SMART...THE ONLY GUYS HE DIDNT GIVE A PHOTO OPP TO WAS  KEEPIN THE GUNW THE SILENCER ..ITS 20 ALONE FOR THE SUPPRESOR THEN COMPLAININ BOUT A BAD BACK...I GOT A BAD BACK KID BAD .']",murderous - bombed - terrorists - brendan - detectives - wounds - prison - jesus - hunt - fully,False,12/9/2024 23:44,12/9/2024 23:44
Mangione heralded the movie Idiocracy as being prophetic - this does not show empathy or respect for the working class.,5,5_murderous_bombed_terrorists_brendan,"['murderous', 'bombed', 'terrorists', 'brendan', 'detectives', 'wounds', 'prison', 'jesus', 'hunt', 'fully']","[""No proof Mangione did it, plenty of proof he's a rich Nazi\n\nNo proof the GFM raised supposedly in his name went to him, but his lawyer has repeatedly turned down funding offers. So $100k+ has gone to a very likely scam & almost none to ppl in real need bc y'all want heroes so bad"", 'Kyle tried to hunt humans.\n\nKyle got caught trying to hunt humans. \n\nKyle killed humans who realized they were being hunted and tried to defend themselves. \n\nKyle is a murderous sack of shit. \nMangione is a murderous sack of shit.', 'JESUS , I THOUGHT THIS LOUIGI BENADUCI CORLEONE....MANGIONE GUAVACELLI KID WAS SMART...THE ONLY GUYS HE DIDNT GIVE A PHOTO OPP TO WAS  KEEPIN THE GUNW THE SILENCER ..ITS 20 ALONE FOR THE SUPPRESOR THEN COMPLAININ BOUT A BAD BACK...I GOT A BAD BACK KID BAD .']",murderous - bombed - terrorists - brendan - detectives - wounds - prison - jesus - hunt - fully,False,12/9/2024 23:43,12/9/2024 23:43
"This is fake news. They portray this Luigi as interesting, intelligent and competent. Don't worry  you are safe.",4,4_murderous_killed_assassin_death,"['murderous', 'killed', 'assassin', 'death', 'psychotic', 'guy', 'fuck', 'someone', 'rampage', 'prisoners']","['Elon family vibes? The only time he decided to start showing up with his kids was to use them as human shields after Luigi killed the health insurance CEO.', 'Luigi needed good parenting, a good figurative azz-whooping, and a JOB. \n\nInstead, he was coddled & funded in his dangerous misery by Liberal Microcosms of Society,\n\nwho are hell-bent on keeping vulnerable people poorly-informed & rage-fueled,\n\nbc that’s the only real way they,…', ""This is why we are a failing country. He avoids every possible reason for WHY people aren't upset that Luigi killed that guy. Instead he totes about 250 new citi bikes that will make life so much easier for people haha""]",murderous - killed - assassin - death - psychotic - guy - fuck - someone - rampage - prisoners,False,12/9/2024 23:38,12/9/2024 23:38
"Well we now no why luigi mangione was smiling in the picture of him at the hostel! He found out the girl there had a gay brother!
He is 100% absolutely gay 🤣🤡",0,0_mangioni_nick_scumbag_killer,"['mangioni', 'nick', 'scumbag', 'killer', 'hero', 'said', 'guy', 'hes', 'insane', 'much']","['The case of Luigi Mangione is the perfect example of what drives left wing zealotry.\n\nHe was a normal, successful dude. Once he got a debilitating back injury, he became impotent in relation to society. He became angry, hate-filled & resentful. Needed to blame others. Leftist.', 'Idolizing Luigi Mangione is a sign of low IQ\n\nHe is a retard that supposedly shot a dude for being unable to have gay sex anymore due to his back condition.\n\nNot a hero, and accomplished nothing in the grand scheme of things. It changes nothing', '""who did nothing to him* is the most essential part here.\n\nThe protestors blocking a road effectively took a lot of people hostage, the old man simply liberated everyone (based and justified)\n\nLuigi Mangione shot a man in the back who was just walking there.\n(cringe and gay)']",mangioni - nick - scumbag - killer - hero - said - guy - hes - insane - much,False,12/9/2024 23:27,12/9/2024 23:27
"Tone, did ya hear the Luigi kid came out of hiding because he wanted a McFlurry.? You almost can’t blame the dumb little bastard, ya never know when those ice cream machine’s are workin, Skip. Ya gotta strike when the iron’s hot hehe",3,3_danny_hell_guy_everyone,"['danny', 'hell', 'guy', 'everyone', 'strike', 'killed', 'fuck', 'actually', 'crazy', 'disaster']","['Everyone rn: I want Luigi to tear apart my holes and die from bleeding\n\nFav oomf: here are my favorite bakes of the year! ❤️ up next dark chocolate shortbread cookies 🍪🍫🍫👩\u200d🍳', '𝙏𝙝𝙚𝙮 𝙠𝙣𝙤𝙬 𝙬𝙝𝙖𝙩 𝙠𝙞𝙣𝙙 𝙤𝙛 𝙖 𝙥𝙚𝙧𝙨𝙤𝙣 𝙩𝙝𝙚𝙞𝙧 𝙘𝙝𝙞𝙡𝙙 𝙖𝙣𝙮𝙬𝙖𝙮 𝙗𝙚𝙛𝙤𝙧𝙚 𝙞𝙩 𝙝𝙖𝙥𝙥𝙚𝙣. \n\nIn the bible, it is better to discipline your child. \nI believe time will heal, but Luigi is unwell if you observe him very carefully', 'Tone, did ya hear the Luigi kid came out of hiding because he wanted a McFlurry.? You almost can’t blame the dumb little bastard, ya never know when those ice cream machine’s are workin, Skip. Ya gotta strike when the iron’s hot hehe']",danny - hell - guy - everyone - strike - killed - fuck - actually - crazy - disaster,True,12/9/2024 23:27,12/9/2024 23:27
Lorax always at the scene of the crime. Luigi took “let it die” too literally I guess,2,2_matter_acted_cause_gun,"['matter', 'acted', 'cause', 'gun', 'murderer', 'guy', 'proven', 'elliot', 'else', 'brother']","[""Luigi (allegedly) committed murder in broad daylight, while it's been proven in a court of law that Kyle acted in self-defense. You're either willfully ignorant of that fact, or just incredibly fucking stupid."", 'So luigi travel across many states line is okay?\n\nKyle travel 15 minutes drive to neighborhood he grew up to defend it from looters\nHe shots in self defense to 3 rioters who chase after him trying to harm him.\n\nLuigi travel thousands of miles\nTo kill a guy\n\nDEM❤️criminals', ""that I don't take sides? I never have and I never will\n\nwhat luigi did was not self defense if it was then it would have been justified as the other self defense thing was""]",matter - acted - cause - gun - murderer - guy - proven - elliot - else - brother,False,12/9/2024 23:01,12/9/2024 23:01
Luigi Mangione should have covered his tracks better.,0,0_mangioni_nick_scumbag_killer,"['mangioni', 'nick', 'scumbag', 'killer', 'hero', 'said', 'guy', 'hes', 'insane', 'much']","['The case of Luigi Mangione is the perfect example of what drives left wing zealotry.\n\nHe was a normal, successful dude. Once he got a debilitating back injury, he became impotent in relation to society. He became angry, hate-filled & resentful. Needed to blame others. Leftist.', 'Idolizing Luigi Mangione is a sign of low IQ\n\nHe is a retard that supposedly shot a dude for being unable to have gay sex anymore due to his back condition.\n\nNot a hero, and accomplished nothing in the grand scheme of things. It changes nothing', '""who did nothing to him* is the most essential part here.\n\nThe protestors blocking a road effectively took a lot of people hostage, the old man simply liberated everyone (based and justified)\n\nLuigi Mangione shot a man in the back who was just walking there.\n(cringe and gay)']",mangioni - nick - scumbag - killer - hero - said - guy - hes - insane - much,False,12/9/2024 23:00,12/9/2024 23:00
Luigi Mangione was arrested at a McDonald's located in the parking lot of a UPMC Hospital. You can't make this shit up. The 1 star reviews are wild. What is wrong with people? He is allegedly a cold blooded murderer. This is not something to celebrate.,1,1_killer_murderer_donald_assassin,"['killer', 'murderer', 'donald', 'assassin', 'killed', 'kill', 'healthcare', 'guilty', 'innocent', 'trump']","[""why and how is luigi mangione pleading not guilty? obviously he is allowed to do that, but it makes no sense. \n\nnot only do they have fingerprint evidence, but they found him with the weapon and the manifesto. the manifesto implies the crime is something he wants credit for. i'm…"", 'SICKNESS\': Trump goes off on those with an ""appetite"" for elite cold-blooded killer suspect, torching liberals\' viral support of Luigi Mangione and saying, ""I don\'t get it.""', ""why and how is luigi mangione pleading not guilty? not only do they have fingerprint evidence, but they found him with the weapon and the manifesto. the manifesto implies the crime is something he wants credit for. i'm very confused. \n\ni'd love for someone who knows more about…""]",killer - murderer - donald - assassin - killed - kill - healthcare - guilty - innocent - trump,False,12/9/2024 22:53,12/9/2024 22:53
"...... 300 miles away from where this happened. If you believe this, I've a bridge to sell you.
It's the equivalent of finding the Terrorist passports at the scene of 9/11. #luigimangioni #UnitedHealthcare #bullshit",9,9_crimes_arrested_killer_perpetrator,"['crimes', 'arrested', 'killer', 'perpetrator', 'vicious', 'baron', 'sin', 'hero', 'trending', 'police']","['Pennsylvania Governor Josh Shapiro goes off on people who are celebrating Luigi Mangione for allegedly murdering UnitedHealthcare CEO Brian Thompson.\n\n""In America, we do not kill people in cold blood to resolve policy differences or to express a viewpoint.""\n\nHe calls it…', 'Healthcare boss Brian Thompson’s killer may have fled New York, police say, via   \n\nUnless its blizzard snow. Im of the opinion people wearing hoodies covered up should be shot by default. As normally speaking their obviously up to no good.', 'Person who deleted/erased CEO of UnitedHealthCare is illegal immigrant came from Latin Spanish countries like Venezuela 🇻🇪 travel from Atlanta, Georgia to New York City and left state of New York in United States Of America. This is migrant crime related.\n\n~ Baron Tremayne Caple']",crimes - arrested - killer - perpetrator - vicious - baron - sin - hero - trending - police,False,12/9/2024 22:38,12/9/2024 22:38
Fuck 😂😂😂 $Luigi,3,3_danny_hell_guy_everyone,"['danny', 'hell', 'guy', 'everyone', 'strike', 'killed', 'fuck', 'actually', 'crazy', 'disaster']","['Everyone rn: I want Luigi to tear apart my holes and die from bleeding\n\nFav oomf: here are my favorite bakes of the year! ❤️ up next dark chocolate shortbread cookies 🍪🍫🍫👩\u200d🍳', '𝙏𝙝𝙚𝙮 𝙠𝙣𝙤𝙬 𝙬𝙝𝙖𝙩 𝙠𝙞𝙣𝙙 𝙤𝙛 𝙖 𝙥𝙚𝙧𝙨𝙤𝙣 𝙩𝙝𝙚𝙞𝙧 𝙘𝙝𝙞𝙡𝙙 𝙖𝙣𝙮𝙬𝙖𝙮 𝙗𝙚𝙛𝙤𝙧𝙚 𝙞𝙩 𝙝𝙖𝙥𝙥𝙚𝙣. \n\nIn the bible, it is better to discipline your child. \nI believe time will heal, but Luigi is unwell if you observe him very carefully', 'Tone, did ya hear the Luigi kid came out of hiding because he wanted a McFlurry.? You almost can’t blame the dumb little bastard, ya never know when those ice cream machine’s are workin, Skip. Ya gotta strike when the iron’s hot hehe']",danny - hell - guy - everyone - strike - killed - fuck - actually - crazy - disaster,False,12/9/2024 22:31,12/9/2024 22:31
"The internet are treating Luigi like a hero just because he’s objectively hot. Get your minds out the gutter, he’s a murderer.",2,2_matter_acted_cause_gun,"['matter', 'acted', 'cause', 'gun', 'murderer', 'guy', 'proven', 'elliot', 'else', 'brother']","[""Luigi (allegedly) committed murder in broad daylight, while it's been proven in a court of law that Kyle acted in self-defense. You're either willfully ignorant of that fact, or just incredibly fucking stupid."", 'So luigi travel across many states line is okay?\n\nKyle travel 15 minutes drive to neighborhood he grew up to defend it from looters\nHe shots in self defense to 3 rioters who chase after him trying to harm him.\n\nLuigi travel thousands of miles\nTo kill a guy\n\nDEM❤️criminals', ""that I don't take sides? I never have and I never will\n\nwhat luigi did was not self defense if it was then it would have been justified as the other self defense thing was""]",matter - acted - cause - gun - murderer - guy - proven - elliot - else - brother,False,12/9/2024 22:29,12/9/2024 22:29
"Luigi was in pain, he was self medicating, he was crazy, he was a dick.",4,4_murderous_killed_assassin_death,"['murderous', 'killed', 'assassin', 'death', 'psychotic', 'guy', 'fuck', 'someone', 'rampage', 'prisoners']","['Elon family vibes? The only time he decided to start showing up with his kids was to use them as human shields after Luigi killed the health insurance CEO.', 'Luigi needed good parenting, a good figurative azz-whooping, and a JOB. \n\nInstead, he was coddled & funded in his dangerous misery by Liberal Microcosms of Society,\n\nwho are hell-bent on keeping vulnerable people poorly-informed & rage-fueled,\n\nbc that’s the only real way they,…', ""This is why we are a failing country. He avoids every possible reason for WHY people aren't upset that Luigi killed that guy. Instead he totes about 250 new citi bikes that will make life so much easier for people haha""]",murderous - killed - assassin - death - psychotic - guy - fuck - someone - rampage - prisoners,False,12/9/2024 22:29,12/9/2024 22:29
"Luigi Mangione, you better watch out, Kris is on road to your future jail babe #betterwatchout",0,0_mangioni_nick_scumbag_killer,"['mangioni', 'nick', 'scumbag', 'killer', 'hero', 'said', 'guy', 'hes', 'insane', 'much']","['The case of Luigi Mangione is the perfect example of what drives left wing zealotry.\n\nHe was a normal, successful dude. Once he got a debilitating back injury, he became impotent in relation to society. He became angry, hate-filled & resentful. Needed to blame others. Leftist.', 'Idolizing Luigi Mangione is a sign of low IQ\n\nHe is a retard that supposedly shot a dude for being unable to have gay sex anymore due to his back condition.\n\nNot a hero, and accomplished nothing in the grand scheme of things. It changes nothing', '""who did nothing to him* is the most essential part here.\n\nThe protestors blocking a road effectively took a lot of people hostage, the old man simply liberated everyone (based and justified)\n\nLuigi Mangione shot a man in the back who was just walking there.\n(cringe and gay)']",mangioni - nick - scumbag - killer - hero - said - guy - hes - insane - much,False,12/9/2024 22:15,12/9/2024 22:15
whole tl thirsting over Luigi Mangione oh all of you deserve to be in,0,0_mangioni_nick_scumbag_killer,"['mangioni', 'nick', 'scumbag', 'killer', 'hero', 'said', 'guy', 'hes', 'insane', 'much']","['The case of Luigi Mangione is the perfect example of what drives left wing zealotry.\n\nHe was a normal, successful dude. Once he got a debilitating back injury, he became impotent in relation to society. He became angry, hate-filled & resentful. Needed to blame others. Leftist.', 'Idolizing Luigi Mangione is a sign of low IQ\n\nHe is a retard that supposedly shot a dude for being unable to have gay sex anymore due to his back condition.\n\nNot a hero, and accomplished nothing in the grand scheme of things. It changes nothing', '""who did nothing to him* is the most essential part here.\n\nThe protestors blocking a road effectively took a lot of people hostage, the old man simply liberated everyone (based and justified)\n\nLuigi Mangione shot a man in the back who was just walking there.\n(cringe and gay)']",mangioni - nick - scumbag - killer - hero - said - guy - hes - insane - much,False,12/9/2024 22:13,12/9/2024 22:13
"The man who m*rdered UnitedHealthcare CEO Brian Thompson inscribed the words “deny,” “defend” & “depose” on the shell casings that were left at the scene.",6,6_healthcare_insurance_killer_murdering,"['healthcare', 'insurance', 'killer', 'murdering', 'taxpayer', 'whose', 'bankrupt', 'justice', 'experts', 'companies']","['🚨NEW PODCAST EPISODE OUT NOW🚨\n\n discuss the extraordinary response to the murder of US health insurance boss Brian Thompson. \n\nHow can anyone celebrate his cold-blooded killing? The Matts test their theory that everything before “but” is bullsh*t', ""I understand the anger at insurance companies. But I'm appalled by the glorification in some quarters of the murder of Brian Thompson. Yes, he was an insurance executive, but he was also a dad and certainly didn't deserve to be executed and have people jeer at his family's loss."", 'Won’t delete this.\n\nBrian Thompson, UHC CEO, was a winner. Everyone has a death. His family will live in wealth centuries after his.\n\nCan’t say the same of socialist vermin who lose their healthcare 😢.\n\nThey’re losers whose deaths will cleanse the earth of their filthy presence.']",healthcare - insurance - killer - murdering - taxpayer - whose - bankrupt - justice - experts - companies,False,12/5/2024 17:08,12/5/2024 17:08
"I must say, Brian Thompson's killer has eyes that look very cold and evil, like he's been a madman for a long time.",6,6_healthcare_insurance_killer_murdering,"['healthcare', 'insurance', 'killer', 'murdering', 'taxpayer', 'whose', 'bankrupt', 'justice', 'experts', 'companies']","['🚨NEW PODCAST EPISODE OUT NOW🚨\n\n discuss the extraordinary response to the murder of US health insurance boss Brian Thompson. \n\nHow can anyone celebrate his cold-blooded killing? The Matts test their theory that everything before “but” is bullsh*t', ""I understand the anger at insurance companies. But I'm appalled by the glorification in some quarters of the murder of Brian Thompson. Yes, he was an insurance executive, but he was also a dad and certainly didn't deserve to be executed and have people jeer at his family's loss."", 'Won’t delete this.\n\nBrian Thompson, UHC CEO, was a winner. Everyone has a death. His family will live in wealth centuries after his.\n\nCan’t say the same of socialist vermin who lose their healthcare 😢.\n\nThey’re losers whose deaths will cleanse the earth of their filthy presence.']",healthcare - insurance - killer - murdering - taxpayer - whose - bankrupt - justice - experts - companies,False,12/5/2024 10:44,12/5/2024 10:44
This is horrifying. There is no justification in the world for this type of violence. God bless Brian Thompson and his family.,6,6_healthcare_insurance_killer_murdering,"['healthcare', 'insurance', 'killer', 'murdering', 'taxpayer', 'whose', 'bankrupt', 'justice', 'experts', 'companies']","['🚨NEW PODCAST EPISODE OUT NOW🚨\n\n discuss the extraordinary response to the murder of US health insurance boss Brian Thompson. \n\nHow can anyone celebrate his cold-blooded killing? The Matts test their theory that everything before “but” is bullsh*t', ""I understand the anger at insurance companies. But I'm appalled by the glorification in some quarters of the murder of Brian Thompson. Yes, he was an insurance executive, but he was also a dad and certainly didn't deserve to be executed and have people jeer at his family's loss."", 'Won’t delete this.\n\nBrian Thompson, UHC CEO, was a winner. Everyone has a death. His family will live in wealth centuries after his.\n\nCan’t say the same of socialist vermin who lose their healthcare 😢.\n\nThey’re losers whose deaths will cleanse the earth of their filthy presence.']",healthcare - insurance - killer - murdering - taxpayer - whose - bankrupt - justice - experts - companies,False,12/5/2024 5:11,12/5/2024 5:11
"dont forget jost is married to avowed zionist scarlett johansson, hence his loser weird (yet predictable) response at the luigi cheers seems even more gross",4,4_murderous_killed_assassin_death,"['murderous', 'killed', 'assassin', 'death', 'psychotic', 'guy', 'fuck', 'someone', 'rampage', 'prisoners']","['Elon family vibes? The only time he decided to start showing up with his kids was to use them as human shields after Luigi killed the health insurance CEO.', 'Luigi needed good parenting, a good figurative azz-whooping, and a JOB. \n\nInstead, he was coddled & funded in his dangerous misery by Liberal Microcosms of Society,\n\nwho are hell-bent on keeping vulnerable people poorly-informed & rage-fueled,\n\nbc that’s the only real way they,…', ""This is why we are a failing country. He avoids every possible reason for WHY people aren't upset that Luigi killed that guy. Instead he totes about 250 new citi bikes that will make life so much easier for people haha""]",murderous - killed - assassin - death - psychotic - guy - fuck - someone - rampage - prisoners,False,12/22/2024 22:16,12/22/2024 22:16
It was distasteful for sure. Murder is obscene. People should not be cheering.,8,8_deserved_fucked_innocent_must,"['deserved', 'fucked', 'innocent', 'must', 'murderer', 'shame', 'evil', 'feared', 'offences', 'murdering']","[""Earth to the undocumented: American citizens love raping (shout out to Donny), shooting their own (refer to Luigi Magione) for that reason you will not be deported. #USA has a poor record stopping domestic terror. Heck, blonde Christian Charles Whitman massacred students in '66."", 'Yeah, you sound like Stalin. And Castro, and Mao. What you are, is a communist. It’s a shame New York doesn’t have the death penalty. Too bad Luigi didn’t do it here in Florida because we would give him the needle 💉 ☠️.', ""Barack Obama's violent activist.\nReal Motive-Obamacare feared\nUnitedHealth taking Obamacare business. Best let Luigi tell citizens that UHealth is bad. Get nation in uproar. Luigi orders from Obama “ Fix it-Luigi then jihad.” 14 yrold girl in WI radicalized to Jihad""]",deserved - fucked - innocent - must - murderer - shame - evil - feared - offences - murdering,False,12/22/2024 19:59,12/22/2024 19:59
"Based Santa. I also hope that the feminists, the LGBTQ+ agenda, the pro-Palestine protestors, the Communists, the Luigi Mangione fans, the climate change activists, and every woke person is on the naughty list.",0,0_mangioni_nick_scumbag_killer,"['mangioni', 'nick', 'scumbag', 'killer', 'hero', 'said', 'guy', 'hes', 'insane', 'much']","['The case of Luigi Mangione is the perfect example of what drives left wing zealotry.\n\nHe was a normal, successful dude. Once he got a debilitating back injury, he became impotent in relation to society. He became angry, hate-filled & resentful. Needed to blame others. Leftist.', 'Idolizing Luigi Mangione is a sign of low IQ\n\nHe is a retard that supposedly shot a dude for being unable to have gay sex anymore due to his back condition.\n\nNot a hero, and accomplished nothing in the grand scheme of things. It changes nothing', '""who did nothing to him* is the most essential part here.\n\nThe protestors blocking a road effectively took a lot of people hostage, the old man simply liberated everyone (based and justified)\n\nLuigi Mangione shot a man in the back who was just walking there.\n(cringe and gay)']",mangioni - nick - scumbag - killer - hero - said - guy - hes - insane - much,False,12/22/2024 19:38,12/22/2024 19:38
"Lol you’re a very tedious person, I’m now going to let you continue howling into the wind, have fun I’m gonna go piss on the memory of Brian Thompson xox",6,6_healthcare_insurance_killer_murdering,"['healthcare', 'insurance', 'killer', 'murdering', 'taxpayer', 'whose', 'bankrupt', 'justice', 'experts', 'companies']","['🚨NEW PODCAST EPISODE OUT NOW🚨\n\n discuss the extraordinary response to the murder of US health insurance boss Brian Thompson. \n\nHow can anyone celebrate his cold-blooded killing? The Matts test their theory that everything before “but” is bullsh*t', ""I understand the anger at insurance companies. But I'm appalled by the glorification in some quarters of the murder of Brian Thompson. Yes, he was an insurance executive, but he was also a dad and certainly didn't deserve to be executed and have people jeer at his family's loss."", 'Won’t delete this.\n\nBrian Thompson, UHC CEO, was a winner. Everyone has a death. His family will live in wealth centuries after his.\n\nCan’t say the same of socialist vermin who lose their healthcare 😢.\n\nThey’re losers whose deaths will cleanse the earth of their filthy presence.']",healthcare - insurance - killer - murdering - taxpayer - whose - bankrupt - justice - experts - companies,False,12/22/2024 19:10,12/22/2024 19:10
"I can't believe these young people are cheering on Luigi Mangione. They should be focusing on ethical things, like how they're having to choose between paying for ludicrously expensive life-saving drugs that weren't insured, or eating",0,0_mangioni_nick_scumbag_killer,"['mangioni', 'nick', 'scumbag', 'killer', 'hero', 'said', 'guy', 'hes', 'insane', 'much']","['The case of Luigi Mangione is the perfect example of what drives left wing zealotry.\n\nHe was a normal, successful dude. Once he got a debilitating back injury, he became impotent in relation to society. He became angry, hate-filled & resentful. Needed to blame others. Leftist.', 'Idolizing Luigi Mangione is a sign of low IQ\n\nHe is a retard that supposedly shot a dude for being unable to have gay sex anymore due to his back condition.\n\nNot a hero, and accomplished nothing in the grand scheme of things. It changes nothing', '""who did nothing to him* is the most essential part here.\n\nThe protestors blocking a road effectively took a lot of people hostage, the old man simply liberated everyone (based and justified)\n\nLuigi Mangione shot a man in the back who was just walking there.\n(cringe and gay)']",mangioni - nick - scumbag - killer - hero - said - guy - hes - insane - much,False,12/22/2024 17:56,12/22/2024 17:56
What is going on with this generation? 🤬 Luigi is a murder,2,2_matter_acted_cause_gun,"['matter', 'acted', 'cause', 'gun', 'murderer', 'guy', 'proven', 'elliot', 'else', 'brother']","[""Luigi (allegedly) committed murder in broad daylight, while it's been proven in a court of law that Kyle acted in self-defense. You're either willfully ignorant of that fact, or just incredibly fucking stupid."", 'So luigi travel across many states line is okay?\n\nKyle travel 15 minutes drive to neighborhood he grew up to defend it from looters\nHe shots in self defense to 3 rioters who chase after him trying to harm him.\n\nLuigi travel thousands of miles\nTo kill a guy\n\nDEM❤️criminals', ""that I don't take sides? I never have and I never will\n\nwhat luigi did was not self defense if it was then it would have been justified as the other self defense thing was""]",matter - acted - cause - gun - murderer - guy - proven - elliot - else - brother,False,12/22/2024 15:01,12/22/2024 15:01
"You little cunt, you killed two protestors who wanted the world to be better after saying you wanted to do just that. You went, armed, looking for an opportunity to murder. You're a fucking terrorist. Luigi shot one man who is part of making the world much worse.■■■■ yourself",7,7_murderer_killer_killed_ceos,"['murderer', 'killer', 'killed', 'ceos', 'innocent', 'death', 'leftists', 'criminals', 'sentenced', 'riots']","['The defender of Luigi Machioni claims that her cliënt has no chance of getting a fair trial! But did Luigi Machioni that CEO Brian Thompson a fair chance? Absolutely not! Without any form of trial, without giving the CEO Thompson a chance to defend himself Luigi Machioni (see 2)', '🆘Shooter-No one will believe Luigi murdered, cowardly shot a man in the back because United didn’t care about his back ache.   a cocky ego like Obama & radicalized which led to careless actions for Obamacare issues for his mentor Obama-Luigi influencer', ""As cool as this picture is it also makes my blood boil. They don't even treat mass shooters like this. Dylann Roof got taken to fucking Burger King after killing 9 Black people, but Luigi pops one CEO and they act like he's the head of ISIS""]",murderer - killer - killed - ceos - innocent - death - leftists - criminals - sentenced - riots,False,12/22/2024 14:54,12/22/2024 14:54
DA Alvin Bragg figured out how to get Luigi off by overcharging him with 1st degree murder. Why else would he do such an obviously stupid thing?,2,2_matter_acted_cause_gun,"['matter', 'acted', 'cause', 'gun', 'murderer', 'guy', 'proven', 'elliot', 'else', 'brother']","[""Luigi (allegedly) committed murder in broad daylight, while it's been proven in a court of law that Kyle acted in self-defense. You're either willfully ignorant of that fact, or just incredibly fucking stupid."", 'So luigi travel across many states line is okay?\n\nKyle travel 15 minutes drive to neighborhood he grew up to defend it from looters\nHe shots in self defense to 3 rioters who chase after him trying to harm him.\n\nLuigi travel thousands of miles\nTo kill a guy\n\nDEM❤️criminals', ""that I don't take sides? I never have and I never will\n\nwhat luigi did was not self defense if it was then it would have been justified as the other self defense thing was""]",matter - acted - cause - gun - murderer - guy - proven - elliot - else - brother,False,12/22/2024 14:09,12/22/2024 14:09
Politics is so strange cause Americans are really arguing that Luigi shouldn't get the maximum penalty even though he ended someone because others have done worse and gotten lesser penalties. And I hate that it makes sense.,7,7_murderer_killer_killed_ceos,"['murderer', 'killer', 'killed', 'ceos', 'innocent', 'death', 'leftists', 'criminals', 'sentenced', 'riots']","['The defender of Luigi Machioni claims that her cliënt has no chance of getting a fair trial! But did Luigi Machioni that CEO Brian Thompson a fair chance? Absolutely not! Without any form of trial, without giving the CEO Thompson a chance to defend himself Luigi Machioni (see 2)', '🆘Shooter-No one will believe Luigi murdered, cowardly shot a man in the back because United didn’t care about his back ache.   a cocky ego like Obama & radicalized which led to careless actions for Obamacare issues for his mentor Obama-Luigi influencer', ""As cool as this picture is it also makes my blood boil. They don't even treat mass shooters like this. Dylann Roof got taken to fucking Burger King after killing 9 Black people, but Luigi pops one CEO and they act like he's the head of ISIS""]",murderer - killer - killed - ceos - innocent - death - leftists - criminals - sentenced - riots,False,12/22/2024 11:21,12/22/2024 11:21
"Single mom TikToker Erin Davison was excited to find Luigi masks for herself and her infant daughter.

""Imma shoota the C.E.O.""

Does glorifying Luigi Mangione seem like the sort of thing a responsible parent would do?",0,0_mangioni_nick_scumbag_killer,"['mangioni', 'nick', 'scumbag', 'killer', 'hero', 'said', 'guy', 'hes', 'insane', 'much']","['The case of Luigi Mangione is the perfect example of what drives left wing zealotry.\n\nHe was a normal, successful dude. Once he got a debilitating back injury, he became impotent in relation to society. He became angry, hate-filled & resentful. Needed to blame others. Leftist.', 'Idolizing Luigi Mangione is a sign of low IQ\n\nHe is a retard that supposedly shot a dude for being unable to have gay sex anymore due to his back condition.\n\nNot a hero, and accomplished nothing in the grand scheme of things. It changes nothing', '""who did nothing to him* is the most essential part here.\n\nThe protestors blocking a road effectively took a lot of people hostage, the old man simply liberated everyone (based and justified)\n\nLuigi Mangione shot a man in the back who was just walking there.\n(cringe and gay)']",mangioni - nick - scumbag - killer - hero - said - guy - hes - insane - much,False,12/22/2024 1:00,12/22/2024 1:00
the luigi worship is retarded and embarrassing,4,4_murderous_killed_assassin_death,"['murderous', 'killed', 'assassin', 'death', 'psychotic', 'guy', 'fuck', 'someone', 'rampage', 'prisoners']","['Elon family vibes? The only time he decided to start showing up with his kids was to use them as human shields after Luigi killed the health insurance CEO.', 'Luigi needed good parenting, a good figurative azz-whooping, and a JOB. \n\nInstead, he was coddled & funded in his dangerous misery by Liberal Microcosms of Society,\n\nwho are hell-bent on keeping vulnerable people poorly-informed & rage-fueled,\n\nbc that’s the only real way they,…', ""This is why we are a failing country. He avoids every possible reason for WHY people aren't upset that Luigi killed that guy. Instead he totes about 250 new citi bikes that will make life so much easier for people haha""]",murderous - killed - assassin - death - psychotic - guy - fuck - someone - rampage - prisoners,False,12/22/2024 0:49,12/22/2024 0:49
"Given the communist nature of most universities around here in Brazil, this only reinforces the fact that Luigi Mangione is nothing but a murderer and a criminal, not a hero.",1,1_killer_murderer_donald_assassin,"['killer', 'murderer', 'donald', 'assassin', 'killed', 'kill', 'healthcare', 'guilty', 'innocent', 'trump']","[""why and how is luigi mangione pleading not guilty? obviously he is allowed to do that, but it makes no sense. \n\nnot only do they have fingerprint evidence, but they found him with the weapon and the manifesto. the manifesto implies the crime is something he wants credit for. i'm…"", 'SICKNESS\': Trump goes off on those with an ""appetite"" for elite cold-blooded killer suspect, torching liberals\' viral support of Luigi Mangione and saying, ""I don\'t get it.""', ""why and how is luigi mangione pleading not guilty? not only do they have fingerprint evidence, but they found him with the weapon and the manifesto. the manifesto implies the crime is something he wants credit for. i'm very confused. \n\ni'd love for someone who knows more about…""]",killer - murderer - donald - assassin - killed - kill - healthcare - guilty - innocent - trump,False,12/21/2024 23:14,12/21/2024 23:14
made a comment to my (now) ex bf about luigi and he said “he’s a mrderer” and refused to talk about eating the rich and corporations 🤷🏼‍♀️ i dumped him,3,3_danny_hell_guy_everyone,"['danny', 'hell', 'guy', 'everyone', 'strike', 'killed', 'fuck', 'actually', 'crazy', 'disaster']","['Everyone rn: I want Luigi to tear apart my holes and die from bleeding\n\nFav oomf: here are my favorite bakes of the year! ❤️ up next dark chocolate shortbread cookies 🍪🍫🍫👩\u200d🍳', '𝙏𝙝𝙚𝙮 𝙠𝙣𝙤𝙬 𝙬𝙝𝙖𝙩 𝙠𝙞𝙣𝙙 𝙤𝙛 𝙖 𝙥𝙚𝙧𝙨𝙤𝙣 𝙩𝙝𝙚𝙞𝙧 𝙘𝙝𝙞𝙡𝙙 𝙖𝙣𝙮𝙬𝙖𝙮 𝙗𝙚𝙛𝙤𝙧𝙚 𝙞𝙩 𝙝𝙖𝙥𝙥𝙚𝙣. \n\nIn the bible, it is better to discipline your child. \nI believe time will heal, but Luigi is unwell if you observe him very carefully', 'Tone, did ya hear the Luigi kid came out of hiding because he wanted a McFlurry.? You almost can’t blame the dumb little bastard, ya never know when those ice cream machine’s are workin, Skip. Ya gotta strike when the iron’s hot hehe']",danny - hell - guy - everyone - strike - killed - fuck - actually - crazy - disaster,False,12/21/2024 20:03,12/21/2024 20:03
"Why do I feel like all of this “good press” is going to create an awful lot of copycat Luigi Mangione CEO Killers.

Can at least someone agree with me that it’s insane how glamorized this guy has become",0,0_mangioni_nick_scumbag_killer,"['mangioni', 'nick', 'scumbag', 'killer', 'hero', 'said', 'guy', 'hes', 'insane', 'much']","['The case of Luigi Mangione is the perfect example of what drives left wing zealotry.\n\nHe was a normal, successful dude. Once he got a debilitating back injury, he became impotent in relation to society. He became angry, hate-filled & resentful. Needed to blame others. Leftist.', 'Idolizing Luigi Mangione is a sign of low IQ\n\nHe is a retard that supposedly shot a dude for being unable to have gay sex anymore due to his back condition.\n\nNot a hero, and accomplished nothing in the grand scheme of things. It changes nothing', '""who did nothing to him* is the most essential part here.\n\nThe protestors blocking a road effectively took a lot of people hostage, the old man simply liberated everyone (based and justified)\n\nLuigi Mangione shot a man in the back who was just walking there.\n(cringe and gay)']",mangioni - nick - scumbag - killer - hero - said - guy - hes - insane - much,False,12/21/2024 19:29,12/21/2024 19:29
Luigi's fans somehow don't realize that HE'S RICH AS FUCK. And he's a fan of Tucker Carlson and other far-right trash.,4,4_murderous_killed_assassin_death,"['murderous', 'killed', 'assassin', 'death', 'psychotic', 'guy', 'fuck', 'someone', 'rampage', 'prisoners']","['Elon family vibes? The only time he decided to start showing up with his kids was to use them as human shields after Luigi killed the health insurance CEO.', 'Luigi needed good parenting, a good figurative azz-whooping, and a JOB. \n\nInstead, he was coddled & funded in his dangerous misery by Liberal Microcosms of Society,\n\nwho are hell-bent on keeping vulnerable people poorly-informed & rage-fueled,\n\nbc that’s the only real way they,…', ""This is why we are a failing country. He avoids every possible reason for WHY people aren't upset that Luigi killed that guy. Instead he totes about 250 new citi bikes that will make life so much easier for people haha""]",murderous - killed - assassin - death - psychotic - guy - fuck - someone - rampage - prisoners,False,12/21/2024 18:26,12/21/2024 18:26
[Video] Luigi Mangione fans are getting tattoos of him on their bodies after he cowardly shot UnitedHealthcare CEO Brian Thompson in the back.,0,0_mangioni_nick_scumbag_killer,"['mangioni', 'nick', 'scumbag', 'killer', 'hero', 'said', 'guy', 'hes', 'insane', 'much']","['The case of Luigi Mangione is the perfect example of what drives left wing zealotry.\n\nHe was a normal, successful dude. Once he got a debilitating back injury, he became impotent in relation to society. He became angry, hate-filled & resentful. Needed to blame others. Leftist.', 'Idolizing Luigi Mangione is a sign of low IQ\n\nHe is a retard that supposedly shot a dude for being unable to have gay sex anymore due to his back condition.\n\nNot a hero, and accomplished nothing in the grand scheme of things. It changes nothing', '""who did nothing to him* is the most essential part here.\n\nThe protestors blocking a road effectively took a lot of people hostage, the old man simply liberated everyone (based and justified)\n\nLuigi Mangione shot a man in the back who was just walking there.\n(cringe and gay)']",mangioni - nick - scumbag - killer - hero - said - guy - hes - insane - much,False,12/21/2024 18:03,12/21/2024 18:03
well the difference between you and me I think both the ceo and luigi are scum,4,4_murderous_killed_assassin_death,"['murderous', 'killed', 'assassin', 'death', 'psychotic', 'guy', 'fuck', 'someone', 'rampage', 'prisoners']","['Elon family vibes? The only time he decided to start showing up with his kids was to use them as human shields after Luigi killed the health insurance CEO.', 'Luigi needed good parenting, a good figurative azz-whooping, and a JOB. \n\nInstead, he was coddled & funded in his dangerous misery by Liberal Microcosms of Society,\n\nwho are hell-bent on keeping vulnerable people poorly-informed & rage-fueled,\n\nbc that’s the only real way they,…', ""This is why we are a failing country. He avoids every possible reason for WHY people aren't upset that Luigi killed that guy. Instead he totes about 250 new citi bikes that will make life so much easier for people haha""]",murderous - killed - assassin - death - psychotic - guy - fuck - someone - rampage - prisoners,False,12/21/2024 16:47,12/21/2024 16:47
"A woman murders a 10 year old by texting and driving and get away with only 90 days and a $300 fine 

Luigi missed a trick by not using a fucking pickup truck",2,2_matter_acted_cause_gun,"['matter', 'acted', 'cause', 'gun', 'murderer', 'guy', 'proven', 'elliot', 'else', 'brother']","[""Luigi (allegedly) committed murder in broad daylight, while it's been proven in a court of law that Kyle acted in self-defense. You're either willfully ignorant of that fact, or just incredibly fucking stupid."", 'So luigi travel across many states line is okay?\n\nKyle travel 15 minutes drive to neighborhood he grew up to defend it from looters\nHe shots in self defense to 3 rioters who chase after him trying to harm him.\n\nLuigi travel thousands of miles\nTo kill a guy\n\nDEM❤️criminals', ""that I don't take sides? I never have and I never will\n\nwhat luigi did was not self defense if it was then it would have been justified as the other self defense thing was""]",matter - acted - cause - gun - murderer - guy - proven - elliot - else - brother,False,12/21/2024 16:32,12/21/2024 16:32
“The problem now is LUIGI MANGIONI”,0,0_mangioni_nick_scumbag_killer,"['mangioni', 'nick', 'scumbag', 'killer', 'hero', 'said', 'guy', 'hes', 'insane', 'much']","['The case of Luigi Mangione is the perfect example of what drives left wing zealotry.\n\nHe was a normal, successful dude. Once he got a debilitating back injury, he became impotent in relation to society. He became angry, hate-filled & resentful. Needed to blame others. Leftist.', 'Idolizing Luigi Mangione is a sign of low IQ\n\nHe is a retard that supposedly shot a dude for being unable to have gay sex anymore due to his back condition.\n\nNot a hero, and accomplished nothing in the grand scheme of things. It changes nothing', '""who did nothing to him* is the most essential part here.\n\nThe protestors blocking a road effectively took a lot of people hostage, the old man simply liberated everyone (based and justified)\n\nLuigi Mangione shot a man in the back who was just walking there.\n(cringe and gay)']",mangioni - nick - scumbag - killer - hero - said - guy - hes - insane - much,False,12/21/2024 16:18,12/21/2024 16:18
Luigi Mangione worshipers take note.,0,0_mangioni_nick_scumbag_killer,"['mangioni', 'nick', 'scumbag', 'killer', 'hero', 'said', 'guy', 'hes', 'insane', 'much']","['The case of Luigi Mangione is the perfect example of what drives left wing zealotry.\n\nHe was a normal, successful dude. Once he got a debilitating back injury, he became impotent in relation to society. He became angry, hate-filled & resentful. Needed to blame others. Leftist.', 'Idolizing Luigi Mangione is a sign of low IQ\n\nHe is a retard that supposedly shot a dude for being unable to have gay sex anymore due to his back condition.\n\nNot a hero, and accomplished nothing in the grand scheme of things. It changes nothing', '""who did nothing to him* is the most essential part here.\n\nThe protestors blocking a road effectively took a lot of people hostage, the old man simply liberated everyone (based and justified)\n\nLuigi Mangione shot a man in the back who was just walking there.\n(cringe and gay)']",mangioni - nick - scumbag - killer - hero - said - guy - hes - insane - much,False,12/21/2024 14:54,12/21/2024 14:54
Muskrat proving how he supports US healthcare insurance companies. He's yer average Brian Thompson kind of guy.,6,6_healthcare_insurance_killer_murdering,"['healthcare', 'insurance', 'killer', 'murdering', 'taxpayer', 'whose', 'bankrupt', 'justice', 'experts', 'companies']","['🚨NEW PODCAST EPISODE OUT NOW🚨\n\n discuss the extraordinary response to the murder of US health insurance boss Brian Thompson. \n\nHow can anyone celebrate his cold-blooded killing? The Matts test their theory that everything before “but” is bullsh*t', ""I understand the anger at insurance companies. But I'm appalled by the glorification in some quarters of the murder of Brian Thompson. Yes, he was an insurance executive, but he was also a dad and certainly didn't deserve to be executed and have people jeer at his family's loss."", 'Won’t delete this.\n\nBrian Thompson, UHC CEO, was a winner. Everyone has a death. His family will live in wealth centuries after his.\n\nCan’t say the same of socialist vermin who lose their healthcare 😢.\n\nThey’re losers whose deaths will cleanse the earth of their filthy presence.']",healthcare - insurance - killer - murdering - taxpayer - whose - bankrupt - justice - experts - companies,False,12/21/2024 13:34,12/21/2024 13:34
myself I see the difference it is kind of foolish for people to think you and that guy had anything in common. you were forced to defend yourself. Luigi went out and murdered a man in cold blood.,2,2_matter_acted_cause_gun,"['matter', 'acted', 'cause', 'gun', 'murderer', 'guy', 'proven', 'elliot', 'else', 'brother']","[""Luigi (allegedly) committed murder in broad daylight, while it's been proven in a court of law that Kyle acted in self-defense. You're either willfully ignorant of that fact, or just incredibly fucking stupid."", 'So luigi travel across many states line is okay?\n\nKyle travel 15 minutes drive to neighborhood he grew up to defend it from looters\nHe shots in self defense to 3 rioters who chase after him trying to harm him.\n\nLuigi travel thousands of miles\nTo kill a guy\n\nDEM❤️criminals', ""that I don't take sides? I never have and I never will\n\nwhat luigi did was not self defense if it was then it would have been justified as the other self defense thing was""]",matter - acted - cause - gun - murderer - guy - proven - elliot - else - brother,False,12/21/2024 10:16,12/21/2024 10:16
"by the way, Luigi is a assassin, Netanyahu is the reincarnation of Hitler",4,4_murderous_killed_assassin_death,"['murderous', 'killed', 'assassin', 'death', 'psychotic', 'guy', 'fuck', 'someone', 'rampage', 'prisoners']","['Elon family vibes? The only time he decided to start showing up with his kids was to use them as human shields after Luigi killed the health insurance CEO.', 'Luigi needed good parenting, a good figurative azz-whooping, and a JOB. \n\nInstead, he was coddled & funded in his dangerous misery by Liberal Microcosms of Society,\n\nwho are hell-bent on keeping vulnerable people poorly-informed & rage-fueled,\n\nbc that’s the only real way they,…', ""This is why we are a failing country. He avoids every possible reason for WHY people aren't upset that Luigi killed that guy. Instead he totes about 250 new citi bikes that will make life so much easier for people haha""]",murderous - killed - assassin - death - psychotic - guy - fuck - someone - rampage - prisoners,False,12/21/2024 9:16,12/21/2024 9:16
"Philhealth needs to have the ""Luigi"" treatment for christmas",3,3_danny_hell_guy_everyone,"['danny', 'hell', 'guy', 'everyone', 'strike', 'killed', 'fuck', 'actually', 'crazy', 'disaster']","['Everyone rn: I want Luigi to tear apart my holes and die from bleeding\n\nFav oomf: here are my favorite bakes of the year! ❤️ up next dark chocolate shortbread cookies 🍪🍫🍫👩\u200d🍳', '𝙏𝙝𝙚𝙮 𝙠𝙣𝙤𝙬 𝙬𝙝𝙖𝙩 𝙠𝙞𝙣𝙙 𝙤𝙛 𝙖 𝙥𝙚𝙧𝙨𝙤𝙣 𝙩𝙝𝙚𝙞𝙧 𝙘𝙝𝙞𝙡𝙙 𝙖𝙣𝙮𝙬𝙖𝙮 𝙗𝙚𝙛𝙤𝙧𝙚 𝙞𝙩 𝙝𝙖𝙥𝙥𝙚𝙣. \n\nIn the bible, it is better to discipline your child. \nI believe time will heal, but Luigi is unwell if you observe him very carefully', 'Tone, did ya hear the Luigi kid came out of hiding because he wanted a McFlurry.? You almost can’t blame the dumb little bastard, ya never know when those ice cream machine’s are workin, Skip. Ya gotta strike when the iron’s hot hehe']",danny - hell - guy - everyone - strike - killed - fuck - actually - crazy - disaster,False,12/21/2024 8:19,12/21/2024 8:19
"Get this forgotten fool outta here. We’re talking about Luigi now, get with the program",3,3_danny_hell_guy_everyone,"['danny', 'hell', 'guy', 'everyone', 'strike', 'killed', 'fuck', 'actually', 'crazy', 'disaster']","['Everyone rn: I want Luigi to tear apart my holes and die from bleeding\n\nFav oomf: here are my favorite bakes of the year! ❤️ up next dark chocolate shortbread cookies 🍪🍫🍫👩\u200d🍳', '𝙏𝙝𝙚𝙮 𝙠𝙣𝙤𝙬 𝙬𝙝𝙖𝙩 𝙠𝙞𝙣𝙙 𝙤𝙛 𝙖 𝙥𝙚𝙧𝙨𝙤𝙣 𝙩𝙝𝙚𝙞𝙧 𝙘𝙝𝙞𝙡𝙙 𝙖𝙣𝙮𝙬𝙖𝙮 𝙗𝙚𝙛𝙤𝙧𝙚 𝙞𝙩 𝙝𝙖𝙥𝙥𝙚𝙣. \n\nIn the bible, it is better to discipline your child. \nI believe time will heal, but Luigi is unwell if you observe him very carefully', 'Tone, did ya hear the Luigi kid came out of hiding because he wanted a McFlurry.? You almost can’t blame the dumb little bastard, ya never know when those ice cream machine’s are workin, Skip. Ya gotta strike when the iron’s hot hehe']",danny - hell - guy - everyone - strike - killed - fuck - actually - crazy - disaster,False,12/21/2024 7:54,12/21/2024 7:54
I'm so tired of the retarded conspiracy bullshit around Luigi Mangione. Some of you guys really need to stop making schizophrenic murderers into your personal heroes.,1,1_killer_murderer_donald_assassin,"['killer', 'murderer', 'donald', 'assassin', 'killed', 'kill', 'healthcare', 'guilty', 'innocent', 'trump']","[""why and how is luigi mangione pleading not guilty? obviously he is allowed to do that, but it makes no sense. \n\nnot only do they have fingerprint evidence, but they found him with the weapon and the manifesto. the manifesto implies the crime is something he wants credit for. i'm…"", 'SICKNESS\': Trump goes off on those with an ""appetite"" for elite cold-blooded killer suspect, torching liberals\' viral support of Luigi Mangione and saying, ""I don\'t get it.""', ""why and how is luigi mangione pleading not guilty? not only do they have fingerprint evidence, but they found him with the weapon and the manifesto. the manifesto implies the crime is something he wants credit for. i'm very confused. \n\ni'd love for someone who knows more about…""]",killer - murderer - donald - assassin - killed - kill - healthcare - guilty - innocent - trump,False,12/21/2024 7:10,12/21/2024 7:10
"Is it not ironic how easily money was thrown at Luigi’s travel from PA to NYC, extra security, helicopter ride, stay… 

Think about how hard it is to get life saving medication/procedure approved 🧐",7,7_murderer_killer_killed_ceos,"['murderer', 'killer', 'killed', 'ceos', 'innocent', 'death', 'leftists', 'criminals', 'sentenced', 'riots']","['The defender of Luigi Machioni claims that her cliënt has no chance of getting a fair trial! But did Luigi Machioni that CEO Brian Thompson a fair chance? Absolutely not! Without any form of trial, without giving the CEO Thompson a chance to defend himself Luigi Machioni (see 2)', '🆘Shooter-No one will believe Luigi murdered, cowardly shot a man in the back because United didn’t care about his back ache.   a cocky ego like Obama & radicalized which led to careless actions for Obamacare issues for his mentor Obama-Luigi influencer', ""As cool as this picture is it also makes my blood boil. They don't even treat mass shooters like this. Dylann Roof got taken to fucking Burger King after killing 9 Black people, but Luigi pops one CEO and they act like he's the head of ISIS""]",murderer - killer - killed - ceos - innocent - death - leftists - criminals - sentenced - riots,False,12/21/2024 3:47,12/21/2024 3:47
"Rittenhouse killed in self defense, Mangione murdered in cold blood. Hope this helps.",1,1_killer_murderer_donald_assassin,"['killer', 'murderer', 'donald', 'assassin', 'killed', 'kill', 'healthcare', 'guilty', 'innocent', 'trump']","[""why and how is luigi mangione pleading not guilty? obviously he is allowed to do that, but it makes no sense. \n\nnot only do they have fingerprint evidence, but they found him with the weapon and the manifesto. the manifesto implies the crime is something he wants credit for. i'm…"", 'SICKNESS\': Trump goes off on those with an ""appetite"" for elite cold-blooded killer suspect, torching liberals\' viral support of Luigi Mangione and saying, ""I don\'t get it.""', ""why and how is luigi mangione pleading not guilty? not only do they have fingerprint evidence, but they found him with the weapon and the manifesto. the manifesto implies the crime is something he wants credit for. i'm very confused. \n\ni'd love for someone who knows more about…""]",killer - murderer - donald - assassin - killed - kill - healthcare - guilty - innocent - trump,False,12/21/2024 1:55,12/21/2024 1:55
"The differences are that your mama homeschooled you poorly & drove you to do your murders, whereas Luigi went to Penn, like Trump and Musk. You are both murderers.",2,2_matter_acted_cause_gun,"['matter', 'acted', 'cause', 'gun', 'murderer', 'guy', 'proven', 'elliot', 'else', 'brother']","[""Luigi (allegedly) committed murder in broad daylight, while it's been proven in a court of law that Kyle acted in self-defense. You're either willfully ignorant of that fact, or just incredibly fucking stupid."", 'So luigi travel across many states line is okay?\n\nKyle travel 15 minutes drive to neighborhood he grew up to defend it from looters\nHe shots in self defense to 3 rioters who chase after him trying to harm him.\n\nLuigi travel thousands of miles\nTo kill a guy\n\nDEM❤️criminals', ""that I don't take sides? I never have and I never will\n\nwhat luigi did was not self defense if it was then it would have been justified as the other self defense thing was""]",matter - acted - cause - gun - murderer - guy - proven - elliot - else - brother,False,12/21/2024 1:46,12/21/2024 1:46
i was gonna say something but i forgot there are people who actually like what luigi whatever did,3,3_danny_hell_guy_everyone,"['danny', 'hell', 'guy', 'everyone', 'strike', 'killed', 'fuck', 'actually', 'crazy', 'disaster']","['Everyone rn: I want Luigi to tear apart my holes and die from bleeding\n\nFav oomf: here are my favorite bakes of the year! ❤️ up next dark chocolate shortbread cookies 🍪🍫🍫👩\u200d🍳', '𝙏𝙝𝙚𝙮 𝙠𝙣𝙤𝙬 𝙬𝙝𝙖𝙩 𝙠𝙞𝙣𝙙 𝙤𝙛 𝙖 𝙥𝙚𝙧𝙨𝙤𝙣 𝙩𝙝𝙚𝙞𝙧 𝙘𝙝𝙞𝙡𝙙 𝙖𝙣𝙮𝙬𝙖𝙮 𝙗𝙚𝙛𝙤𝙧𝙚 𝙞𝙩 𝙝𝙖𝙥𝙥𝙚𝙣. \n\nIn the bible, it is better to discipline your child. \nI believe time will heal, but Luigi is unwell if you observe him very carefully', 'Tone, did ya hear the Luigi kid came out of hiding because he wanted a McFlurry.? You almost can’t blame the dumb little bastard, ya never know when those ice cream machine’s are workin, Skip. Ya gotta strike when the iron’s hot hehe']",danny - hell - guy - everyone - strike - killed - fuck - actually - crazy - disaster,False,12/21/2024 1:38,12/21/2024 1:38
"Kyle tried to hunt humans.

Kyle got caught trying to hunt humans. 

Kyle killed humans who realized they were being hunted and tried to defend themselves. 

Kyle is a murderous sack of shit. 
Mangione is a murderous sack of shit.",5,5_murderous_bombed_terrorists_brendan,"['murderous', 'bombed', 'terrorists', 'brendan', 'detectives', 'wounds', 'prison', 'jesus', 'hunt', 'fully']","[""No proof Mangione did it, plenty of proof he's a rich Nazi\n\nNo proof the GFM raised supposedly in his name went to him, but his lawyer has repeatedly turned down funding offers. So $100k+ has gone to a very likely scam & almost none to ppl in real need bc y'all want heroes so bad"", 'Kyle tried to hunt humans.\n\nKyle got caught trying to hunt humans. \n\nKyle killed humans who realized they were being hunted and tried to defend themselves. \n\nKyle is a murderous sack of shit. \nMangione is a murderous sack of shit.', 'JESUS , I THOUGHT THIS LOUIGI BENADUCI CORLEONE....MANGIONE GUAVACELLI KID WAS SMART...THE ONLY GUYS HE DIDNT GIVE A PHOTO OPP TO WAS  KEEPIN THE GUNW THE SILENCER ..ITS 20 ALONE FOR THE SUPPRESOR THEN COMPLAININ BOUT A BAD BACK...I GOT A BAD BACK KID BAD .']",murderous - bombed - terrorists - brendan - detectives - wounds - prison - jesus - hunt - fully,True,12/21/2024 1:13,12/21/2024 1:13
"You went out with a gun looking for someone to shoot. The key difference is Luigi knew his victim, you didn’t, you just wanted to shoot someone.",2,2_matter_acted_cause_gun,"['matter', 'acted', 'cause', 'gun', 'murderer', 'guy', 'proven', 'elliot', 'else', 'brother']","[""Luigi (allegedly) committed murder in broad daylight, while it's been proven in a court of law that Kyle acted in self-defense. You're either willfully ignorant of that fact, or just incredibly fucking stupid."", 'So luigi travel across many states line is okay?\n\nKyle travel 15 minutes drive to neighborhood he grew up to defend it from looters\nHe shots in self defense to 3 rioters who chase after him trying to harm him.\n\nLuigi travel thousands of miles\nTo kill a guy\n\nDEM❤️criminals', ""that I don't take sides? I never have and I never will\n\nwhat luigi did was not self defense if it was then it would have been justified as the other self defense thing was""]",matter - acted - cause - gun - murderer - guy - proven - elliot - else - brother,False,12/21/2024 1:05,12/21/2024 1:05
I think Luigi might have merced the wrong guy,3,3_danny_hell_guy_everyone,"['danny', 'hell', 'guy', 'everyone', 'strike', 'killed', 'fuck', 'actually', 'crazy', 'disaster']","['Everyone rn: I want Luigi to tear apart my holes and die from bleeding\n\nFav oomf: here are my favorite bakes of the year! ❤️ up next dark chocolate shortbread cookies 🍪🍫🍫👩\u200d🍳', '𝙏𝙝𝙚𝙮 𝙠𝙣𝙤𝙬 𝙬𝙝𝙖𝙩 𝙠𝙞𝙣𝙙 𝙤𝙛 𝙖 𝙥𝙚𝙧𝙨𝙤𝙣 𝙩𝙝𝙚𝙞𝙧 𝙘𝙝𝙞𝙡𝙙 𝙖𝙣𝙮𝙬𝙖𝙮 𝙗𝙚𝙛𝙤𝙧𝙚 𝙞𝙩 𝙝𝙖𝙥𝙥𝙚𝙣. \n\nIn the bible, it is better to discipline your child. \nI believe time will heal, but Luigi is unwell if you observe him very carefully', 'Tone, did ya hear the Luigi kid came out of hiding because he wanted a McFlurry.? You almost can’t blame the dumb little bastard, ya never know when those ice cream machine’s are workin, Skip. Ya gotta strike when the iron’s hot hehe']",danny - hell - guy - everyone - strike - killed - fuck - actually - crazy - disaster,False,12/21/2024 0:08,12/21/2024 0:08
can someone kill the youtube ceo luigi style,4,4_murderous_killed_assassin_death,"['murderous', 'killed', 'assassin', 'death', 'psychotic', 'guy', 'fuck', 'someone', 'rampage', 'prisoners']","['Elon family vibes? The only time he decided to start showing up with his kids was to use them as human shields after Luigi killed the health insurance CEO.', 'Luigi needed good parenting, a good figurative azz-whooping, and a JOB. \n\nInstead, he was coddled & funded in his dangerous misery by Liberal Microcosms of Society,\n\nwho are hell-bent on keeping vulnerable people poorly-informed & rage-fueled,\n\nbc that’s the only real way they,…', ""This is why we are a failing country. He avoids every possible reason for WHY people aren't upset that Luigi killed that guy. Instead he totes about 250 new citi bikes that will make life so much easier for people haha""]",murderous - killed - assassin - death - psychotic - guy - fuck - someone - rampage - prisoners,False,12/20/2024 21:00,12/20/2024 21:00
"He's right that they're very different. Mangione was a cold blooded calculated murderer. Rittenhouse's stupid bravado, incompetence, irresponsibility and fear led to the manslaughter of 2 people.",1,1_killer_murderer_donald_assassin,"['killer', 'murderer', 'donald', 'assassin', 'killed', 'kill', 'healthcare', 'guilty', 'innocent', 'trump']","[""why and how is luigi mangione pleading not guilty? obviously he is allowed to do that, but it makes no sense. \n\nnot only do they have fingerprint evidence, but they found him with the weapon and the manifesto. the manifesto implies the crime is something he wants credit for. i'm…"", 'SICKNESS\': Trump goes off on those with an ""appetite"" for elite cold-blooded killer suspect, torching liberals\' viral support of Luigi Mangione and saying, ""I don\'t get it.""', ""why and how is luigi mangione pleading not guilty? not only do they have fingerprint evidence, but they found him with the weapon and the manifesto. the manifesto implies the crime is something he wants credit for. i'm very confused. \n\ni'd love for someone who knows more about…""]",killer - murderer - donald - assassin - killed - kill - healthcare - guilty - innocent - trump,False,12/20/2024 20:27,12/20/2024 20:27
"Mangione murdered an innocent man in cold blood shot him in the back, he deserves what's coming his way let the Judge do his job.",1,1_killer_murderer_donald_assassin,"['killer', 'murderer', 'donald', 'assassin', 'killed', 'kill', 'healthcare', 'guilty', 'innocent', 'trump']","[""why and how is luigi mangione pleading not guilty? obviously he is allowed to do that, but it makes no sense. \n\nnot only do they have fingerprint evidence, but they found him with the weapon and the manifesto. the manifesto implies the crime is something he wants credit for. i'm…"", 'SICKNESS\': Trump goes off on those with an ""appetite"" for elite cold-blooded killer suspect, torching liberals\' viral support of Luigi Mangione and saying, ""I don\'t get it.""', ""why and how is luigi mangione pleading not guilty? not only do they have fingerprint evidence, but they found him with the weapon and the manifesto. the manifesto implies the crime is something he wants credit for. i'm very confused. \n\ni'd love for someone who knows more about…""]",killer - murderer - donald - assassin - killed - kill - healthcare - guilty - innocent - trump,False,12/20/2024 19:50,12/20/2024 19:50
"Good post, bro 👌 this is the difference between a guy protecting himself and the other guy (Luigi) a crazed maniac shooting someone in cold blood because of precieved sleights that only he could see thats the definition of insanity",2,2_matter_acted_cause_gun,"['matter', 'acted', 'cause', 'gun', 'murderer', 'guy', 'proven', 'elliot', 'else', 'brother']","[""Luigi (allegedly) committed murder in broad daylight, while it's been proven in a court of law that Kyle acted in self-defense. You're either willfully ignorant of that fact, or just incredibly fucking stupid."", 'So luigi travel across many states line is okay?\n\nKyle travel 15 minutes drive to neighborhood he grew up to defend it from looters\nHe shots in self defense to 3 rioters who chase after him trying to harm him.\n\nLuigi travel thousands of miles\nTo kill a guy\n\nDEM❤️criminals', ""that I don't take sides? I never have and I never will\n\nwhat luigi did was not self defense if it was then it would have been justified as the other self defense thing was""]",matter - acted - cause - gun - murderer - guy - proven - elliot - else - brother,False,12/20/2024 19:43,12/20/2024 19:43
"Barack Obama's violent activist.
Real Motive-Obamacare feared
UnitedHealth taking Obamacare business. Best let Luigi tell citizens that UHealth is bad. Get nation in uproar. Luigi orders from Obama “ Fix it-Luigi then jihad.” 14 yrold girl in WI radicalized to Jihad",8,8_deserved_fucked_innocent_must,"['deserved', 'fucked', 'innocent', 'must', 'murderer', 'shame', 'evil', 'feared', 'offences', 'murdering']","[""Earth to the undocumented: American citizens love raping (shout out to Donny), shooting their own (refer to Luigi Magione) for that reason you will not be deported. #USA has a poor record stopping domestic terror. Heck, blonde Christian Charles Whitman massacred students in '66."", 'Yeah, you sound like Stalin. And Castro, and Mao. What you are, is a communist. It’s a shame New York doesn’t have the death penalty. Too bad Luigi didn’t do it here in Florida because we would give him the needle 💉 ☠️.', ""Barack Obama's violent activist.\nReal Motive-Obamacare feared\nUnitedHealth taking Obamacare business. Best let Luigi tell citizens that UHealth is bad. Get nation in uproar. Luigi orders from Obama “ Fix it-Luigi then jihad.” 14 yrold girl in WI radicalized to Jihad""]",deserved - fucked - innocent - must - murderer - shame - evil - feared - offences - murdering,True,12/20/2024 18:24,12/20/2024 18:24
"Free Luigi ? 

HE KILLED A FUCKING MAN ! 

HE HAS TO TAKE HIS REPONSABILITIES !",3,3_danny_hell_guy_everyone,"['danny', 'hell', 'guy', 'everyone', 'strike', 'killed', 'fuck', 'actually', 'crazy', 'disaster']","['Everyone rn: I want Luigi to tear apart my holes and die from bleeding\n\nFav oomf: here are my favorite bakes of the year! ❤️ up next dark chocolate shortbread cookies 🍪🍫🍫👩\u200d🍳', '𝙏𝙝𝙚𝙮 𝙠𝙣𝙤𝙬 𝙬𝙝𝙖𝙩 𝙠𝙞𝙣𝙙 𝙤𝙛 𝙖 𝙥𝙚𝙧𝙨𝙤𝙣 𝙩𝙝𝙚𝙞𝙧 𝙘𝙝𝙞𝙡𝙙 𝙖𝙣𝙮𝙬𝙖𝙮 𝙗𝙚𝙛𝙤𝙧𝙚 𝙞𝙩 𝙝𝙖𝙥𝙥𝙚𝙣. \n\nIn the bible, it is better to discipline your child. \nI believe time will heal, but Luigi is unwell if you observe him very carefully', 'Tone, did ya hear the Luigi kid came out of hiding because he wanted a McFlurry.? You almost can’t blame the dumb little bastard, ya never know when those ice cream machine’s are workin, Skip. Ya gotta strike when the iron’s hot hehe']",danny - hell - guy - everyone - strike - killed - fuck - actually - crazy - disaster,False,12/20/2024 18:22,12/20/2024 18:22
"problematic things Luigi Mangione has done

a much needed thread:",0,0_mangioni_nick_scumbag_killer,"['mangioni', 'nick', 'scumbag', 'killer', 'hero', 'said', 'guy', 'hes', 'insane', 'much']","['The case of Luigi Mangione is the perfect example of what drives left wing zealotry.\n\nHe was a normal, successful dude. Once he got a debilitating back injury, he became impotent in relation to society. He became angry, hate-filled & resentful. Needed to blame others. Leftist.', 'Idolizing Luigi Mangione is a sign of low IQ\n\nHe is a retard that supposedly shot a dude for being unable to have gay sex anymore due to his back condition.\n\nNot a hero, and accomplished nothing in the grand scheme of things. It changes nothing', '""who did nothing to him* is the most essential part here.\n\nThe protestors blocking a road effectively took a lot of people hostage, the old man simply liberated everyone (based and justified)\n\nLuigi Mangione shot a man in the back who was just walking there.\n(cringe and gay)']",mangioni - nick - scumbag - killer - hero - said - guy - hes - insane - much,False,12/20/2024 18:00,12/20/2024 18:00
??? He killed one man,8,8_deserved_fucked_innocent_must,"['deserved', 'fucked', 'innocent', 'must', 'murderer', 'shame', 'evil', 'feared', 'offences', 'murdering']","[""Earth to the undocumented: American citizens love raping (shout out to Donny), shooting their own (refer to Luigi Magione) for that reason you will not be deported. #USA has a poor record stopping domestic terror. Heck, blonde Christian Charles Whitman massacred students in '66."", 'Yeah, you sound like Stalin. And Castro, and Mao. What you are, is a communist. It’s a shame New York doesn’t have the death penalty. Too bad Luigi didn’t do it here in Florida because we would give him the needle 💉 ☠️.', ""Barack Obama's violent activist.\nReal Motive-Obamacare feared\nUnitedHealth taking Obamacare business. Best let Luigi tell citizens that UHealth is bad. Get nation in uproar. Luigi orders from Obama “ Fix it-Luigi then jihad.” 14 yrold girl in WI radicalized to Jihad""]",deserved - fucked - innocent - must - murderer - shame - evil - feared - offences - murdering,False,12/20/2024 16:37,12/20/2024 16:37
"NYC Mayor Eric Adams on his decision to escort Luigi Mangione in Manhattan:

“I’m not going to just allow him into the city. I wanted to look him in the eye and say you carried out this terroristic act in my city, the city that the people of New York love”",1,1_killer_murderer_donald_assassin,"['killer', 'murderer', 'donald', 'assassin', 'killed', 'kill', 'healthcare', 'guilty', 'innocent', 'trump']","[""why and how is luigi mangione pleading not guilty? obviously he is allowed to do that, but it makes no sense. \n\nnot only do they have fingerprint evidence, but they found him with the weapon and the manifesto. the manifesto implies the crime is something he wants credit for. i'm…"", 'SICKNESS\': Trump goes off on those with an ""appetite"" for elite cold-blooded killer suspect, torching liberals\' viral support of Luigi Mangione and saying, ""I don\'t get it.""', ""why and how is luigi mangione pleading not guilty? not only do they have fingerprint evidence, but they found him with the weapon and the manifesto. the manifesto implies the crime is something he wants credit for. i'm very confused. \n\ni'd love for someone who knows more about…""]",killer - murderer - donald - assassin - killed - kill - healthcare - guilty - innocent - trump,False,12/20/2024 15:47,12/20/2024 15:47
Luigi should watch his back.,3,3_danny_hell_guy_everyone,"['danny', 'hell', 'guy', 'everyone', 'strike', 'killed', 'fuck', 'actually', 'crazy', 'disaster']","['Everyone rn: I want Luigi to tear apart my holes and die from bleeding\n\nFav oomf: here are my favorite bakes of the year! ❤️ up next dark chocolate shortbread cookies 🍪🍫🍫👩\u200d🍳', '𝙏𝙝𝙚𝙮 𝙠𝙣𝙤𝙬 𝙬𝙝𝙖𝙩 𝙠𝙞𝙣𝙙 𝙤𝙛 𝙖 𝙥𝙚𝙧𝙨𝙤𝙣 𝙩𝙝𝙚𝙞𝙧 𝙘𝙝𝙞𝙡𝙙 𝙖𝙣𝙮𝙬𝙖𝙮 𝙗𝙚𝙛𝙤𝙧𝙚 𝙞𝙩 𝙝𝙖𝙥𝙥𝙚𝙣. \n\nIn the bible, it is better to discipline your child. \nI believe time will heal, but Luigi is unwell if you observe him very carefully', 'Tone, did ya hear the Luigi kid came out of hiding because he wanted a McFlurry.? You almost can’t blame the dumb little bastard, ya never know when those ice cream machine’s are workin, Skip. Ya gotta strike when the iron’s hot hehe']",danny - hell - guy - everyone - strike - killed - fuck - actually - crazy - disaster,False,12/20/2024 15:32,12/20/2024 15:32
"Luigi (allegedly) committed murder in broad daylight, while it's been proven in a court of law that Kyle acted in self-defense. You're either willfully ignorant of that fact, or just incredibly fucking stupid.",2,2_matter_acted_cause_gun,"['matter', 'acted', 'cause', 'gun', 'murderer', 'guy', 'proven', 'elliot', 'else', 'brother']","[""Luigi (allegedly) committed murder in broad daylight, while it's been proven in a court of law that Kyle acted in self-defense. You're either willfully ignorant of that fact, or just incredibly fucking stupid."", 'So luigi travel across many states line is okay?\n\nKyle travel 15 minutes drive to neighborhood he grew up to defend it from looters\nHe shots in self defense to 3 rioters who chase after him trying to harm him.\n\nLuigi travel thousands of miles\nTo kill a guy\n\nDEM❤️criminals', ""that I don't take sides? I never have and I never will\n\nwhat luigi did was not self defense if it was then it would have been justified as the other self defense thing was""]",matter - acted - cause - gun - murderer - guy - proven - elliot - else - brother,True,12/20/2024 15:11,12/20/2024 15:11
"Stop glorifying Mangione and comparing him to Jesus. He’s an adult who made a decision and must face the consequences. If you criticize the unjust system, condemn the violence, especially what children suffer in war. Mangione chose to kill; a child doesn’t choose to be bombed.",5,5_murderous_bombed_terrorists_brendan,"['murderous', 'bombed', 'terrorists', 'brendan', 'detectives', 'wounds', 'prison', 'jesus', 'hunt', 'fully']","[""No proof Mangione did it, plenty of proof he's a rich Nazi\n\nNo proof the GFM raised supposedly in his name went to him, but his lawyer has repeatedly turned down funding offers. So $100k+ has gone to a very likely scam & almost none to ppl in real need bc y'all want heroes so bad"", 'Kyle tried to hunt humans.\n\nKyle got caught trying to hunt humans. \n\nKyle killed humans who realized they were being hunted and tried to defend themselves. \n\nKyle is a murderous sack of shit. \nMangione is a murderous sack of shit.', 'JESUS , I THOUGHT THIS LOUIGI BENADUCI CORLEONE....MANGIONE GUAVACELLI KID WAS SMART...THE ONLY GUYS HE DIDNT GIVE A PHOTO OPP TO WAS  KEEPIN THE GUNW THE SILENCER ..ITS 20 ALONE FOR THE SUPPRESOR THEN COMPLAININ BOUT A BAD BACK...I GOT A BAD BACK KID BAD .']",murderous - bombed - terrorists - brendan - detectives - wounds - prison - jesus - hunt - fully,False,12/20/2024 15:06,12/20/2024 15:06
They couldn't well let trans Luigi be a thing after he killed a guy,3,3_danny_hell_guy_everyone,"['danny', 'hell', 'guy', 'everyone', 'strike', 'killed', 'fuck', 'actually', 'crazy', 'disaster']","['Everyone rn: I want Luigi to tear apart my holes and die from bleeding\n\nFav oomf: here are my favorite bakes of the year! ❤️ up next dark chocolate shortbread cookies 🍪🍫🍫👩\u200d🍳', '𝙏𝙝𝙚𝙮 𝙠𝙣𝙤𝙬 𝙬𝙝𝙖𝙩 𝙠𝙞𝙣𝙙 𝙤𝙛 𝙖 𝙥𝙚𝙧𝙨𝙤𝙣 𝙩𝙝𝙚𝙞𝙧 𝙘𝙝𝙞𝙡𝙙 𝙖𝙣𝙮𝙬𝙖𝙮 𝙗𝙚𝙛𝙤𝙧𝙚 𝙞𝙩 𝙝𝙖𝙥𝙥𝙚𝙣. \n\nIn the bible, it is better to discipline your child. \nI believe time will heal, but Luigi is unwell if you observe him very carefully', 'Tone, did ya hear the Luigi kid came out of hiding because he wanted a McFlurry.? You almost can’t blame the dumb little bastard, ya never know when those ice cream machine’s are workin, Skip. Ya gotta strike when the iron’s hot hehe']",danny - hell - guy - everyone - strike - killed - fuck - actually - crazy - disaster,False,12/20/2024 14:55,12/20/2024 14:55
"It seems 40% of youth now chose Luigi the #NYC shooters side, in regards to higher morals and human standards.

As to say, murdering a murderer who kept his hands clean is acceptable in their eyes.

You will find similar outcomes when Sadam, oboma and others were executed, so…",7,7_murderer_killer_killed_ceos,"['murderer', 'killer', 'killed', 'ceos', 'innocent', 'death', 'leftists', 'criminals', 'sentenced', 'riots']","['The defender of Luigi Machioni claims that her cliënt has no chance of getting a fair trial! But did Luigi Machioni that CEO Brian Thompson a fair chance? Absolutely not! Without any form of trial, without giving the CEO Thompson a chance to defend himself Luigi Machioni (see 2)', '🆘Shooter-No one will believe Luigi murdered, cowardly shot a man in the back because United didn’t care about his back ache.   a cocky ego like Obama & radicalized which led to careless actions for Obamacare issues for his mentor Obama-Luigi influencer', ""As cool as this picture is it also makes my blood boil. They don't even treat mass shooters like this. Dylann Roof got taken to fucking Burger King after killing 9 Black people, but Luigi pops one CEO and they act like he's the head of ISIS""]",murderer - killer - killed - ceos - innocent - death - leftists - criminals - sentenced - riots,False,12/20/2024 14:44,12/20/2024 14:44
I have also found a link between Israel haters and supporters of murderer Luigi Mangione.,1,1_killer_murderer_donald_assassin,"['killer', 'murderer', 'donald', 'assassin', 'killed', 'kill', 'healthcare', 'guilty', 'innocent', 'trump']","[""why and how is luigi mangione pleading not guilty? obviously he is allowed to do that, but it makes no sense. \n\nnot only do they have fingerprint evidence, but they found him with the weapon and the manifesto. the manifesto implies the crime is something he wants credit for. i'm…"", 'SICKNESS\': Trump goes off on those with an ""appetite"" for elite cold-blooded killer suspect, torching liberals\' viral support of Luigi Mangione and saying, ""I don\'t get it.""', ""why and how is luigi mangione pleading not guilty? not only do they have fingerprint evidence, but they found him with the weapon and the manifesto. the manifesto implies the crime is something he wants credit for. i'm very confused. \n\ni'd love for someone who knows more about…""]",killer - murderer - donald - assassin - killed - kill - healthcare - guilty - innocent - trump,False,12/20/2024 14:06,12/20/2024 14:06
Imagine having all that escort for a LUIGI that only killed 1 guy,3,3_danny_hell_guy_everyone,"['danny', 'hell', 'guy', 'everyone', 'strike', 'killed', 'fuck', 'actually', 'crazy', 'disaster']","['Everyone rn: I want Luigi to tear apart my holes and die from bleeding\n\nFav oomf: here are my favorite bakes of the year! ❤️ up next dark chocolate shortbread cookies 🍪🍫🍫👩\u200d🍳', '𝙏𝙝𝙚𝙮 𝙠𝙣𝙤𝙬 𝙬𝙝𝙖𝙩 𝙠𝙞𝙣𝙙 𝙤𝙛 𝙖 𝙥𝙚𝙧𝙨𝙤𝙣 𝙩𝙝𝙚𝙞𝙧 𝙘𝙝𝙞𝙡𝙙 𝙖𝙣𝙮𝙬𝙖𝙮 𝙗𝙚𝙛𝙤𝙧𝙚 𝙞𝙩 𝙝𝙖𝙥𝙥𝙚𝙣. \n\nIn the bible, it is better to discipline your child. \nI believe time will heal, but Luigi is unwell if you observe him very carefully', 'Tone, did ya hear the Luigi kid came out of hiding because he wanted a McFlurry.? You almost can’t blame the dumb little bastard, ya never know when those ice cream machine’s are workin, Skip. Ya gotta strike when the iron’s hot hehe']",danny - hell - guy - everyone - strike - killed - fuck - actually - crazy - disaster,False,12/20/2024 13:41,12/20/2024 13:41
Ya boy Luigi is going down for life.,3,3_danny_hell_guy_everyone,"['danny', 'hell', 'guy', 'everyone', 'strike', 'killed', 'fuck', 'actually', 'crazy', 'disaster']","['Everyone rn: I want Luigi to tear apart my holes and die from bleeding\n\nFav oomf: here are my favorite bakes of the year! ❤️ up next dark chocolate shortbread cookies 🍪🍫🍫👩\u200d🍳', '𝙏𝙝𝙚𝙮 𝙠𝙣𝙤𝙬 𝙬𝙝𝙖𝙩 𝙠𝙞𝙣𝙙 𝙤𝙛 𝙖 𝙥𝙚𝙧𝙨𝙤𝙣 𝙩𝙝𝙚𝙞𝙧 𝙘𝙝𝙞𝙡𝙙 𝙖𝙣𝙮𝙬𝙖𝙮 𝙗𝙚𝙛𝙤𝙧𝙚 𝙞𝙩 𝙝𝙖𝙥𝙥𝙚𝙣. \n\nIn the bible, it is better to discipline your child. \nI believe time will heal, but Luigi is unwell if you observe him very carefully', 'Tone, did ya hear the Luigi kid came out of hiding because he wanted a McFlurry.? You almost can’t blame the dumb little bastard, ya never know when those ice cream machine’s are workin, Skip. Ya gotta strike when the iron’s hot hehe']",danny - hell - guy - everyone - strike - killed - fuck - actually - crazy - disaster,False,12/20/2024 12:53,12/20/2024 12:53
Why are they parading Luigi Mangione around like this?,0,0_mangioni_nick_scumbag_killer,"['mangioni', 'nick', 'scumbag', 'killer', 'hero', 'said', 'guy', 'hes', 'insane', 'much']","['The case of Luigi Mangione is the perfect example of what drives left wing zealotry.\n\nHe was a normal, successful dude. Once he got a debilitating back injury, he became impotent in relation to society. He became angry, hate-filled & resentful. Needed to blame others. Leftist.', 'Idolizing Luigi Mangione is a sign of low IQ\n\nHe is a retard that supposedly shot a dude for being unable to have gay sex anymore due to his back condition.\n\nNot a hero, and accomplished nothing in the grand scheme of things. It changes nothing', '""who did nothing to him* is the most essential part here.\n\nThe protestors blocking a road effectively took a lot of people hostage, the old man simply liberated everyone (based and justified)\n\nLuigi Mangione shot a man in the back who was just walking there.\n(cringe and gay)']",mangioni - nick - scumbag - killer - hero - said - guy - hes - insane - much,False,12/20/2024 12:19,12/20/2024 12:19
"The real story here is the Feds stepped in & are seeking the death penalty which NY will not do.

This animal should be put down on Pay Per View.",9,9_crimes_arrested_killer_perpetrator,"['crimes', 'arrested', 'killer', 'perpetrator', 'vicious', 'baron', 'sin', 'hero', 'trending', 'police']","['Pennsylvania Governor Josh Shapiro goes off on people who are celebrating Luigi Mangione for allegedly murdering UnitedHealthcare CEO Brian Thompson.\n\n""In America, we do not kill people in cold blood to resolve policy differences or to express a viewpoint.""\n\nHe calls it…', 'Healthcare boss Brian Thompson’s killer may have fled New York, police say, via   \n\nUnless its blizzard snow. Im of the opinion people wearing hoodies covered up should be shot by default. As normally speaking their obviously up to no good.', 'Person who deleted/erased CEO of UnitedHealthCare is illegal immigrant came from Latin Spanish countries like Venezuela 🇻🇪 travel from Atlanta, Georgia to New York City and left state of New York in United States Of America. This is migrant crime related.\n\n~ Baron Tremayne Caple']",crimes - arrested - killer - perpetrator - vicious - baron - sin - hero - trending - police,False,12/20/2024 11:33,12/20/2024 11:33
STAY AWAY FROM LUIGI,3,3_danny_hell_guy_everyone,"['danny', 'hell', 'guy', 'everyone', 'strike', 'killed', 'fuck', 'actually', 'crazy', 'disaster']","['Everyone rn: I want Luigi to tear apart my holes and die from bleeding\n\nFav oomf: here are my favorite bakes of the year! ❤️ up next dark chocolate shortbread cookies 🍪🍫🍫👩\u200d🍳', '𝙏𝙝𝙚𝙮 𝙠𝙣𝙤𝙬 𝙬𝙝𝙖𝙩 𝙠𝙞𝙣𝙙 𝙤𝙛 𝙖 𝙥𝙚𝙧𝙨𝙤𝙣 𝙩𝙝𝙚𝙞𝙧 𝙘𝙝𝙞𝙡𝙙 𝙖𝙣𝙮𝙬𝙖𝙮 𝙗𝙚𝙛𝙤𝙧𝙚 𝙞𝙩 𝙝𝙖𝙥𝙥𝙚𝙣. \n\nIn the bible, it is better to discipline your child. \nI believe time will heal, but Luigi is unwell if you observe him very carefully', 'Tone, did ya hear the Luigi kid came out of hiding because he wanted a McFlurry.? You almost can’t blame the dumb little bastard, ya never know when those ice cream machine’s are workin, Skip. Ya gotta strike when the iron’s hot hehe']",danny - hell - guy - everyone - strike - killed - fuck - actually - crazy - disaster,False,12/20/2024 11:05,12/20/2024 11:05
Well Kyle acted in self defense while Luigi acted in premeditated murder.,2,2_matter_acted_cause_gun,"['matter', 'acted', 'cause', 'gun', 'murderer', 'guy', 'proven', 'elliot', 'else', 'brother']","[""Luigi (allegedly) committed murder in broad daylight, while it's been proven in a court of law that Kyle acted in self-defense. You're either willfully ignorant of that fact, or just incredibly fucking stupid."", 'So luigi travel across many states line is okay?\n\nKyle travel 15 minutes drive to neighborhood he grew up to defend it from looters\nHe shots in self defense to 3 rioters who chase after him trying to harm him.\n\nLuigi travel thousands of miles\nTo kill a guy\n\nDEM❤️criminals', ""that I don't take sides? I never have and I never will\n\nwhat luigi did was not self defense if it was then it would have been justified as the other self defense thing was""]",matter - acted - cause - gun - murderer - guy - proven - elliot - else - brother,False,12/20/2024 9:14,12/20/2024 9:14
They are treating Luigi Mangione like he is some kinda Superman.,0,0_mangioni_nick_scumbag_killer,"['mangioni', 'nick', 'scumbag', 'killer', 'hero', 'said', 'guy', 'hes', 'insane', 'much']","['The case of Luigi Mangione is the perfect example of what drives left wing zealotry.\n\nHe was a normal, successful dude. Once he got a debilitating back injury, he became impotent in relation to society. He became angry, hate-filled & resentful. Needed to blame others. Leftist.', 'Idolizing Luigi Mangione is a sign of low IQ\n\nHe is a retard that supposedly shot a dude for being unable to have gay sex anymore due to his back condition.\n\nNot a hero, and accomplished nothing in the grand scheme of things. It changes nothing', '""who did nothing to him* is the most essential part here.\n\nThe protestors blocking a road effectively took a lot of people hostage, the old man simply liberated everyone (based and justified)\n\nLuigi Mangione shot a man in the back who was just walking there.\n(cringe and gay)']",mangioni - nick - scumbag - killer - hero - said - guy - hes - insane - much,False,12/20/2024 8:16,12/20/2024 8:16
Ah the internet…Luigi is in jail accused of killing a human being. A family lost a dad👍,2,2_matter_acted_cause_gun,"['matter', 'acted', 'cause', 'gun', 'murderer', 'guy', 'proven', 'elliot', 'else', 'brother']","[""Luigi (allegedly) committed murder in broad daylight, while it's been proven in a court of law that Kyle acted in self-defense. You're either willfully ignorant of that fact, or just incredibly fucking stupid."", 'So luigi travel across many states line is okay?\n\nKyle travel 15 minutes drive to neighborhood he grew up to defend it from looters\nHe shots in self defense to 3 rioters who chase after him trying to harm him.\n\nLuigi travel thousands of miles\nTo kill a guy\n\nDEM❤️criminals', ""that I don't take sides? I never have and I never will\n\nwhat luigi did was not self defense if it was then it would have been justified as the other self defense thing was""]",matter - acted - cause - gun - murderer - guy - proven - elliot - else - brother,False,12/20/2024 6:01,12/20/2024 6:01
There is something heinous and truly ghoulish that is presenting itself in the spectacle being made of Luigi. Nothing noble in the way he is being treated on any plane :/,4,4_murderous_killed_assassin_death,"['murderous', 'killed', 'assassin', 'death', 'psychotic', 'guy', 'fuck', 'someone', 'rampage', 'prisoners']","['Elon family vibes? The only time he decided to start showing up with his kids was to use them as human shields after Luigi killed the health insurance CEO.', 'Luigi needed good parenting, a good figurative azz-whooping, and a JOB. \n\nInstead, he was coddled & funded in his dangerous misery by Liberal Microcosms of Society,\n\nwho are hell-bent on keeping vulnerable people poorly-informed & rage-fueled,\n\nbc that’s the only real way they,…', ""This is why we are a failing country. He avoids every possible reason for WHY people aren't upset that Luigi killed that guy. Instead he totes about 250 new citi bikes that will make life so much easier for people haha""]",murderous - killed - assassin - death - psychotic - guy - fuck - someone - rampage - prisoners,False,12/20/2024 5:18,12/20/2024 5:18
"Good, all assassins must suffer the death penalties.",8,8_deserved_fucked_innocent_must,"['deserved', 'fucked', 'innocent', 'must', 'murderer', 'shame', 'evil', 'feared', 'offences', 'murdering']","[""Earth to the undocumented: American citizens love raping (shout out to Donny), shooting their own (refer to Luigi Magione) for that reason you will not be deported. #USA has a poor record stopping domestic terror. Heck, blonde Christian Charles Whitman massacred students in '66."", 'Yeah, you sound like Stalin. And Castro, and Mao. What you are, is a communist. It’s a shame New York doesn’t have the death penalty. Too bad Luigi didn’t do it here in Florida because we would give him the needle 💉 ☠️.', ""Barack Obama's violent activist.\nReal Motive-Obamacare feared\nUnitedHealth taking Obamacare business. Best let Luigi tell citizens that UHealth is bad. Get nation in uproar. Luigi orders from Obama “ Fix it-Luigi then jihad.” 14 yrold girl in WI radicalized to Jihad""]",deserved - fucked - innocent - must - murderer - shame - evil - feared - offences - murdering,False,12/20/2024 4:30,12/20/2024 4:30
Whoever set this photo op up is either an idiot or a secret Luigi stan,3,3_danny_hell_guy_everyone,"['danny', 'hell', 'guy', 'everyone', 'strike', 'killed', 'fuck', 'actually', 'crazy', 'disaster']","['Everyone rn: I want Luigi to tear apart my holes and die from bleeding\n\nFav oomf: here are my favorite bakes of the year! ❤️ up next dark chocolate shortbread cookies 🍪🍫🍫👩\u200d🍳', '𝙏𝙝𝙚𝙮 𝙠𝙣𝙤𝙬 𝙬𝙝𝙖𝙩 𝙠𝙞𝙣𝙙 𝙤𝙛 𝙖 𝙥𝙚𝙧𝙨𝙤𝙣 𝙩𝙝𝙚𝙞𝙧 𝙘𝙝𝙞𝙡𝙙 𝙖𝙣𝙮𝙬𝙖𝙮 𝙗𝙚𝙛𝙤𝙧𝙚 𝙞𝙩 𝙝𝙖𝙥𝙥𝙚𝙣. \n\nIn the bible, it is better to discipline your child. \nI believe time will heal, but Luigi is unwell if you observe him very carefully', 'Tone, did ya hear the Luigi kid came out of hiding because he wanted a McFlurry.? You almost can’t blame the dumb little bastard, ya never know when those ice cream machine’s are workin, Skip. Ya gotta strike when the iron’s hot hehe']",danny - hell - guy - everyone - strike - killed - fuck - actually - crazy - disaster,False,12/20/2024 4:22,12/20/2024 4:22
Chris Plante: Crazy left says Luigi Mangione is a hero,0,0_mangioni_nick_scumbag_killer,"['mangioni', 'nick', 'scumbag', 'killer', 'hero', 'said', 'guy', 'hes', 'insane', 'much']","['The case of Luigi Mangione is the perfect example of what drives left wing zealotry.\n\nHe was a normal, successful dude. Once he got a debilitating back injury, he became impotent in relation to society. He became angry, hate-filled & resentful. Needed to blame others. Leftist.', 'Idolizing Luigi Mangione is a sign of low IQ\n\nHe is a retard that supposedly shot a dude for being unable to have gay sex anymore due to his back condition.\n\nNot a hero, and accomplished nothing in the grand scheme of things. It changes nothing', '""who did nothing to him* is the most essential part here.\n\nThe protestors blocking a road effectively took a lot of people hostage, the old man simply liberated everyone (based and justified)\n\nLuigi Mangione shot a man in the back who was just walking there.\n(cringe and gay)']",mangioni - nick - scumbag - killer - hero - said - guy - hes - insane - much,False,12/20/2024 4:17,12/20/2024 4:17
Luigi literally killed someone,2,2_matter_acted_cause_gun,"['matter', 'acted', 'cause', 'gun', 'murderer', 'guy', 'proven', 'elliot', 'else', 'brother']","[""Luigi (allegedly) committed murder in broad daylight, while it's been proven in a court of law that Kyle acted in self-defense. You're either willfully ignorant of that fact, or just incredibly fucking stupid."", 'So luigi travel across many states line is okay?\n\nKyle travel 15 minutes drive to neighborhood he grew up to defend it from looters\nHe shots in self defense to 3 rioters who chase after him trying to harm him.\n\nLuigi travel thousands of miles\nTo kill a guy\n\nDEM❤️criminals', ""that I don't take sides? I never have and I never will\n\nwhat luigi did was not self defense if it was then it would have been justified as the other self defense thing was""]",matter - acted - cause - gun - murderer - guy - proven - elliot - else - brother,False,12/20/2024 4:03,12/20/2024 4:03
OH HELL NO STAY AWAY FROM LUIGI,3,3_danny_hell_guy_everyone,"['danny', 'hell', 'guy', 'everyone', 'strike', 'killed', 'fuck', 'actually', 'crazy', 'disaster']","['Everyone rn: I want Luigi to tear apart my holes and die from bleeding\n\nFav oomf: here are my favorite bakes of the year! ❤️ up next dark chocolate shortbread cookies 🍪🍫🍫👩\u200d🍳', '𝙏𝙝𝙚𝙮 𝙠𝙣𝙤𝙬 𝙬𝙝𝙖𝙩 𝙠𝙞𝙣𝙙 𝙤𝙛 𝙖 𝙥𝙚𝙧𝙨𝙤𝙣 𝙩𝙝𝙚𝙞𝙧 𝙘𝙝𝙞𝙡𝙙 𝙖𝙣𝙮𝙬𝙖𝙮 𝙗𝙚𝙛𝙤𝙧𝙚 𝙞𝙩 𝙝𝙖𝙥𝙥𝙚𝙣. \n\nIn the bible, it is better to discipline your child. \nI believe time will heal, but Luigi is unwell if you observe him very carefully', 'Tone, did ya hear the Luigi kid came out of hiding because he wanted a McFlurry.? You almost can’t blame the dumb little bastard, ya never know when those ice cream machine’s are workin, Skip. Ya gotta strike when the iron’s hot hehe']",danny - hell - guy - everyone - strike - killed - fuck - actually - crazy - disaster,False,12/20/2024 2:45,12/20/2024 2:45
"Most americans don't support Luigi's actions. Once this trial is done, everyone will forget about this. You guys aren't even talking about the issue he was trying to correct or bring attention to, you're just celebrating the man. It's sad and lazy.",7,7_murderer_killer_killed_ceos,"['murderer', 'killer', 'killed', 'ceos', 'innocent', 'death', 'leftists', 'criminals', 'sentenced', 'riots']","['The defender of Luigi Machioni claims that her cliënt has no chance of getting a fair trial! But did Luigi Machioni that CEO Brian Thompson a fair chance? Absolutely not! Without any form of trial, without giving the CEO Thompson a chance to defend himself Luigi Machioni (see 2)', '🆘Shooter-No one will believe Luigi murdered, cowardly shot a man in the back because United didn’t care about his back ache.   a cocky ego like Obama & radicalized which led to careless actions for Obamacare issues for his mentor Obama-Luigi influencer', ""As cool as this picture is it also makes my blood boil. They don't even treat mass shooters like this. Dylann Roof got taken to fucking Burger King after killing 9 Black people, but Luigi pops one CEO and they act like he's the head of ISIS""]",murderer - killer - killed - ceos - innocent - death - leftists - criminals - sentenced - riots,False,12/20/2024 1:59,12/20/2024 1:59
But Luigi the most *ideologically* dangerous person in the world right now. 😏,4,4_murderous_killed_assassin_death,"['murderous', 'killed', 'assassin', 'death', 'psychotic', 'guy', 'fuck', 'someone', 'rampage', 'prisoners']","['Elon family vibes? The only time he decided to start showing up with his kids was to use them as human shields after Luigi killed the health insurance CEO.', 'Luigi needed good parenting, a good figurative azz-whooping, and a JOB. \n\nInstead, he was coddled & funded in his dangerous misery by Liberal Microcosms of Society,\n\nwho are hell-bent on keeping vulnerable people poorly-informed & rage-fueled,\n\nbc that’s the only real way they,…', ""This is why we are a failing country. He avoids every possible reason for WHY people aren't upset that Luigi killed that guy. Instead he totes about 250 new citi bikes that will make life so much easier for people haha""]",murderous - killed - assassin - death - psychotic - guy - fuck - someone - rampage - prisoners,False,12/20/2024 1:36,12/20/2024 1:36
"the problem with American “leftists” is they saw the right idolize Kyle Rittenhouse and thought that was a free pass to idolize Luigi Mangione, failing to realize the issue is worshipping false idols in the first place",0,0_mangioni_nick_scumbag_killer,"['mangioni', 'nick', 'scumbag', 'killer', 'hero', 'said', 'guy', 'hes', 'insane', 'much']","['The case of Luigi Mangione is the perfect example of what drives left wing zealotry.\n\nHe was a normal, successful dude. Once he got a debilitating back injury, he became impotent in relation to society. He became angry, hate-filled & resentful. Needed to blame others. Leftist.', 'Idolizing Luigi Mangione is a sign of low IQ\n\nHe is a retard that supposedly shot a dude for being unable to have gay sex anymore due to his back condition.\n\nNot a hero, and accomplished nothing in the grand scheme of things. It changes nothing', '""who did nothing to him* is the most essential part here.\n\nThe protestors blocking a road effectively took a lot of people hostage, the old man simply liberated everyone (based and justified)\n\nLuigi Mangione shot a man in the back who was just walking there.\n(cringe and gay)']",mangioni - nick - scumbag - killer - hero - said - guy - hes - insane - much,False,12/19/2024 23:57,12/19/2024 23:57
Would people still defend Luigi if he look average despite the things he defended? I dont think so.,2,2_matter_acted_cause_gun,"['matter', 'acted', 'cause', 'gun', 'murderer', 'guy', 'proven', 'elliot', 'else', 'brother']","[""Luigi (allegedly) committed murder in broad daylight, while it's been proven in a court of law that Kyle acted in self-defense. You're either willfully ignorant of that fact, or just incredibly fucking stupid."", 'So luigi travel across many states line is okay?\n\nKyle travel 15 minutes drive to neighborhood he grew up to defend it from looters\nHe shots in self defense to 3 rioters who chase after him trying to harm him.\n\nLuigi travel thousands of miles\nTo kill a guy\n\nDEM❤️criminals', ""that I don't take sides? I never have and I never will\n\nwhat luigi did was not self defense if it was then it would have been justified as the other self defense thing was""]",matter - acted - cause - gun - murderer - guy - proven - elliot - else - brother,False,12/19/2024 23:49,12/19/2024 23:49
"I mean, school shooters don't get this kind of treatment",7,7_murderer_killer_killed_ceos,"['murderer', 'killer', 'killed', 'ceos', 'innocent', 'death', 'leftists', 'criminals', 'sentenced', 'riots']","['The defender of Luigi Machioni claims that her cliënt has no chance of getting a fair trial! But did Luigi Machioni that CEO Brian Thompson a fair chance? Absolutely not! Without any form of trial, without giving the CEO Thompson a chance to defend himself Luigi Machioni (see 2)', '🆘Shooter-No one will believe Luigi murdered, cowardly shot a man in the back because United didn’t care about his back ache.   a cocky ego like Obama & radicalized which led to careless actions for Obamacare issues for his mentor Obama-Luigi influencer', ""As cool as this picture is it also makes my blood boil. They don't even treat mass shooters like this. Dylann Roof got taken to fucking Burger King after killing 9 Black people, but Luigi pops one CEO and they act like he's the head of ISIS""]",murderer - killer - killed - ceos - innocent - death - leftists - criminals - sentenced - riots,False,12/19/2024 23:24,12/19/2024 23:24
"What is this BS? Seriously redefining the term terrorism and parading Luigi like a prize puppy….?

When thousands die every day from lack of healthcare. 

Shame
Shame 
Shame",8,8_deserved_fucked_innocent_must,"['deserved', 'fucked', 'innocent', 'must', 'murderer', 'shame', 'evil', 'feared', 'offences', 'murdering']","[""Earth to the undocumented: American citizens love raping (shout out to Donny), shooting their own (refer to Luigi Magione) for that reason you will not be deported. #USA has a poor record stopping domestic terror. Heck, blonde Christian Charles Whitman massacred students in '66."", 'Yeah, you sound like Stalin. And Castro, and Mao. What you are, is a communist. It’s a shame New York doesn’t have the death penalty. Too bad Luigi didn’t do it here in Florida because we would give him the needle 💉 ☠️.', ""Barack Obama's violent activist.\nReal Motive-Obamacare feared\nUnitedHealth taking Obamacare business. Best let Luigi tell citizens that UHealth is bad. Get nation in uproar. Luigi orders from Obama “ Fix it-Luigi then jihad.” 14 yrold girl in WI radicalized to Jihad""]",deserved - fucked - innocent - must - murderer - shame - evil - feared - offences - murdering,False,12/19/2024 23:03,12/19/2024 23:03
Luigi Mangione committed premeditated murder and orphaned 2 innocent children. He deserves life without parole or the death penalty.,1,1_killer_murderer_donald_assassin,"['killer', 'murderer', 'donald', 'assassin', 'killed', 'kill', 'healthcare', 'guilty', 'innocent', 'trump']","[""why and how is luigi mangione pleading not guilty? obviously he is allowed to do that, but it makes no sense. \n\nnot only do they have fingerprint evidence, but they found him with the weapon and the manifesto. the manifesto implies the crime is something he wants credit for. i'm…"", 'SICKNESS\': Trump goes off on those with an ""appetite"" for elite cold-blooded killer suspect, torching liberals\' viral support of Luigi Mangione and saying, ""I don\'t get it.""', ""why and how is luigi mangione pleading not guilty? not only do they have fingerprint evidence, but they found him with the weapon and the manifesto. the manifesto implies the crime is something he wants credit for. i'm very confused. \n\ni'd love for someone who knows more about…""]",killer - murderer - donald - assassin - killed - kill - healthcare - guilty - innocent - trump,False,12/28/2024 15:12,12/28/2024 15:12
"The brig “Russia” in the waters of the Neva River seen during Scarlet Sails alumni holiday in St. Petersburg - 4th of July Independence Day in USA - Sumo wrestlers visit the Lincoln Memorial in Washington - Luigi Mangione, murderer of UnitedHealth Group executive Brian Thompson.",1,1_killer_murderer_donald_assassin,"['killer', 'murderer', 'donald', 'assassin', 'killed', 'kill', 'healthcare', 'guilty', 'innocent', 'trump']","[""why and how is luigi mangione pleading not guilty? obviously he is allowed to do that, but it makes no sense. \n\nnot only do they have fingerprint evidence, but they found him with the weapon and the manifesto. the manifesto implies the crime is something he wants credit for. i'm…"", 'SICKNESS\': Trump goes off on those with an ""appetite"" for elite cold-blooded killer suspect, torching liberals\' viral support of Luigi Mangione and saying, ""I don\'t get it.""', ""why and how is luigi mangione pleading not guilty? not only do they have fingerprint evidence, but they found him with the weapon and the manifesto. the manifesto implies the crime is something he wants credit for. i'm very confused. \n\ni'd love for someone who knows more about…""]",killer - murderer - donald - assassin - killed - kill - healthcare - guilty - innocent - trump,False,12/28/2024 0:00,12/28/2024 0:00
"And he was called Brian, which makes him superior to any schlubb called Luigi, ugh.",3,3_danny_hell_guy_everyone,"['danny', 'hell', 'guy', 'everyone', 'strike', 'killed', 'fuck', 'actually', 'crazy', 'disaster']","['Everyone rn: I want Luigi to tear apart my holes and die from bleeding\n\nFav oomf: here are my favorite bakes of the year! ❤️ up next dark chocolate shortbread cookies 🍪🍫🍫👩\u200d🍳', '𝙏𝙝𝙚𝙮 𝙠𝙣𝙤𝙬 𝙬𝙝𝙖𝙩 𝙠𝙞𝙣𝙙 𝙤𝙛 𝙖 𝙥𝙚𝙧𝙨𝙤𝙣 𝙩𝙝𝙚𝙞𝙧 𝙘𝙝𝙞𝙡𝙙 𝙖𝙣𝙮𝙬𝙖𝙮 𝙗𝙚𝙛𝙤𝙧𝙚 𝙞𝙩 𝙝𝙖𝙥𝙥𝙚𝙣. \n\nIn the bible, it is better to discipline your child. \nI believe time will heal, but Luigi is unwell if you observe him very carefully', 'Tone, did ya hear the Luigi kid came out of hiding because he wanted a McFlurry.? You almost can’t blame the dumb little bastard, ya never know when those ice cream machine’s are workin, Skip. Ya gotta strike when the iron’s hot hehe']",danny - hell - guy - everyone - strike - killed - fuck - actually - crazy - disaster,False,12/27/2024 23:24,12/27/2024 23:24
"As much you hate corporations, and have no love for CEOs, I'm not a murderer. I'm not a criminal.

Luigi is no hero. He's just a murderer. A criminal",7,7_murderer_killer_killed_ceos,"['murderer', 'killer', 'killed', 'ceos', 'innocent', 'death', 'leftists', 'criminals', 'sentenced', 'riots']","['The defender of Luigi Machioni claims that her cliënt has no chance of getting a fair trial! But did Luigi Machioni that CEO Brian Thompson a fair chance? Absolutely not! Without any form of trial, without giving the CEO Thompson a chance to defend himself Luigi Machioni (see 2)', '🆘Shooter-No one will believe Luigi murdered, cowardly shot a man in the back because United didn’t care about his back ache.   a cocky ego like Obama & radicalized which led to careless actions for Obamacare issues for his mentor Obama-Luigi influencer', ""As cool as this picture is it also makes my blood boil. They don't even treat mass shooters like this. Dylann Roof got taken to fucking Burger King after killing 9 Black people, but Luigi pops one CEO and they act like he's the head of ISIS""]",murderer - killer - killed - ceos - innocent - death - leftists - criminals - sentenced - riots,False,12/27/2024 22:55,12/27/2024 22:55
"This is the type of people that support luigi mangione. They believe they deserves the world, that people owns them for nothing. It is just disgusting.",0,0_mangioni_nick_scumbag_killer,"['mangioni', 'nick', 'scumbag', 'killer', 'hero', 'said', 'guy', 'hes', 'insane', 'much']","['The case of Luigi Mangione is the perfect example of what drives left wing zealotry.\n\nHe was a normal, successful dude. Once he got a debilitating back injury, he became impotent in relation to society. He became angry, hate-filled & resentful. Needed to blame others. Leftist.', 'Idolizing Luigi Mangione is a sign of low IQ\n\nHe is a retard that supposedly shot a dude for being unable to have gay sex anymore due to his back condition.\n\nNot a hero, and accomplished nothing in the grand scheme of things. It changes nothing', '""who did nothing to him* is the most essential part here.\n\nThe protestors blocking a road effectively took a lot of people hostage, the old man simply liberated everyone (based and justified)\n\nLuigi Mangione shot a man in the back who was just walking there.\n(cringe and gay)']",mangioni - nick - scumbag - killer - hero - said - guy - hes - insane - much,False,12/27/2024 20:55,12/27/2024 20:55
Can somebody luigi him for fuck sake ??!,3,3_danny_hell_guy_everyone,"['danny', 'hell', 'guy', 'everyone', 'strike', 'killed', 'fuck', 'actually', 'crazy', 'disaster']","['Everyone rn: I want Luigi to tear apart my holes and die from bleeding\n\nFav oomf: here are my favorite bakes of the year! ❤️ up next dark chocolate shortbread cookies 🍪🍫🍫👩\u200d🍳', '𝙏𝙝𝙚𝙮 𝙠𝙣𝙤𝙬 𝙬𝙝𝙖𝙩 𝙠𝙞𝙣𝙙 𝙤𝙛 𝙖 𝙥𝙚𝙧𝙨𝙤𝙣 𝙩𝙝𝙚𝙞𝙧 𝙘𝙝𝙞𝙡𝙙 𝙖𝙣𝙮𝙬𝙖𝙮 𝙗𝙚𝙛𝙤𝙧𝙚 𝙞𝙩 𝙝𝙖𝙥𝙥𝙚𝙣. \n\nIn the bible, it is better to discipline your child. \nI believe time will heal, but Luigi is unwell if you observe him very carefully', 'Tone, did ya hear the Luigi kid came out of hiding because he wanted a McFlurry.? You almost can’t blame the dumb little bastard, ya never know when those ice cream machine’s are workin, Skip. Ya gotta strike when the iron’s hot hehe']",danny - hell - guy - everyone - strike - killed - fuck - actually - crazy - disaster,False,12/27/2024 18:31,12/27/2024 18:31
Nazis are pro-luigi now. What is going on,7,7_murderer_killer_killed_ceos,"['murderer', 'killer', 'killed', 'ceos', 'innocent', 'death', 'leftists', 'criminals', 'sentenced', 'riots']","['The defender of Luigi Machioni claims that her cliënt has no chance of getting a fair trial! But did Luigi Machioni that CEO Brian Thompson a fair chance? Absolutely not! Without any form of trial, without giving the CEO Thompson a chance to defend himself Luigi Machioni (see 2)', '🆘Shooter-No one will believe Luigi murdered, cowardly shot a man in the back because United didn’t care about his back ache.   a cocky ego like Obama & radicalized which led to careless actions for Obamacare issues for his mentor Obama-Luigi influencer', ""As cool as this picture is it also makes my blood boil. They don't even treat mass shooters like this. Dylann Roof got taken to fucking Burger King after killing 9 Black people, but Luigi pops one CEO and they act like he's the head of ISIS""]",murderer - killer - killed - ceos - innocent - death - leftists - criminals - sentenced - riots,False,12/27/2024 10:46,12/27/2024 10:46
"If Luigi walks away scott free, it's the perfect recipe for disaster.",3,3_danny_hell_guy_everyone,"['danny', 'hell', 'guy', 'everyone', 'strike', 'killed', 'fuck', 'actually', 'crazy', 'disaster']","['Everyone rn: I want Luigi to tear apart my holes and die from bleeding\n\nFav oomf: here are my favorite bakes of the year! ❤️ up next dark chocolate shortbread cookies 🍪🍫🍫👩\u200d🍳', '𝙏𝙝𝙚𝙮 𝙠𝙣𝙤𝙬 𝙬𝙝𝙖𝙩 𝙠𝙞𝙣𝙙 𝙤𝙛 𝙖 𝙥𝙚𝙧𝙨𝙤𝙣 𝙩𝙝𝙚𝙞𝙧 𝙘𝙝𝙞𝙡𝙙 𝙖𝙣𝙮𝙬𝙖𝙮 𝙗𝙚𝙛𝙤𝙧𝙚 𝙞𝙩 𝙝𝙖𝙥𝙥𝙚𝙣. \n\nIn the bible, it is better to discipline your child. \nI believe time will heal, but Luigi is unwell if you observe him very carefully', 'Tone, did ya hear the Luigi kid came out of hiding because he wanted a McFlurry.? You almost can’t blame the dumb little bastard, ya never know when those ice cream machine’s are workin, Skip. Ya gotta strike when the iron’s hot hehe']",danny - hell - guy - everyone - strike - killed - fuck - actually - crazy - disaster,False,12/27/2024 9:36,12/27/2024 9:36
"He supports the murder of Brian Thompson and supports the rape, murder, torture, and kidnapping of innocent Jews on October 7. It’s not surprising he hates women generally.

The part that will never cease to surprise me is he does all this while purportedly fighting “bigotry.”",6,6_healthcare_insurance_killer_murdering,"['healthcare', 'insurance', 'killer', 'murdering', 'taxpayer', 'whose', 'bankrupt', 'justice', 'experts', 'companies']","['🚨NEW PODCAST EPISODE OUT NOW🚨\n\n discuss the extraordinary response to the murder of US health insurance boss Brian Thompson. \n\nHow can anyone celebrate his cold-blooded killing? The Matts test their theory that everything before “but” is bullsh*t', ""I understand the anger at insurance companies. But I'm appalled by the glorification in some quarters of the murder of Brian Thompson. Yes, he was an insurance executive, but he was also a dad and certainly didn't deserve to be executed and have people jeer at his family's loss."", 'Won’t delete this.\n\nBrian Thompson, UHC CEO, was a winner. Everyone has a death. His family will live in wealth centuries after his.\n\nCan’t say the same of socialist vermin who lose their healthcare 😢.\n\nThey’re losers whose deaths will cleanse the earth of their filthy presence.']",healthcare - insurance - killer - murdering - taxpayer - whose - bankrupt - justice - experts - companies,False,12/27/2024 5:50,12/27/2024 5:50
"Hey Palestine and Hamas supporters! Since you seem to love summary street executions of CEO’s, here are some more summary executions from gaza! Hope you enjoy they’ll as much as Luigi’s!",8,8_deserved_fucked_innocent_must,"['deserved', 'fucked', 'innocent', 'must', 'murderer', 'shame', 'evil', 'feared', 'offences', 'murdering']","[""Earth to the undocumented: American citizens love raping (shout out to Donny), shooting their own (refer to Luigi Magione) for that reason you will not be deported. #USA has a poor record stopping domestic terror. Heck, blonde Christian Charles Whitman massacred students in '66."", 'Yeah, you sound like Stalin. And Castro, and Mao. What you are, is a communist. It’s a shame New York doesn’t have the death penalty. Too bad Luigi didn’t do it here in Florida because we would give him the needle 💉 ☠️.', ""Barack Obama's violent activist.\nReal Motive-Obamacare feared\nUnitedHealth taking Obamacare business. Best let Luigi tell citizens that UHealth is bad. Get nation in uproar. Luigi orders from Obama “ Fix it-Luigi then jihad.” 14 yrold girl in WI radicalized to Jihad""]",deserved - fucked - innocent - must - murderer - shame - evil - feared - offences - murdering,False,12/27/2024 5:06,12/27/2024 5:06
Luigi Mangione should have shot the CEO of match group instead,0,0_mangioni_nick_scumbag_killer,"['mangioni', 'nick', 'scumbag', 'killer', 'hero', 'said', 'guy', 'hes', 'insane', 'much']","['The case of Luigi Mangione is the perfect example of what drives left wing zealotry.\n\nHe was a normal, successful dude. Once he got a debilitating back injury, he became impotent in relation to society. He became angry, hate-filled & resentful. Needed to blame others. Leftist.', 'Idolizing Luigi Mangione is a sign of low IQ\n\nHe is a retard that supposedly shot a dude for being unable to have gay sex anymore due to his back condition.\n\nNot a hero, and accomplished nothing in the grand scheme of things. It changes nothing', '""who did nothing to him* is the most essential part here.\n\nThe protestors blocking a road effectively took a lot of people hostage, the old man simply liberated everyone (based and justified)\n\nLuigi Mangione shot a man in the back who was just walking there.\n(cringe and gay)']",mangioni - nick - scumbag - killer - hero - said - guy - hes - insane - much,False,12/27/2024 2:21,12/27/2024 2:21
"People simping for Mangione, shows me that Twitter would have loved anarchist terrorists back in the day",5,5_murderous_bombed_terrorists_brendan,"['murderous', 'bombed', 'terrorists', 'brendan', 'detectives', 'wounds', 'prison', 'jesus', 'hunt', 'fully']","[""No proof Mangione did it, plenty of proof he's a rich Nazi\n\nNo proof the GFM raised supposedly in his name went to him, but his lawyer has repeatedly turned down funding offers. So $100k+ has gone to a very likely scam & almost none to ppl in real need bc y'all want heroes so bad"", 'Kyle tried to hunt humans.\n\nKyle got caught trying to hunt humans. \n\nKyle killed humans who realized they were being hunted and tried to defend themselves. \n\nKyle is a murderous sack of shit. \nMangione is a murderous sack of shit.', 'JESUS , I THOUGHT THIS LOUIGI BENADUCI CORLEONE....MANGIONE GUAVACELLI KID WAS SMART...THE ONLY GUYS HE DIDNT GIVE A PHOTO OPP TO WAS  KEEPIN THE GUNW THE SILENCER ..ITS 20 ALONE FOR THE SUPPRESOR THEN COMPLAININ BOUT A BAD BACK...I GOT A BAD BACK KID BAD .']",murderous - bombed - terrorists - brendan - detectives - wounds - prison - jesus - hunt - fully,False,12/26/2024 23:00,12/26/2024 23:00
"Mangione shooted a billionare, this one lit a sleep woman on fire",5,5_murderous_bombed_terrorists_brendan,"['murderous', 'bombed', 'terrorists', 'brendan', 'detectives', 'wounds', 'prison', 'jesus', 'hunt', 'fully']","[""No proof Mangione did it, plenty of proof he's a rich Nazi\n\nNo proof the GFM raised supposedly in his name went to him, but his lawyer has repeatedly turned down funding offers. So $100k+ has gone to a very likely scam & almost none to ppl in real need bc y'all want heroes so bad"", 'Kyle tried to hunt humans.\n\nKyle got caught trying to hunt humans. \n\nKyle killed humans who realized they were being hunted and tried to defend themselves. \n\nKyle is a murderous sack of shit. \nMangione is a murderous sack of shit.', 'JESUS , I THOUGHT THIS LOUIGI BENADUCI CORLEONE....MANGIONE GUAVACELLI KID WAS SMART...THE ONLY GUYS HE DIDNT GIVE A PHOTO OPP TO WAS  KEEPIN THE GUNW THE SILENCER ..ITS 20 ALONE FOR THE SUPPRESOR THEN COMPLAININ BOUT A BAD BACK...I GOT A BAD BACK KID BAD .']",murderous - bombed - terrorists - brendan - detectives - wounds - prison - jesus - hunt - fully,False,12/26/2024 22:21,12/26/2024 22:21
"No proof Mangione did it, plenty of proof he's a rich Nazi

No proof the GFM raised supposedly in his name went to him, but his lawyer has repeatedly turned down funding offers. So $100k+ has gone to a very likely scam & almost none to ppl in real need bc y'all want heroes so bad",5,5_murderous_bombed_terrorists_brendan,"['murderous', 'bombed', 'terrorists', 'brendan', 'detectives', 'wounds', 'prison', 'jesus', 'hunt', 'fully']","[""No proof Mangione did it, plenty of proof he's a rich Nazi\n\nNo proof the GFM raised supposedly in his name went to him, but his lawyer has repeatedly turned down funding offers. So $100k+ has gone to a very likely scam & almost none to ppl in real need bc y'all want heroes so bad"", 'Kyle tried to hunt humans.\n\nKyle got caught trying to hunt humans. \n\nKyle killed humans who realized they were being hunted and tried to defend themselves. \n\nKyle is a murderous sack of shit. \nMangione is a murderous sack of shit.', 'JESUS , I THOUGHT THIS LOUIGI BENADUCI CORLEONE....MANGIONE GUAVACELLI KID WAS SMART...THE ONLY GUYS HE DIDNT GIVE A PHOTO OPP TO WAS  KEEPIN THE GUNW THE SILENCER ..ITS 20 ALONE FOR THE SUPPRESOR THEN COMPLAININ BOUT A BAD BACK...I GOT A BAD BACK KID BAD .']",murderous - bombed - terrorists - brendan - detectives - wounds - prison - jesus - hunt - fully,True,12/26/2024 20:20,12/26/2024 20:20
"One lit a woman on fire.. the other killed a person that made money off denying people services. Even before people knew who Luigi was, they were making him a saint. Don’t try to bring looks/race into this. It’s all about the crime committed",2,2_matter_acted_cause_gun,"['matter', 'acted', 'cause', 'gun', 'murderer', 'guy', 'proven', 'elliot', 'else', 'brother']","[""Luigi (allegedly) committed murder in broad daylight, while it's been proven in a court of law that Kyle acted in self-defense. You're either willfully ignorant of that fact, or just incredibly fucking stupid."", 'So luigi travel across many states line is okay?\n\nKyle travel 15 minutes drive to neighborhood he grew up to defend it from looters\nHe shots in self defense to 3 rioters who chase after him trying to harm him.\n\nLuigi travel thousands of miles\nTo kill a guy\n\nDEM❤️criminals', ""that I don't take sides? I never have and I never will\n\nwhat luigi did was not self defense if it was then it would have been justified as the other self defense thing was""]",matter - acted - cause - gun - murderer - guy - proven - elliot - else - brother,False,12/26/2024 19:26,12/26/2024 19:26
"Luigi brings all the narcissistic resentment to the yard.
Moral relativism is the congenital defect of mimetic inbreeding. No surprise the effect is ""progressive"".",4,4_murderous_killed_assassin_death,"['murderous', 'killed', 'assassin', 'death', 'psychotic', 'guy', 'fuck', 'someone', 'rampage', 'prisoners']","['Elon family vibes? The only time he decided to start showing up with his kids was to use them as human shields after Luigi killed the health insurance CEO.', 'Luigi needed good parenting, a good figurative azz-whooping, and a JOB. \n\nInstead, he was coddled & funded in his dangerous misery by Liberal Microcosms of Society,\n\nwho are hell-bent on keeping vulnerable people poorly-informed & rage-fueled,\n\nbc that’s the only real way they,…', ""This is why we are a failing country. He avoids every possible reason for WHY people aren't upset that Luigi killed that guy. Instead he totes about 250 new citi bikes that will make life so much easier for people haha""]",murderous - killed - assassin - death - psychotic - guy - fuck - someone - rampage - prisoners,False,12/26/2024 19:07,12/26/2024 19:07
what's the street-shitter equivalent of LUIGI?,3,3_danny_hell_guy_everyone,"['danny', 'hell', 'guy', 'everyone', 'strike', 'killed', 'fuck', 'actually', 'crazy', 'disaster']","['Everyone rn: I want Luigi to tear apart my holes and die from bleeding\n\nFav oomf: here are my favorite bakes of the year! ❤️ up next dark chocolate shortbread cookies 🍪🍫🍫👩\u200d🍳', '𝙏𝙝𝙚𝙮 𝙠𝙣𝙤𝙬 𝙬𝙝𝙖𝙩 𝙠𝙞𝙣𝙙 𝙤𝙛 𝙖 𝙥𝙚𝙧𝙨𝙤𝙣 𝙩𝙝𝙚𝙞𝙧 𝙘𝙝𝙞𝙡𝙙 𝙖𝙣𝙮𝙬𝙖𝙮 𝙗𝙚𝙛𝙤𝙧𝙚 𝙞𝙩 𝙝𝙖𝙥𝙥𝙚𝙣. \n\nIn the bible, it is better to discipline your child. \nI believe time will heal, but Luigi is unwell if you observe him very carefully', 'Tone, did ya hear the Luigi kid came out of hiding because he wanted a McFlurry.? You almost can’t blame the dumb little bastard, ya never know when those ice cream machine’s are workin, Skip. Ya gotta strike when the iron’s hot hehe']",danny - hell - guy - everyone - strike - killed - fuck - actually - crazy - disaster,False,12/26/2024 17:03,12/26/2024 17:03
This guy deserves Luigi treatment.,3,3_danny_hell_guy_everyone,"['danny', 'hell', 'guy', 'everyone', 'strike', 'killed', 'fuck', 'actually', 'crazy', 'disaster']","['Everyone rn: I want Luigi to tear apart my holes and die from bleeding\n\nFav oomf: here are my favorite bakes of the year! ❤️ up next dark chocolate shortbread cookies 🍪🍫🍫👩\u200d🍳', '𝙏𝙝𝙚𝙮 𝙠𝙣𝙤𝙬 𝙬𝙝𝙖𝙩 𝙠𝙞𝙣𝙙 𝙤𝙛 𝙖 𝙥𝙚𝙧𝙨𝙤𝙣 𝙩𝙝𝙚𝙞𝙧 𝙘𝙝𝙞𝙡𝙙 𝙖𝙣𝙮𝙬𝙖𝙮 𝙗𝙚𝙛𝙤𝙧𝙚 𝙞𝙩 𝙝𝙖𝙥𝙥𝙚𝙣. \n\nIn the bible, it is better to discipline your child. \nI believe time will heal, but Luigi is unwell if you observe him very carefully', 'Tone, did ya hear the Luigi kid came out of hiding because he wanted a McFlurry.? You almost can’t blame the dumb little bastard, ya never know when those ice cream machine’s are workin, Skip. Ya gotta strike when the iron’s hot hehe']",danny - hell - guy - everyone - strike - killed - fuck - actually - crazy - disaster,False,12/26/2024 12:14,12/26/2024 12:14
Elon family vibes? The only time he decided to start showing up with his kids was to use them as human shields after Luigi killed the health insurance CEO.,4,4_murderous_killed_assassin_death,"['murderous', 'killed', 'assassin', 'death', 'psychotic', 'guy', 'fuck', 'someone', 'rampage', 'prisoners']","['Elon family vibes? The only time he decided to start showing up with his kids was to use them as human shields after Luigi killed the health insurance CEO.', 'Luigi needed good parenting, a good figurative azz-whooping, and a JOB. \n\nInstead, he was coddled & funded in his dangerous misery by Liberal Microcosms of Society,\n\nwho are hell-bent on keeping vulnerable people poorly-informed & rage-fueled,\n\nbc that’s the only real way they,…', ""This is why we are a failing country. He avoids every possible reason for WHY people aren't upset that Luigi killed that guy. Instead he totes about 250 new citi bikes that will make life so much easier for people haha""]",murderous - killed - assassin - death - psychotic - guy - fuck - someone - rampage - prisoners,True,12/26/2024 8:59,12/26/2024 8:59
"Firstly, Luigi didn't do it, it was somebody else, and they nabbed him, because he looks *similar*

Secondly, I refuse to feel bad for someone, who's actions led to almost 400 000 people being refused life-saving treatment due to his insurance denials.",2,2_matter_acted_cause_gun,"['matter', 'acted', 'cause', 'gun', 'murderer', 'guy', 'proven', 'elliot', 'else', 'brother']","[""Luigi (allegedly) committed murder in broad daylight, while it's been proven in a court of law that Kyle acted in self-defense. You're either willfully ignorant of that fact, or just incredibly fucking stupid."", 'So luigi travel across many states line is okay?\n\nKyle travel 15 minutes drive to neighborhood he grew up to defend it from looters\nHe shots in self defense to 3 rioters who chase after him trying to harm him.\n\nLuigi travel thousands of miles\nTo kill a guy\n\nDEM❤️criminals', ""that I don't take sides? I never have and I never will\n\nwhat luigi did was not self defense if it was then it would have been justified as the other self defense thing was""]",matter - acted - cause - gun - murderer - guy - proven - elliot - else - brother,False,12/26/2024 0:10,12/26/2024 0:10
"We put people in Jail for driving accidents where they meant no harm but ran someone over by accident.
My comments in the end cause no real harm she is already dead.
But elsewhere people cheering on Luigi the assassin in huge numbers risk copycat murders.",2,2_matter_acted_cause_gun,"['matter', 'acted', 'cause', 'gun', 'murderer', 'guy', 'proven', 'elliot', 'else', 'brother']","[""Luigi (allegedly) committed murder in broad daylight, while it's been proven in a court of law that Kyle acted in self-defense. You're either willfully ignorant of that fact, or just incredibly fucking stupid."", 'So luigi travel across many states line is okay?\n\nKyle travel 15 minutes drive to neighborhood he grew up to defend it from looters\nHe shots in self defense to 3 rioters who chase after him trying to harm him.\n\nLuigi travel thousands of miles\nTo kill a guy\n\nDEM❤️criminals', ""that I don't take sides? I never have and I never will\n\nwhat luigi did was not self defense if it was then it would have been justified as the other self defense thing was""]",matter - acted - cause - gun - murderer - guy - proven - elliot - else - brother,False,12/25/2024 23:49,12/25/2024 23:49
"exactly i have no empathy for that man who died as he is responsible for so many deaths. but luigi has shown that he is capable of killing someone, anyone that shows that to me is a potential threat",2,2_matter_acted_cause_gun,"['matter', 'acted', 'cause', 'gun', 'murderer', 'guy', 'proven', 'elliot', 'else', 'brother']","[""Luigi (allegedly) committed murder in broad daylight, while it's been proven in a court of law that Kyle acted in self-defense. You're either willfully ignorant of that fact, or just incredibly fucking stupid."", 'So luigi travel across many states line is okay?\n\nKyle travel 15 minutes drive to neighborhood he grew up to defend it from looters\nHe shots in self defense to 3 rioters who chase after him trying to harm him.\n\nLuigi travel thousands of miles\nTo kill a guy\n\nDEM❤️criminals', ""that I don't take sides? I never have and I never will\n\nwhat luigi did was not self defense if it was then it would have been justified as the other self defense thing was""]",matter - acted - cause - gun - murderer - guy - proven - elliot - else - brother,False,12/25/2024 22:45,12/25/2024 22:45
#LuigiMangione is a Killer he took away someones father and people who celebrate luigi as a hero are fucking ghouls with no souls,0,0_mangioni_nick_scumbag_killer,"['mangioni', 'nick', 'scumbag', 'killer', 'hero', 'said', 'guy', 'hes', 'insane', 'much']","['The case of Luigi Mangione is the perfect example of what drives left wing zealotry.\n\nHe was a normal, successful dude. Once he got a debilitating back injury, he became impotent in relation to society. He became angry, hate-filled & resentful. Needed to blame others. Leftist.', 'Idolizing Luigi Mangione is a sign of low IQ\n\nHe is a retard that supposedly shot a dude for being unable to have gay sex anymore due to his back condition.\n\nNot a hero, and accomplished nothing in the grand scheme of things. It changes nothing', '""who did nothing to him* is the most essential part here.\n\nThe protestors blocking a road effectively took a lot of people hostage, the old man simply liberated everyone (based and justified)\n\nLuigi Mangione shot a man in the back who was just walking there.\n(cringe and gay)']",mangioni - nick - scumbag - killer - hero - said - guy - hes - insane - much,False,12/25/2024 20:24,12/25/2024 20:24
"biggest Ls this year:
- twitter to X 
- twitter circles being removed
- photos app update
- luigi being caught
- GRiZ has not returned",0,0_mangioni_nick_scumbag_killer,"['mangioni', 'nick', 'scumbag', 'killer', 'hero', 'said', 'guy', 'hes', 'insane', 'much']","['The case of Luigi Mangione is the perfect example of what drives left wing zealotry.\n\nHe was a normal, successful dude. Once he got a debilitating back injury, he became impotent in relation to society. He became angry, hate-filled & resentful. Needed to blame others. Leftist.', 'Idolizing Luigi Mangione is a sign of low IQ\n\nHe is a retard that supposedly shot a dude for being unable to have gay sex anymore due to his back condition.\n\nNot a hero, and accomplished nothing in the grand scheme of things. It changes nothing', '""who did nothing to him* is the most essential part here.\n\nThe protestors blocking a road effectively took a lot of people hostage, the old man simply liberated everyone (based and justified)\n\nLuigi Mangione shot a man in the back who was just walking there.\n(cringe and gay)']",mangioni - nick - scumbag - killer - hero - said - guy - hes - insane - much,False,12/25/2024 16:49,12/25/2024 16:49
i like luigi but i wish he gets the d-word penalty just to see you lose your mind,3,3_danny_hell_guy_everyone,"['danny', 'hell', 'guy', 'everyone', 'strike', 'killed', 'fuck', 'actually', 'crazy', 'disaster']","['Everyone rn: I want Luigi to tear apart my holes and die from bleeding\n\nFav oomf: here are my favorite bakes of the year! ❤️ up next dark chocolate shortbread cookies 🍪🍫🍫👩\u200d🍳', '𝙏𝙝𝙚𝙮 𝙠𝙣𝙤𝙬 𝙬𝙝𝙖𝙩 𝙠𝙞𝙣𝙙 𝙤𝙛 𝙖 𝙥𝙚𝙧𝙨𝙤𝙣 𝙩𝙝𝙚𝙞𝙧 𝙘𝙝𝙞𝙡𝙙 𝙖𝙣𝙮𝙬𝙖𝙮 𝙗𝙚𝙛𝙤𝙧𝙚 𝙞𝙩 𝙝𝙖𝙥𝙥𝙚𝙣. \n\nIn the bible, it is better to discipline your child. \nI believe time will heal, but Luigi is unwell if you observe him very carefully', 'Tone, did ya hear the Luigi kid came out of hiding because he wanted a McFlurry.? You almost can’t blame the dumb little bastard, ya never know when those ice cream machine’s are workin, Skip. Ya gotta strike when the iron’s hot hehe']",danny - hell - guy - everyone - strike - killed - fuck - actually - crazy - disaster,False,12/25/2024 11:56,12/25/2024 11:56
"It's true: Luigi and you aren't even remotely similar. For example, you've probably never done anything good or cool in your life.",3,3_danny_hell_guy_everyone,"['danny', 'hell', 'guy', 'everyone', 'strike', 'killed', 'fuck', 'actually', 'crazy', 'disaster']","['Everyone rn: I want Luigi to tear apart my holes and die from bleeding\n\nFav oomf: here are my favorite bakes of the year! ❤️ up next dark chocolate shortbread cookies 🍪🍫🍫👩\u200d🍳', '𝙏𝙝𝙚𝙮 𝙠𝙣𝙤𝙬 𝙬𝙝𝙖𝙩 𝙠𝙞𝙣𝙙 𝙤𝙛 𝙖 𝙥𝙚𝙧𝙨𝙤𝙣 𝙩𝙝𝙚𝙞𝙧 𝙘𝙝𝙞𝙡𝙙 𝙖𝙣𝙮𝙬𝙖𝙮 𝙗𝙚𝙛𝙤𝙧𝙚 𝙞𝙩 𝙝𝙖𝙥𝙥𝙚𝙣. \n\nIn the bible, it is better to discipline your child. \nI believe time will heal, but Luigi is unwell if you observe him very carefully', 'Tone, did ya hear the Luigi kid came out of hiding because he wanted a McFlurry.? You almost can’t blame the dumb little bastard, ya never know when those ice cream machine’s are workin, Skip. Ya gotta strike when the iron’s hot hehe']",danny - hell - guy - everyone - strike - killed - fuck - actually - crazy - disaster,False,12/25/2024 10:14,12/25/2024 10:14
"𝙏𝙝𝙚𝙮 𝙠𝙣𝙤𝙬 𝙬𝙝𝙖𝙩 𝙠𝙞𝙣𝙙 𝙤𝙛 𝙖 𝙥𝙚𝙧𝙨𝙤𝙣 𝙩𝙝𝙚𝙞𝙧 𝙘𝙝𝙞𝙡𝙙 𝙖𝙣𝙮𝙬𝙖𝙮 𝙗𝙚𝙛𝙤𝙧𝙚 𝙞𝙩 𝙝𝙖𝙥𝙥𝙚𝙣. 

In the bible, it is better to discipline your child. 
I believe time will heal, but Luigi is unwell if you observe him very carefully",3,3_danny_hell_guy_everyone,"['danny', 'hell', 'guy', 'everyone', 'strike', 'killed', 'fuck', 'actually', 'crazy', 'disaster']","['Everyone rn: I want Luigi to tear apart my holes and die from bleeding\n\nFav oomf: here are my favorite bakes of the year! ❤️ up next dark chocolate shortbread cookies 🍪🍫🍫👩\u200d🍳', '𝙏𝙝𝙚𝙮 𝙠𝙣𝙤𝙬 𝙬𝙝𝙖𝙩 𝙠𝙞𝙣𝙙 𝙤𝙛 𝙖 𝙥𝙚𝙧𝙨𝙤𝙣 𝙩𝙝𝙚𝙞𝙧 𝙘𝙝𝙞𝙡𝙙 𝙖𝙣𝙮𝙬𝙖𝙮 𝙗𝙚𝙛𝙤𝙧𝙚 𝙞𝙩 𝙝𝙖𝙥𝙥𝙚𝙣. \n\nIn the bible, it is better to discipline your child. \nI believe time will heal, but Luigi is unwell if you observe him very carefully', 'Tone, did ya hear the Luigi kid came out of hiding because he wanted a McFlurry.? You almost can’t blame the dumb little bastard, ya never know when those ice cream machine’s are workin, Skip. Ya gotta strike when the iron’s hot hehe']",danny - hell - guy - everyone - strike - killed - fuck - actually - crazy - disaster,True,12/25/2024 6:58,12/25/2024 6:58
"Embarrassingly enough, there was at least one person on my FB feed celebrating Luigi and his murderous escapade.",2,2_matter_acted_cause_gun,"['matter', 'acted', 'cause', 'gun', 'murderer', 'guy', 'proven', 'elliot', 'else', 'brother']","[""Luigi (allegedly) committed murder in broad daylight, while it's been proven in a court of law that Kyle acted in self-defense. You're either willfully ignorant of that fact, or just incredibly fucking stupid."", 'So luigi travel across many states line is okay?\n\nKyle travel 15 minutes drive to neighborhood he grew up to defend it from looters\nHe shots in self defense to 3 rioters who chase after him trying to harm him.\n\nLuigi travel thousands of miles\nTo kill a guy\n\nDEM❤️criminals', ""that I don't take sides? I never have and I never will\n\nwhat luigi did was not self defense if it was then it would have been justified as the other self defense thing was""]",matter - acted - cause - gun - murderer - guy - proven - elliot - else - brother,False,12/25/2024 6:06,12/25/2024 6:06
"People might think Nick was harsh, but what he did saved us from another Luigi Mangione",0,0_mangioni_nick_scumbag_killer,"['mangioni', 'nick', 'scumbag', 'killer', 'hero', 'said', 'guy', 'hes', 'insane', 'much']","['The case of Luigi Mangione is the perfect example of what drives left wing zealotry.\n\nHe was a normal, successful dude. Once he got a debilitating back injury, he became impotent in relation to society. He became angry, hate-filled & resentful. Needed to blame others. Leftist.', 'Idolizing Luigi Mangione is a sign of low IQ\n\nHe is a retard that supposedly shot a dude for being unable to have gay sex anymore due to his back condition.\n\nNot a hero, and accomplished nothing in the grand scheme of things. It changes nothing', '""who did nothing to him* is the most essential part here.\n\nThe protestors blocking a road effectively took a lot of people hostage, the old man simply liberated everyone (based and justified)\n\nLuigi Mangione shot a man in the back who was just walking there.\n(cringe and gay)']",mangioni - nick - scumbag - killer - hero - said - guy - hes - insane - much,False,12/25/2024 3:42,12/25/2024 3:42
"At this point, you people are going to gaslight Luigi into thinking maybe he really did do it.",2,2_matter_acted_cause_gun,"['matter', 'acted', 'cause', 'gun', 'murderer', 'guy', 'proven', 'elliot', 'else', 'brother']","[""Luigi (allegedly) committed murder in broad daylight, while it's been proven in a court of law that Kyle acted in self-defense. You're either willfully ignorant of that fact, or just incredibly fucking stupid."", 'So luigi travel across many states line is okay?\n\nKyle travel 15 minutes drive to neighborhood he grew up to defend it from looters\nHe shots in self defense to 3 rioters who chase after him trying to harm him.\n\nLuigi travel thousands of miles\nTo kill a guy\n\nDEM❤️criminals', ""that I don't take sides? I never have and I never will\n\nwhat luigi did was not self defense if it was then it would have been justified as the other self defense thing was""]",matter - acted - cause - gun - murderer - guy - proven - elliot - else - brother,False,12/25/2024 1:01,12/25/2024 1:01
Luigi went for the wrong guy 😔,3,3_danny_hell_guy_everyone,"['danny', 'hell', 'guy', 'everyone', 'strike', 'killed', 'fuck', 'actually', 'crazy', 'disaster']","['Everyone rn: I want Luigi to tear apart my holes and die from bleeding\n\nFav oomf: here are my favorite bakes of the year! ❤️ up next dark chocolate shortbread cookies 🍪🍫🍫👩\u200d🍳', '𝙏𝙝𝙚𝙮 𝙠𝙣𝙤𝙬 𝙬𝙝𝙖𝙩 𝙠𝙞𝙣𝙙 𝙤𝙛 𝙖 𝙥𝙚𝙧𝙨𝙤𝙣 𝙩𝙝𝙚𝙞𝙧 𝙘𝙝𝙞𝙡𝙙 𝙖𝙣𝙮𝙬𝙖𝙮 𝙗𝙚𝙛𝙤𝙧𝙚 𝙞𝙩 𝙝𝙖𝙥𝙥𝙚𝙣. \n\nIn the bible, it is better to discipline your child. \nI believe time will heal, but Luigi is unwell if you observe him very carefully', 'Tone, did ya hear the Luigi kid came out of hiding because he wanted a McFlurry.? You almost can’t blame the dumb little bastard, ya never know when those ice cream machine’s are workin, Skip. Ya gotta strike when the iron’s hot hehe']",danny - hell - guy - everyone - strike - killed - fuck - actually - crazy - disaster,False,12/24/2024 23:34,12/24/2024 23:34
"Lol Luigi's family not showing up for him in court is how you know they're wealthy. He slandered the family name, he's functionally dead to them now.",4,4_murderous_killed_assassin_death,"['murderous', 'killed', 'assassin', 'death', 'psychotic', 'guy', 'fuck', 'someone', 'rampage', 'prisoners']","['Elon family vibes? The only time he decided to start showing up with his kids was to use them as human shields after Luigi killed the health insurance CEO.', 'Luigi needed good parenting, a good figurative azz-whooping, and a JOB. \n\nInstead, he was coddled & funded in his dangerous misery by Liberal Microcosms of Society,\n\nwho are hell-bent on keeping vulnerable people poorly-informed & rage-fueled,\n\nbc that’s the only real way they,…', ""This is why we are a failing country. He avoids every possible reason for WHY people aren't upset that Luigi killed that guy. Instead he totes about 250 new citi bikes that will make life so much easier for people haha""]",murderous - killed - assassin - death - psychotic - guy - fuck - someone - rampage - prisoners,False,12/24/2024 23:33,12/24/2024 23:33
"Hey fashy, not only was he a father but he was trying to reduce costs by stopping corruption in hospitals. Your boy Luigi was WAY richer than him and his parents owned many hospitals. Hmmmm",4,4_murderous_killed_assassin_death,"['murderous', 'killed', 'assassin', 'death', 'psychotic', 'guy', 'fuck', 'someone', 'rampage', 'prisoners']","['Elon family vibes? The only time he decided to start showing up with his kids was to use them as human shields after Luigi killed the health insurance CEO.', 'Luigi needed good parenting, a good figurative azz-whooping, and a JOB. \n\nInstead, he was coddled & funded in his dangerous misery by Liberal Microcosms of Society,\n\nwho are hell-bent on keeping vulnerable people poorly-informed & rage-fueled,\n\nbc that’s the only real way they,…', ""This is why we are a failing country. He avoids every possible reason for WHY people aren't upset that Luigi killed that guy. Instead he totes about 250 new citi bikes that will make life so much easier for people haha""]",murderous - killed - assassin - death - psychotic - guy - fuck - someone - rampage - prisoners,False,12/24/2024 21:49,12/24/2024 21:49
Luigi 🤡 and the ceo r both disgusting just leave it at that,4,4_murderous_killed_assassin_death,"['murderous', 'killed', 'assassin', 'death', 'psychotic', 'guy', 'fuck', 'someone', 'rampage', 'prisoners']","['Elon family vibes? The only time he decided to start showing up with his kids was to use them as human shields after Luigi killed the health insurance CEO.', 'Luigi needed good parenting, a good figurative azz-whooping, and a JOB. \n\nInstead, he was coddled & funded in his dangerous misery by Liberal Microcosms of Society,\n\nwho are hell-bent on keeping vulnerable people poorly-informed & rage-fueled,\n\nbc that’s the only real way they,…', ""This is why we are a failing country. He avoids every possible reason for WHY people aren't upset that Luigi killed that guy. Instead he totes about 250 new citi bikes that will make life so much easier for people haha""]",murderous - killed - assassin - death - psychotic - guy - fuck - someone - rampage - prisoners,False,12/24/2024 20:52,12/24/2024 20:52
Luigi Mingemoan is going to get the death penalty and it's going to be a very funny day to be on Twitter when that happens.,7,7_murderer_killer_killed_ceos,"['murderer', 'killer', 'killed', 'ceos', 'innocent', 'death', 'leftists', 'criminals', 'sentenced', 'riots']","['The defender of Luigi Machioni claims that her cliënt has no chance of getting a fair trial! But did Luigi Machioni that CEO Brian Thompson a fair chance? Absolutely not! Without any form of trial, without giving the CEO Thompson a chance to defend himself Luigi Machioni (see 2)', '🆘Shooter-No one will believe Luigi murdered, cowardly shot a man in the back because United didn’t care about his back ache.   a cocky ego like Obama & radicalized which led to careless actions for Obamacare issues for his mentor Obama-Luigi influencer', ""As cool as this picture is it also makes my blood boil. They don't even treat mass shooters like this. Dylann Roof got taken to fucking Burger King after killing 9 Black people, but Luigi pops one CEO and they act like he's the head of ISIS""]",murderer - killer - killed - ceos - innocent - death - leftists - criminals - sentenced - riots,False,12/24/2024 18:45,12/24/2024 18:45
"🇺🇸 Mike Davis 🇺🇸

Luigi Magione murdered a father in cold blood.

Democrats cheered.

Joe Biden freed child rapists and murderers from death row.

Democrats cheered.",8,8_deserved_fucked_innocent_must,"['deserved', 'fucked', 'innocent', 'must', 'murderer', 'shame', 'evil', 'feared', 'offences', 'murdering']","[""Earth to the undocumented: American citizens love raping (shout out to Donny), shooting their own (refer to Luigi Magione) for that reason you will not be deported. #USA has a poor record stopping domestic terror. Heck, blonde Christian Charles Whitman massacred students in '66."", 'Yeah, you sound like Stalin. And Castro, and Mao. What you are, is a communist. It’s a shame New York doesn’t have the death penalty. Too bad Luigi didn’t do it here in Florida because we would give him the needle 💉 ☠️.', ""Barack Obama's violent activist.\nReal Motive-Obamacare feared\nUnitedHealth taking Obamacare business. Best let Luigi tell citizens that UHealth is bad. Get nation in uproar. Luigi orders from Obama “ Fix it-Luigi then jihad.” 14 yrold girl in WI radicalized to Jihad""]",deserved - fucked - innocent - must - murderer - shame - evil - feared - offences - murdering,False,12/24/2024 18:44,12/24/2024 18:44
"why and how is luigi mangione pleading not guilty? obviously he is allowed to do that, but it makes no sense. 

not only do they have fingerprint evidence, but they found him with the weapon and the manifesto. the manifesto implies the crime is something he wants credit for. i'm…",1,1_killer_murderer_donald_assassin,"['killer', 'murderer', 'donald', 'assassin', 'killed', 'kill', 'healthcare', 'guilty', 'innocent', 'trump']","[""why and how is luigi mangione pleading not guilty? obviously he is allowed to do that, but it makes no sense. \n\nnot only do they have fingerprint evidence, but they found him with the weapon and the manifesto. the manifesto implies the crime is something he wants credit for. i'm…"", 'SICKNESS\': Trump goes off on those with an ""appetite"" for elite cold-blooded killer suspect, torching liberals\' viral support of Luigi Mangione and saying, ""I don\'t get it.""', ""why and how is luigi mangione pleading not guilty? not only do they have fingerprint evidence, but they found him with the weapon and the manifesto. the manifesto implies the crime is something he wants credit for. i'm very confused. \n\ni'd love for someone who knows more about…""]",killer - murderer - donald - assassin - killed - kill - healthcare - guilty - innocent - trump,True,12/24/2024 18:34,12/24/2024 18:34
"why and how is luigi mangione pleading not guilty? not only do they have fingerprint evidence, but they found him with the weapon and the manifesto. the manifesto implies the crime is something he wants credit for. i'm very confused. 

i'd love for someone who knows more about…",1,1_killer_murderer_donald_assassin,"['killer', 'murderer', 'donald', 'assassin', 'killed', 'kill', 'healthcare', 'guilty', 'innocent', 'trump']","[""why and how is luigi mangione pleading not guilty? obviously he is allowed to do that, but it makes no sense. \n\nnot only do they have fingerprint evidence, but they found him with the weapon and the manifesto. the manifesto implies the crime is something he wants credit for. i'm…"", 'SICKNESS\': Trump goes off on those with an ""appetite"" for elite cold-blooded killer suspect, torching liberals\' viral support of Luigi Mangione and saying, ""I don\'t get it.""', ""why and how is luigi mangione pleading not guilty? not only do they have fingerprint evidence, but they found him with the weapon and the manifesto. the manifesto implies the crime is something he wants credit for. i'm very confused. \n\ni'd love for someone who knows more about…""]",killer - murderer - donald - assassin - killed - kill - healthcare - guilty - innocent - trump,True,12/24/2024 18:33,12/24/2024 18:33
Luigi will be spending next Christmas either in jail or dead so that’s cool too,3,3_danny_hell_guy_everyone,"['danny', 'hell', 'guy', 'everyone', 'strike', 'killed', 'fuck', 'actually', 'crazy', 'disaster']","['Everyone rn: I want Luigi to tear apart my holes and die from bleeding\n\nFav oomf: here are my favorite bakes of the year! ❤️ up next dark chocolate shortbread cookies 🍪🍫🍫👩\u200d🍳', '𝙏𝙝𝙚𝙮 𝙠𝙣𝙤𝙬 𝙬𝙝𝙖𝙩 𝙠𝙞𝙣𝙙 𝙤𝙛 𝙖 𝙥𝙚𝙧𝙨𝙤𝙣 𝙩𝙝𝙚𝙞𝙧 𝙘𝙝𝙞𝙡𝙙 𝙖𝙣𝙮𝙬𝙖𝙮 𝙗𝙚𝙛𝙤𝙧𝙚 𝙞𝙩 𝙝𝙖𝙥𝙥𝙚𝙣. \n\nIn the bible, it is better to discipline your child. \nI believe time will heal, but Luigi is unwell if you observe him very carefully', 'Tone, did ya hear the Luigi kid came out of hiding because he wanted a McFlurry.? You almost can’t blame the dumb little bastard, ya never know when those ice cream machine’s are workin, Skip. Ya gotta strike when the iron’s hot hehe']",danny - hell - guy - everyone - strike - killed - fuck - actually - crazy - disaster,False,12/24/2024 17:34,12/24/2024 17:34
"The defender of Luigi Machioni claims that her cliënt has no chance of getting a fair trial! But did Luigi Machioni that CEO Brian Thompson a fair chance? Absolutely not! Without any form of trial, without giving the CEO Thompson a chance to defend himself Luigi Machioni (see 2)",7,7_murderer_killer_killed_ceos,"['murderer', 'killer', 'killed', 'ceos', 'innocent', 'death', 'leftists', 'criminals', 'sentenced', 'riots']","['The defender of Luigi Machioni claims that her cliënt has no chance of getting a fair trial! But did Luigi Machioni that CEO Brian Thompson a fair chance? Absolutely not! Without any form of trial, without giving the CEO Thompson a chance to defend himself Luigi Machioni (see 2)', '🆘Shooter-No one will believe Luigi murdered, cowardly shot a man in the back because United didn’t care about his back ache.   a cocky ego like Obama & radicalized which led to careless actions for Obamacare issues for his mentor Obama-Luigi influencer', ""As cool as this picture is it also makes my blood boil. They don't even treat mass shooters like this. Dylann Roof got taken to fucking Burger King after killing 9 Black people, but Luigi pops one CEO and they act like he's the head of ISIS""]",murderer - killer - killed - ceos - innocent - death - leftists - criminals - sentenced - riots,True,12/24/2024 17:33,12/24/2024 17:33
Luigi be sleepin' with the fishies within a year.,3,3_danny_hell_guy_everyone,"['danny', 'hell', 'guy', 'everyone', 'strike', 'killed', 'fuck', 'actually', 'crazy', 'disaster']","['Everyone rn: I want Luigi to tear apart my holes and die from bleeding\n\nFav oomf: here are my favorite bakes of the year! ❤️ up next dark chocolate shortbread cookies 🍪🍫🍫👩\u200d🍳', '𝙏𝙝𝙚𝙮 𝙠𝙣𝙤𝙬 𝙬𝙝𝙖𝙩 𝙠𝙞𝙣𝙙 𝙤𝙛 𝙖 𝙥𝙚𝙧𝙨𝙤𝙣 𝙩𝙝𝙚𝙞𝙧 𝙘𝙝𝙞𝙡𝙙 𝙖𝙣𝙮𝙬𝙖𝙮 𝙗𝙚𝙛𝙤𝙧𝙚 𝙞𝙩 𝙝𝙖𝙥𝙥𝙚𝙣. \n\nIn the bible, it is better to discipline your child. \nI believe time will heal, but Luigi is unwell if you observe him very carefully', 'Tone, did ya hear the Luigi kid came out of hiding because he wanted a McFlurry.? You almost can’t blame the dumb little bastard, ya never know when those ice cream machine’s are workin, Skip. Ya gotta strike when the iron’s hot hehe']",danny - hell - guy - everyone - strike - killed - fuck - actually - crazy - disaster,False,12/24/2024 17:08,12/24/2024 17:08
"Those who applaud Luigi Mangione for murdering Brian Thompson and are even collecting funds for his defense are the same ones who want Sebastián Zapeta to be executed for murdering Jane Doe. It's just an observation, don't get angry.",1,1_killer_murderer_donald_assassin,"['killer', 'murderer', 'donald', 'assassin', 'killed', 'kill', 'healthcare', 'guilty', 'innocent', 'trump']","[""why and how is luigi mangione pleading not guilty? obviously he is allowed to do that, but it makes no sense. \n\nnot only do they have fingerprint evidence, but they found him with the weapon and the manifesto. the manifesto implies the crime is something he wants credit for. i'm…"", 'SICKNESS\': Trump goes off on those with an ""appetite"" for elite cold-blooded killer suspect, torching liberals\' viral support of Luigi Mangione and saying, ""I don\'t get it.""', ""why and how is luigi mangione pleading not guilty? not only do they have fingerprint evidence, but they found him with the weapon and the manifesto. the manifesto implies the crime is something he wants credit for. i'm very confused. \n\ni'd love for someone who knows more about…""]",killer - murderer - donald - assassin - killed - kill - healthcare - guilty - innocent - trump,False,12/24/2024 17:07,12/24/2024 17:07
Mangione is a spoiled rotten punk who thinks he can do as he pleases! Life in prison with no parole would be appropriate !,5,5_murderous_bombed_terrorists_brendan,"['murderous', 'bombed', 'terrorists', 'brendan', 'detectives', 'wounds', 'prison', 'jesus', 'hunt', 'fully']","[""No proof Mangione did it, plenty of proof he's a rich Nazi\n\nNo proof the GFM raised supposedly in his name went to him, but his lawyer has repeatedly turned down funding offers. So $100k+ has gone to a very likely scam & almost none to ppl in real need bc y'all want heroes so bad"", 'Kyle tried to hunt humans.\n\nKyle got caught trying to hunt humans. \n\nKyle killed humans who realized they were being hunted and tried to defend themselves. \n\nKyle is a murderous sack of shit. \nMangione is a murderous sack of shit.', 'JESUS , I THOUGHT THIS LOUIGI BENADUCI CORLEONE....MANGIONE GUAVACELLI KID WAS SMART...THE ONLY GUYS HE DIDNT GIVE A PHOTO OPP TO WAS  KEEPIN THE GUNW THE SILENCER ..ITS 20 ALONE FOR THE SUPPRESOR THEN COMPLAININ BOUT A BAD BACK...I GOT A BAD BACK KID BAD .']",murderous - bombed - terrorists - brendan - detectives - wounds - prison - jesus - hunt - fully,False,12/24/2024 16:42,12/24/2024 16:42
"The actual critique to be made of leftists supporting Luigi Mangione isn’t that he benefited from white privilege or lookism by allegedly killing all CEO, but that leftists are embracing nihilism and the Law of the Jungle by projecting their hopes on to an accused vigilante",1,1_killer_murderer_donald_assassin,"['killer', 'murderer', 'donald', 'assassin', 'killed', 'kill', 'healthcare', 'guilty', 'innocent', 'trump']","[""why and how is luigi mangione pleading not guilty? obviously he is allowed to do that, but it makes no sense. \n\nnot only do they have fingerprint evidence, but they found him with the weapon and the manifesto. the manifesto implies the crime is something he wants credit for. i'm…"", 'SICKNESS\': Trump goes off on those with an ""appetite"" for elite cold-blooded killer suspect, torching liberals\' viral support of Luigi Mangione and saying, ""I don\'t get it.""', ""why and how is luigi mangione pleading not guilty? not only do they have fingerprint evidence, but they found him with the weapon and the manifesto. the manifesto implies the crime is something he wants credit for. i'm very confused. \n\ni'd love for someone who knows more about…""]",killer - murderer - donald - assassin - killed - kill - healthcare - guilty - innocent - trump,False,12/24/2024 16:21,12/24/2024 16:21
Im over that shit with that Luigi dude...,3,3_danny_hell_guy_everyone,"['danny', 'hell', 'guy', 'everyone', 'strike', 'killed', 'fuck', 'actually', 'crazy', 'disaster']","['Everyone rn: I want Luigi to tear apart my holes and die from bleeding\n\nFav oomf: here are my favorite bakes of the year! ❤️ up next dark chocolate shortbread cookies 🍪🍫🍫👩\u200d🍳', '𝙏𝙝𝙚𝙮 𝙠𝙣𝙤𝙬 𝙬𝙝𝙖𝙩 𝙠𝙞𝙣𝙙 𝙤𝙛 𝙖 𝙥𝙚𝙧𝙨𝙤𝙣 𝙩𝙝𝙚𝙞𝙧 𝙘𝙝𝙞𝙡𝙙 𝙖𝙣𝙮𝙬𝙖𝙮 𝙗𝙚𝙛𝙤𝙧𝙚 𝙞𝙩 𝙝𝙖𝙥𝙥𝙚𝙣. \n\nIn the bible, it is better to discipline your child. \nI believe time will heal, but Luigi is unwell if you observe him very carefully', 'Tone, did ya hear the Luigi kid came out of hiding because he wanted a McFlurry.? You almost can’t blame the dumb little bastard, ya never know when those ice cream machine’s are workin, Skip. Ya gotta strike when the iron’s hot hehe']",danny - hell - guy - everyone - strike - killed - fuck - actually - crazy - disaster,False,12/24/2024 15:46,12/24/2024 15:46
"Loons, lowlife, and lovesick leftists 'Show up for Luigi' as accused killer is hauled into court - American Thinker",7,7_murderer_killer_killed_ceos,"['murderer', 'killer', 'killed', 'ceos', 'innocent', 'death', 'leftists', 'criminals', 'sentenced', 'riots']","['The defender of Luigi Machioni claims that her cliënt has no chance of getting a fair trial! But did Luigi Machioni that CEO Brian Thompson a fair chance? Absolutely not! Without any form of trial, without giving the CEO Thompson a chance to defend himself Luigi Machioni (see 2)', '🆘Shooter-No one will believe Luigi murdered, cowardly shot a man in the back because United didn’t care about his back ache.   a cocky ego like Obama & radicalized which led to careless actions for Obamacare issues for his mentor Obama-Luigi influencer', ""As cool as this picture is it also makes my blood boil. They don't even treat mass shooters like this. Dylann Roof got taken to fucking Burger King after killing 9 Black people, but Luigi pops one CEO and they act like he's the head of ISIS""]",murderer - killer - killed - ceos - innocent - death - leftists - criminals - sentenced - riots,False,12/24/2024 13:31,12/24/2024 13:31
"Hamas = terrorist
Luigi Mangione = terrorist

It has always been a politically-loaded term designated according to what they're against, but they really ain't trying to pretend to hide it recently",1,1_killer_murderer_donald_assassin,"['killer', 'murderer', 'donald', 'assassin', 'killed', 'kill', 'healthcare', 'guilty', 'innocent', 'trump']","[""why and how is luigi mangione pleading not guilty? obviously he is allowed to do that, but it makes no sense. \n\nnot only do they have fingerprint evidence, but they found him with the weapon and the manifesto. the manifesto implies the crime is something he wants credit for. i'm…"", 'SICKNESS\': Trump goes off on those with an ""appetite"" for elite cold-blooded killer suspect, torching liberals\' viral support of Luigi Mangione and saying, ""I don\'t get it.""', ""why and how is luigi mangione pleading not guilty? not only do they have fingerprint evidence, but they found him with the weapon and the manifesto. the manifesto implies the crime is something he wants credit for. i'm very confused. \n\ni'd love for someone who knows more about…""]",killer - murderer - donald - assassin - killed - kill - healthcare - guilty - innocent - trump,False,12/24/2024 12:45,12/24/2024 12:45
"""who did nothing to him* is the most essential part here.

The protestors blocking a road effectively took a lot of people hostage, the old man simply liberated everyone (based and justified)

Luigi Mangione shot a man in the back who was just walking there.
(cringe and gay)",0,0_mangioni_nick_scumbag_killer,"['mangioni', 'nick', 'scumbag', 'killer', 'hero', 'said', 'guy', 'hes', 'insane', 'much']","['The case of Luigi Mangione is the perfect example of what drives left wing zealotry.\n\nHe was a normal, successful dude. Once he got a debilitating back injury, he became impotent in relation to society. He became angry, hate-filled & resentful. Needed to blame others. Leftist.', 'Idolizing Luigi Mangione is a sign of low IQ\n\nHe is a retard that supposedly shot a dude for being unable to have gay sex anymore due to his back condition.\n\nNot a hero, and accomplished nothing in the grand scheme of things. It changes nothing', '""who did nothing to him* is the most essential part here.\n\nThe protestors blocking a road effectively took a lot of people hostage, the old man simply liberated everyone (based and justified)\n\nLuigi Mangione shot a man in the back who was just walking there.\n(cringe and gay)']",mangioni - nick - scumbag - killer - hero - said - guy - hes - insane - much,True,12/24/2024 12:02,12/24/2024 12:02
"10/
Anti-heroes like Mangione reflect our deepest societal wounds. 

If we want true change, we need to address those wounds, not idolize the ones who exploit them.",5,5_murderous_bombed_terrorists_brendan,"['murderous', 'bombed', 'terrorists', 'brendan', 'detectives', 'wounds', 'prison', 'jesus', 'hunt', 'fully']","[""No proof Mangione did it, plenty of proof he's a rich Nazi\n\nNo proof the GFM raised supposedly in his name went to him, but his lawyer has repeatedly turned down funding offers. So $100k+ has gone to a very likely scam & almost none to ppl in real need bc y'all want heroes so bad"", 'Kyle tried to hunt humans.\n\nKyle got caught trying to hunt humans. \n\nKyle killed humans who realized they were being hunted and tried to defend themselves. \n\nKyle is a murderous sack of shit. \nMangione is a murderous sack of shit.', 'JESUS , I THOUGHT THIS LOUIGI BENADUCI CORLEONE....MANGIONE GUAVACELLI KID WAS SMART...THE ONLY GUYS HE DIDNT GIVE A PHOTO OPP TO WAS  KEEPIN THE GUNW THE SILENCER ..ITS 20 ALONE FOR THE SUPPRESOR THEN COMPLAININ BOUT A BAD BACK...I GOT A BAD BACK KID BAD .']",murderous - bombed - terrorists - brendan - detectives - wounds - prison - jesus - hunt - fully,False,12/24/2024 8:26,12/24/2024 8:26
"a month is crazy, sorry to hate on your fav but they are mogging luigi",3,3_danny_hell_guy_everyone,"['danny', 'hell', 'guy', 'everyone', 'strike', 'killed', 'fuck', 'actually', 'crazy', 'disaster']","['Everyone rn: I want Luigi to tear apart my holes and die from bleeding\n\nFav oomf: here are my favorite bakes of the year! ❤️ up next dark chocolate shortbread cookies 🍪🍫🍫👩\u200d🍳', '𝙏𝙝𝙚𝙮 𝙠𝙣𝙤𝙬 𝙬𝙝𝙖𝙩 𝙠𝙞𝙣𝙙 𝙤𝙛 𝙖 𝙥𝙚𝙧𝙨𝙤𝙣 𝙩𝙝𝙚𝙞𝙧 𝙘𝙝𝙞𝙡𝙙 𝙖𝙣𝙮𝙬𝙖𝙮 𝙗𝙚𝙛𝙤𝙧𝙚 𝙞𝙩 𝙝𝙖𝙥𝙥𝙚𝙣. \n\nIn the bible, it is better to discipline your child. \nI believe time will heal, but Luigi is unwell if you observe him very carefully', 'Tone, did ya hear the Luigi kid came out of hiding because he wanted a McFlurry.? You almost can’t blame the dumb little bastard, ya never know when those ice cream machine’s are workin, Skip. Ya gotta strike when the iron’s hot hehe']",danny - hell - guy - everyone - strike - killed - fuck - actually - crazy - disaster,False,12/24/2024 8:01,12/24/2024 8:01
i hope this happens. Luigi was a coward!,3,3_danny_hell_guy_everyone,"['danny', 'hell', 'guy', 'everyone', 'strike', 'killed', 'fuck', 'actually', 'crazy', 'disaster']","['Everyone rn: I want Luigi to tear apart my holes and die from bleeding\n\nFav oomf: here are my favorite bakes of the year! ❤️ up next dark chocolate shortbread cookies 🍪🍫🍫👩\u200d🍳', '𝙏𝙝𝙚𝙮 𝙠𝙣𝙤𝙬 𝙬𝙝𝙖𝙩 𝙠𝙞𝙣𝙙 𝙤𝙛 𝙖 𝙥𝙚𝙧𝙨𝙤𝙣 𝙩𝙝𝙚𝙞𝙧 𝙘𝙝𝙞𝙡𝙙 𝙖𝙣𝙮𝙬𝙖𝙮 𝙗𝙚𝙛𝙤𝙧𝙚 𝙞𝙩 𝙝𝙖𝙥𝙥𝙚𝙣. \n\nIn the bible, it is better to discipline your child. \nI believe time will heal, but Luigi is unwell if you observe him very carefully', 'Tone, did ya hear the Luigi kid came out of hiding because he wanted a McFlurry.? You almost can’t blame the dumb little bastard, ya never know when those ice cream machine’s are workin, Skip. Ya gotta strike when the iron’s hot hehe']",danny - hell - guy - everyone - strike - killed - fuck - actually - crazy - disaster,False,12/24/2024 7:27,12/24/2024 7:27
"Luigi Mangione, accused of a heinous crime, walks into court with no family—but 24 women braving the cold to support him? Emotional, masked up, waiting for their moment? What’s wrong with society when monsters get fan clubs? Is it the ‘bad boy’ fetish or are we just completely…",0,0_mangioni_nick_scumbag_killer,"['mangioni', 'nick', 'scumbag', 'killer', 'hero', 'said', 'guy', 'hes', 'insane', 'much']","['The case of Luigi Mangione is the perfect example of what drives left wing zealotry.\n\nHe was a normal, successful dude. Once he got a debilitating back injury, he became impotent in relation to society. He became angry, hate-filled & resentful. Needed to blame others. Leftist.', 'Idolizing Luigi Mangione is a sign of low IQ\n\nHe is a retard that supposedly shot a dude for being unable to have gay sex anymore due to his back condition.\n\nNot a hero, and accomplished nothing in the grand scheme of things. It changes nothing', '""who did nothing to him* is the most essential part here.\n\nThe protestors blocking a road effectively took a lot of people hostage, the old man simply liberated everyone (based and justified)\n\nLuigi Mangione shot a man in the back who was just walking there.\n(cringe and gay)']",mangioni - nick - scumbag - killer - hero - said - guy - hes - insane - much,False,12/24/2024 6:47,12/24/2024 6:47
"TVNZs 1 ""news."" Luigi Mangione guilty or not guilty? WTF? Of course, he's GUILTY‼️",1,1_killer_murderer_donald_assassin,"['killer', 'murderer', 'donald', 'assassin', 'killed', 'kill', 'healthcare', 'guilty', 'innocent', 'trump']","[""why and how is luigi mangione pleading not guilty? obviously he is allowed to do that, but it makes no sense. \n\nnot only do they have fingerprint evidence, but they found him with the weapon and the manifesto. the manifesto implies the crime is something he wants credit for. i'm…"", 'SICKNESS\': Trump goes off on those with an ""appetite"" for elite cold-blooded killer suspect, torching liberals\' viral support of Luigi Mangione and saying, ""I don\'t get it.""', ""why and how is luigi mangione pleading not guilty? not only do they have fingerprint evidence, but they found him with the weapon and the manifesto. the manifesto implies the crime is something he wants credit for. i'm very confused. \n\ni'd love for someone who knows more about…""]",killer - murderer - donald - assassin - killed - kill - healthcare - guilty - innocent - trump,False,12/24/2024 5:04,12/24/2024 5:04
Imagine being the wife or child of someone who died because Brian Thompson put them into life-ruining medical debt,6,6_healthcare_insurance_killer_murdering,"['healthcare', 'insurance', 'killer', 'murdering', 'taxpayer', 'whose', 'bankrupt', 'justice', 'experts', 'companies']","['🚨NEW PODCAST EPISODE OUT NOW🚨\n\n discuss the extraordinary response to the murder of US health insurance boss Brian Thompson. \n\nHow can anyone celebrate his cold-blooded killing? The Matts test their theory that everything before “but” is bullsh*t', ""I understand the anger at insurance companies. But I'm appalled by the glorification in some quarters of the murder of Brian Thompson. Yes, he was an insurance executive, but he was also a dad and certainly didn't deserve to be executed and have people jeer at his family's loss."", 'Won’t delete this.\n\nBrian Thompson, UHC CEO, was a winner. Everyone has a death. His family will live in wealth centuries after his.\n\nCan’t say the same of socialist vermin who lose their healthcare 😢.\n\nThey’re losers whose deaths will cleanse the earth of their filthy presence.']",healthcare - insurance - killer - murdering - taxpayer - whose - bankrupt - justice - experts - companies,False,12/24/2024 2:06,12/24/2024 2:06
Luigi Mangione is no hero. He is a murderer. He forfeited any redeeming qualities about himself when he did a murder. It is NOT okay to murder people. The State should put him in front of a firing squad. I am NOT sorry for tweeting this.,1,1_killer_murderer_donald_assassin,"['killer', 'murderer', 'donald', 'assassin', 'killed', 'kill', 'healthcare', 'guilty', 'innocent', 'trump']","[""why and how is luigi mangione pleading not guilty? obviously he is allowed to do that, but it makes no sense. \n\nnot only do they have fingerprint evidence, but they found him with the weapon and the manifesto. the manifesto implies the crime is something he wants credit for. i'm…"", 'SICKNESS\': Trump goes off on those with an ""appetite"" for elite cold-blooded killer suspect, torching liberals\' viral support of Luigi Mangione and saying, ""I don\'t get it.""', ""why and how is luigi mangione pleading not guilty? not only do they have fingerprint evidence, but they found him with the weapon and the manifesto. the manifesto implies the crime is something he wants credit for. i'm very confused. \n\ni'd love for someone who knows more about…""]",killer - murderer - donald - assassin - killed - kill - healthcare - guilty - innocent - trump,False,12/24/2024 2:02,12/24/2024 2:02
Ya I'll just Luigi that nazi and not care what any of his opinions are,4,4_murderous_killed_assassin_death,"['murderous', 'killed', 'assassin', 'death', 'psychotic', 'guy', 'fuck', 'someone', 'rampage', 'prisoners']","['Elon family vibes? The only time he decided to start showing up with his kids was to use them as human shields after Luigi killed the health insurance CEO.', 'Luigi needed good parenting, a good figurative azz-whooping, and a JOB. \n\nInstead, he was coddled & funded in his dangerous misery by Liberal Microcosms of Society,\n\nwho are hell-bent on keeping vulnerable people poorly-informed & rage-fueled,\n\nbc that’s the only real way they,…', ""This is why we are a failing country. He avoids every possible reason for WHY people aren't upset that Luigi killed that guy. Instead he totes about 250 new citi bikes that will make life so much easier for people haha""]",murderous - killed - assassin - death - psychotic - guy - fuck - someone - rampage - prisoners,False,12/24/2024 1:58,12/24/2024 1:58
"There is no grey area on this. Luigi Mangione is innocent until proven guilty, but there is a vocal and not insignificant contingent of society that believes he killed Brian Johnson and praises him for allegedly doing so. It is sickening to celebrate murder and cowardice. (1/2)",1,1_killer_murderer_donald_assassin,"['killer', 'murderer', 'donald', 'assassin', 'killed', 'kill', 'healthcare', 'guilty', 'innocent', 'trump']","[""why and how is luigi mangione pleading not guilty? obviously he is allowed to do that, but it makes no sense. \n\nnot only do they have fingerprint evidence, but they found him with the weapon and the manifesto. the manifesto implies the crime is something he wants credit for. i'm…"", 'SICKNESS\': Trump goes off on those with an ""appetite"" for elite cold-blooded killer suspect, torching liberals\' viral support of Luigi Mangione and saying, ""I don\'t get it.""', ""why and how is luigi mangione pleading not guilty? not only do they have fingerprint evidence, but they found him with the weapon and the manifesto. the manifesto implies the crime is something he wants credit for. i'm very confused. \n\ni'd love for someone who knows more about…""]",killer - murderer - donald - assassin - killed - kill - healthcare - guilty - innocent - trump,False,12/24/2024 1:28,12/24/2024 1:28
"idk, ask Mangione.

But I won't cry if someone goes for him, or for any parasit CEO making millions out of people's suffering.",5,5_murderous_bombed_terrorists_brendan,"['murderous', 'bombed', 'terrorists', 'brendan', 'detectives', 'wounds', 'prison', 'jesus', 'hunt', 'fully']","[""No proof Mangione did it, plenty of proof he's a rich Nazi\n\nNo proof the GFM raised supposedly in his name went to him, but his lawyer has repeatedly turned down funding offers. So $100k+ has gone to a very likely scam & almost none to ppl in real need bc y'all want heroes so bad"", 'Kyle tried to hunt humans.\n\nKyle got caught trying to hunt humans. \n\nKyle killed humans who realized they were being hunted and tried to defend themselves. \n\nKyle is a murderous sack of shit. \nMangione is a murderous sack of shit.', 'JESUS , I THOUGHT THIS LOUIGI BENADUCI CORLEONE....MANGIONE GUAVACELLI KID WAS SMART...THE ONLY GUYS HE DIDNT GIVE A PHOTO OPP TO WAS  KEEPIN THE GUNW THE SILENCER ..ITS 20 ALONE FOR THE SUPPRESOR THEN COMPLAININ BOUT A BAD BACK...I GOT A BAD BACK KID BAD .']",murderous - bombed - terrorists - brendan - detectives - wounds - prison - jesus - hunt - fully,False,12/23/2024 23:19,12/23/2024 23:19
Luigi Mangione is not attractive and him murdering someone in cold blood makes him hideous. This shouldn’t be controversial.,0,0_mangioni_nick_scumbag_killer,"['mangioni', 'nick', 'scumbag', 'killer', 'hero', 'said', 'guy', 'hes', 'insane', 'much']","['The case of Luigi Mangione is the perfect example of what drives left wing zealotry.\n\nHe was a normal, successful dude. Once he got a debilitating back injury, he became impotent in relation to society. He became angry, hate-filled & resentful. Needed to blame others. Leftist.', 'Idolizing Luigi Mangione is a sign of low IQ\n\nHe is a retard that supposedly shot a dude for being unable to have gay sex anymore due to his back condition.\n\nNot a hero, and accomplished nothing in the grand scheme of things. It changes nothing', '""who did nothing to him* is the most essential part here.\n\nThe protestors blocking a road effectively took a lot of people hostage, the old man simply liberated everyone (based and justified)\n\nLuigi Mangione shot a man in the back who was just walking there.\n(cringe and gay)']",mangioni - nick - scumbag - killer - hero - said - guy - hes - insane - much,False,12/23/2024 22:03,12/23/2024 22:03
"Mangione themed as in "" he's a lovable rogue, fighting for the poor"" type thing or what? 
'Cos fuck that shite if it is",5,5_murderous_bombed_terrorists_brendan,"['murderous', 'bombed', 'terrorists', 'brendan', 'detectives', 'wounds', 'prison', 'jesus', 'hunt', 'fully']","[""No proof Mangione did it, plenty of proof he's a rich Nazi\n\nNo proof the GFM raised supposedly in his name went to him, but his lawyer has repeatedly turned down funding offers. So $100k+ has gone to a very likely scam & almost none to ppl in real need bc y'all want heroes so bad"", 'Kyle tried to hunt humans.\n\nKyle got caught trying to hunt humans. \n\nKyle killed humans who realized they were being hunted and tried to defend themselves. \n\nKyle is a murderous sack of shit. \nMangione is a murderous sack of shit.', 'JESUS , I THOUGHT THIS LOUIGI BENADUCI CORLEONE....MANGIONE GUAVACELLI KID WAS SMART...THE ONLY GUYS HE DIDNT GIVE A PHOTO OPP TO WAS  KEEPIN THE GUNW THE SILENCER ..ITS 20 ALONE FOR THE SUPPRESOR THEN COMPLAININ BOUT A BAD BACK...I GOT A BAD BACK KID BAD .']",murderous - bombed - terrorists - brendan - detectives - wounds - prison - jesus - hunt - fully,False,12/23/2024 21:59,12/23/2024 21:59
"Just like that freak Luigi Mangione, Ted Bundy had a bunch of far-left, disgusting women worship his dumbass. Bundy was a gross murderer as is Luigi the eyebrow freak!",0,0_mangioni_nick_scumbag_killer,"['mangioni', 'nick', 'scumbag', 'killer', 'hero', 'said', 'guy', 'hes', 'insane', 'much']","['The case of Luigi Mangione is the perfect example of what drives left wing zealotry.\n\nHe was a normal, successful dude. Once he got a debilitating back injury, he became impotent in relation to society. He became angry, hate-filled & resentful. Needed to blame others. Leftist.', 'Idolizing Luigi Mangione is a sign of low IQ\n\nHe is a retard that supposedly shot a dude for being unable to have gay sex anymore due to his back condition.\n\nNot a hero, and accomplished nothing in the grand scheme of things. It changes nothing', '""who did nothing to him* is the most essential part here.\n\nThe protestors blocking a road effectively took a lot of people hostage, the old man simply liberated everyone (based and justified)\n\nLuigi Mangione shot a man in the back who was just walking there.\n(cringe and gay)']",mangioni - nick - scumbag - killer - hero - said - guy - hes - insane - much,False,12/23/2024 21:56,12/23/2024 21:56
Fuck Luigi (not the mario character),3,3_danny_hell_guy_everyone,"['danny', 'hell', 'guy', 'everyone', 'strike', 'killed', 'fuck', 'actually', 'crazy', 'disaster']","['Everyone rn: I want Luigi to tear apart my holes and die from bleeding\n\nFav oomf: here are my favorite bakes of the year! ❤️ up next dark chocolate shortbread cookies 🍪🍫🍫👩\u200d🍳', '𝙏𝙝𝙚𝙮 𝙠𝙣𝙤𝙬 𝙬𝙝𝙖𝙩 𝙠𝙞𝙣𝙙 𝙤𝙛 𝙖 𝙥𝙚𝙧𝙨𝙤𝙣 𝙩𝙝𝙚𝙞𝙧 𝙘𝙝𝙞𝙡𝙙 𝙖𝙣𝙮𝙬𝙖𝙮 𝙗𝙚𝙛𝙤𝙧𝙚 𝙞𝙩 𝙝𝙖𝙥𝙥𝙚𝙣. \n\nIn the bible, it is better to discipline your child. \nI believe time will heal, but Luigi is unwell if you observe him very carefully', 'Tone, did ya hear the Luigi kid came out of hiding because he wanted a McFlurry.? You almost can’t blame the dumb little bastard, ya never know when those ice cream machine’s are workin, Skip. Ya gotta strike when the iron’s hot hehe']",danny - hell - guy - everyone - strike - killed - fuck - actually - crazy - disaster,False,12/23/2024 20:52,12/23/2024 20:52
I don’t understand people idolizing Luigi Mangione,0,0_mangioni_nick_scumbag_killer,"['mangioni', 'nick', 'scumbag', 'killer', 'hero', 'said', 'guy', 'hes', 'insane', 'much']","['The case of Luigi Mangione is the perfect example of what drives left wing zealotry.\n\nHe was a normal, successful dude. Once he got a debilitating back injury, he became impotent in relation to society. He became angry, hate-filled & resentful. Needed to blame others. Leftist.', 'Idolizing Luigi Mangione is a sign of low IQ\n\nHe is a retard that supposedly shot a dude for being unable to have gay sex anymore due to his back condition.\n\nNot a hero, and accomplished nothing in the grand scheme of things. It changes nothing', '""who did nothing to him* is the most essential part here.\n\nThe protestors blocking a road effectively took a lot of people hostage, the old man simply liberated everyone (based and justified)\n\nLuigi Mangione shot a man in the back who was just walking there.\n(cringe and gay)']",mangioni - nick - scumbag - killer - hero - said - guy - hes - insane - much,False,12/23/2024 18:49,12/23/2024 18:49
The Luigi fan club was in court? LMFAOOOOO,4,4_murderous_killed_assassin_death,"['murderous', 'killed', 'assassin', 'death', 'psychotic', 'guy', 'fuck', 'someone', 'rampage', 'prisoners']","['Elon family vibes? The only time he decided to start showing up with his kids was to use them as human shields after Luigi killed the health insurance CEO.', 'Luigi needed good parenting, a good figurative azz-whooping, and a JOB. \n\nInstead, he was coddled & funded in his dangerous misery by Liberal Microcosms of Society,\n\nwho are hell-bent on keeping vulnerable people poorly-informed & rage-fueled,\n\nbc that’s the only real way they,…', ""This is why we are a failing country. He avoids every possible reason for WHY people aren't upset that Luigi killed that guy. Instead he totes about 250 new citi bikes that will make life so much easier for people haha""]",murderous - killed - assassin - death - psychotic - guy - fuck - someone - rampage - prisoners,False,12/23/2024 18:45,12/23/2024 18:45
The only murder Luigi committed? Wearing orange loafers. Lock him up.,2,2_matter_acted_cause_gun,"['matter', 'acted', 'cause', 'gun', 'murderer', 'guy', 'proven', 'elliot', 'else', 'brother']","[""Luigi (allegedly) committed murder in broad daylight, while it's been proven in a court of law that Kyle acted in self-defense. You're either willfully ignorant of that fact, or just incredibly fucking stupid."", 'So luigi travel across many states line is okay?\n\nKyle travel 15 minutes drive to neighborhood he grew up to defend it from looters\nHe shots in self defense to 3 rioters who chase after him trying to harm him.\n\nLuigi travel thousands of miles\nTo kill a guy\n\nDEM❤️criminals', ""that I don't take sides? I never have and I never will\n\nwhat luigi did was not self defense if it was then it would have been justified as the other self defense thing was""]",matter - acted - cause - gun - murderer - guy - proven - elliot - else - brother,False,12/23/2024 18:13,12/23/2024 18:13
He will be made to look like a hero just like Kyle rittenhouse. However it wont happen as Luigi looks too anti-establishment towards the healthcare system. Will only encourage copycats.,4,4_murderous_killed_assassin_death,"['murderous', 'killed', 'assassin', 'death', 'psychotic', 'guy', 'fuck', 'someone', 'rampage', 'prisoners']","['Elon family vibes? The only time he decided to start showing up with his kids was to use them as human shields after Luigi killed the health insurance CEO.', 'Luigi needed good parenting, a good figurative azz-whooping, and a JOB. \n\nInstead, he was coddled & funded in his dangerous misery by Liberal Microcosms of Society,\n\nwho are hell-bent on keeping vulnerable people poorly-informed & rage-fueled,\n\nbc that’s the only real way they,…', ""This is why we are a failing country. He avoids every possible reason for WHY people aren't upset that Luigi killed that guy. Instead he totes about 250 new citi bikes that will make life so much easier for people haha""]",murderous - killed - assassin - death - psychotic - guy - fuck - someone - rampage - prisoners,False,12/23/2024 17:39,12/23/2024 17:39
Don't forget this one!,0,0_mangioni_nick_scumbag_killer,"['mangioni', 'nick', 'scumbag', 'killer', 'hero', 'said', 'guy', 'hes', 'insane', 'much']","['The case of Luigi Mangione is the perfect example of what drives left wing zealotry.\n\nHe was a normal, successful dude. Once he got a debilitating back injury, he became impotent in relation to society. He became angry, hate-filled & resentful. Needed to blame others. Leftist.', 'Idolizing Luigi Mangione is a sign of low IQ\n\nHe is a retard that supposedly shot a dude for being unable to have gay sex anymore due to his back condition.\n\nNot a hero, and accomplished nothing in the grand scheme of things. It changes nothing', '""who did nothing to him* is the most essential part here.\n\nThe protestors blocking a road effectively took a lot of people hostage, the old man simply liberated everyone (based and justified)\n\nLuigi Mangione shot a man in the back who was just walking there.\n(cringe and gay)']",mangioni - nick - scumbag - killer - hero - said - guy - hes - insane - much,False,12/23/2024 16:59,12/23/2024 16:59
"Why are people idolizing Luigi Mangione?

It’s disgusting..",0,0_mangioni_nick_scumbag_killer,"['mangioni', 'nick', 'scumbag', 'killer', 'hero', 'said', 'guy', 'hes', 'insane', 'much']","['The case of Luigi Mangione is the perfect example of what drives left wing zealotry.\n\nHe was a normal, successful dude. Once he got a debilitating back injury, he became impotent in relation to society. He became angry, hate-filled & resentful. Needed to blame others. Leftist.', 'Idolizing Luigi Mangione is a sign of low IQ\n\nHe is a retard that supposedly shot a dude for being unable to have gay sex anymore due to his back condition.\n\nNot a hero, and accomplished nothing in the grand scheme of things. It changes nothing', '""who did nothing to him* is the most essential part here.\n\nThe protestors blocking a road effectively took a lot of people hostage, the old man simply liberated everyone (based and justified)\n\nLuigi Mangione shot a man in the back who was just walking there.\n(cringe and gay)']",mangioni - nick - scumbag - killer - hero - said - guy - hes - insane - much,False,12/23/2024 16:29,12/23/2024 16:29
Some people just need to get Luigi’d.,3,3_danny_hell_guy_everyone,"['danny', 'hell', 'guy', 'everyone', 'strike', 'killed', 'fuck', 'actually', 'crazy', 'disaster']","['Everyone rn: I want Luigi to tear apart my holes and die from bleeding\n\nFav oomf: here are my favorite bakes of the year! ❤️ up next dark chocolate shortbread cookies 🍪🍫🍫👩\u200d🍳', '𝙏𝙝𝙚𝙮 𝙠𝙣𝙤𝙬 𝙬𝙝𝙖𝙩 𝙠𝙞𝙣𝙙 𝙤𝙛 𝙖 𝙥𝙚𝙧𝙨𝙤𝙣 𝙩𝙝𝙚𝙞𝙧 𝙘𝙝𝙞𝙡𝙙 𝙖𝙣𝙮𝙬𝙖𝙮 𝙗𝙚𝙛𝙤𝙧𝙚 𝙞𝙩 𝙝𝙖𝙥𝙥𝙚𝙣. \n\nIn the bible, it is better to discipline your child. \nI believe time will heal, but Luigi is unwell if you observe him very carefully', 'Tone, did ya hear the Luigi kid came out of hiding because he wanted a McFlurry.? You almost can’t blame the dumb little bastard, ya never know when those ice cream machine’s are workin, Skip. Ya gotta strike when the iron’s hot hehe']",danny - hell - guy - everyone - strike - killed - fuck - actually - crazy - disaster,False,12/23/2024 15:34,12/23/2024 15:34
the murdered Luigi was caught & will be punished. Will the people who murdered the family of the child with cancer be caught & punished?,2,2_matter_acted_cause_gun,"['matter', 'acted', 'cause', 'gun', 'murderer', 'guy', 'proven', 'elliot', 'else', 'brother']","[""Luigi (allegedly) committed murder in broad daylight, while it's been proven in a court of law that Kyle acted in self-defense. You're either willfully ignorant of that fact, or just incredibly fucking stupid."", 'So luigi travel across many states line is okay?\n\nKyle travel 15 minutes drive to neighborhood he grew up to defend it from looters\nHe shots in self defense to 3 rioters who chase after him trying to harm him.\n\nLuigi travel thousands of miles\nTo kill a guy\n\nDEM❤️criminals', ""that I don't take sides? I never have and I never will\n\nwhat luigi did was not self defense if it was then it would have been justified as the other self defense thing was""]",matter - acted - cause - gun - murderer - guy - proven - elliot - else - brother,False,12/23/2024 13:58,12/23/2024 13:58
"#UnitedHealthcare 

#LuigiMangione moron",9,9_crimes_arrested_killer_perpetrator,"['crimes', 'arrested', 'killer', 'perpetrator', 'vicious', 'baron', 'sin', 'hero', 'trending', 'police']","['Pennsylvania Governor Josh Shapiro goes off on people who are celebrating Luigi Mangione for allegedly murdering UnitedHealthcare CEO Brian Thompson.\n\n""In America, we do not kill people in cold blood to resolve policy differences or to express a viewpoint.""\n\nHe calls it…', 'Healthcare boss Brian Thompson’s killer may have fled New York, police say, via   \n\nUnless its blizzard snow. Im of the opinion people wearing hoodies covered up should be shot by default. As normally speaking their obviously up to no good.', 'Person who deleted/erased CEO of UnitedHealthCare is illegal immigrant came from Latin Spanish countries like Venezuela 🇻🇪 travel from Atlanta, Georgia to New York City and left state of New York in United States Of America. This is migrant crime related.\n\n~ Baron Tremayne Caple']",crimes - arrested - killer - perpetrator - vicious - baron - sin - hero - trending - police,False,12/23/2024 13:26,12/23/2024 13:26
Reason this falls flat is the only people thirsting for Mangione are hard core progressives who fancy themselves as revolutionaries. Everyone normal thinks he’s a murdering shitbag,5,5_murderous_bombed_terrorists_brendan,"['murderous', 'bombed', 'terrorists', 'brendan', 'detectives', 'wounds', 'prison', 'jesus', 'hunt', 'fully']","[""No proof Mangione did it, plenty of proof he's a rich Nazi\n\nNo proof the GFM raised supposedly in his name went to him, but his lawyer has repeatedly turned down funding offers. So $100k+ has gone to a very likely scam & almost none to ppl in real need bc y'all want heroes so bad"", 'Kyle tried to hunt humans.\n\nKyle got caught trying to hunt humans. \n\nKyle killed humans who realized they were being hunted and tried to defend themselves. \n\nKyle is a murderous sack of shit. \nMangione is a murderous sack of shit.', 'JESUS , I THOUGHT THIS LOUIGI BENADUCI CORLEONE....MANGIONE GUAVACELLI KID WAS SMART...THE ONLY GUYS HE DIDNT GIVE A PHOTO OPP TO WAS  KEEPIN THE GUNW THE SILENCER ..ITS 20 ALONE FOR THE SUPPRESOR THEN COMPLAININ BOUT A BAD BACK...I GOT A BAD BACK KID BAD .']",murderous - bombed - terrorists - brendan - detectives - wounds - prison - jesus - hunt - fully,False,12/23/2024 12:40,12/23/2024 12:40
Glad you agree that Mangione's actions were useless.,5,5_murderous_bombed_terrorists_brendan,"['murderous', 'bombed', 'terrorists', 'brendan', 'detectives', 'wounds', 'prison', 'jesus', 'hunt', 'fully']","[""No proof Mangione did it, plenty of proof he's a rich Nazi\n\nNo proof the GFM raised supposedly in his name went to him, but his lawyer has repeatedly turned down funding offers. So $100k+ has gone to a very likely scam & almost none to ppl in real need bc y'all want heroes so bad"", 'Kyle tried to hunt humans.\n\nKyle got caught trying to hunt humans. \n\nKyle killed humans who realized they were being hunted and tried to defend themselves. \n\nKyle is a murderous sack of shit. \nMangione is a murderous sack of shit.', 'JESUS , I THOUGHT THIS LOUIGI BENADUCI CORLEONE....MANGIONE GUAVACELLI KID WAS SMART...THE ONLY GUYS HE DIDNT GIVE A PHOTO OPP TO WAS  KEEPIN THE GUNW THE SILENCER ..ITS 20 ALONE FOR THE SUPPRESOR THEN COMPLAININ BOUT A BAD BACK...I GOT A BAD BACK KID BAD .']",murderous - bombed - terrorists - brendan - detectives - wounds - prison - jesus - hunt - fully,False,12/23/2024 8:57,12/23/2024 8:57
"luigi mangione shot and killed a man, you fuckhead.
Does that not gain him a mugshot???",1,1_killer_murderer_donald_assassin,"['killer', 'murderer', 'donald', 'assassin', 'killed', 'kill', 'healthcare', 'guilty', 'innocent', 'trump']","[""why and how is luigi mangione pleading not guilty? obviously he is allowed to do that, but it makes no sense. \n\nnot only do they have fingerprint evidence, but they found him with the weapon and the manifesto. the manifesto implies the crime is something he wants credit for. i'm…"", 'SICKNESS\': Trump goes off on those with an ""appetite"" for elite cold-blooded killer suspect, torching liberals\' viral support of Luigi Mangione and saying, ""I don\'t get it.""', ""why and how is luigi mangione pleading not guilty? not only do they have fingerprint evidence, but they found him with the weapon and the manifesto. the manifesto implies the crime is something he wants credit for. i'm very confused. \n\ni'd love for someone who knows more about…""]",killer - murderer - donald - assassin - killed - kill - healthcare - guilty - innocent - trump,False,12/23/2024 6:40,12/23/2024 6:40
"Guy whose client was the UnitedHealthcare CEO Brian Thompson says he understands why Brian was m*rd*red.

Unbelievable. And this guy’s female partner smiles as she agrees with him.

The dehumanization by the left is abhorrent. They’re as bad as those they condemn.",6,6_healthcare_insurance_killer_murdering,"['healthcare', 'insurance', 'killer', 'murdering', 'taxpayer', 'whose', 'bankrupt', 'justice', 'experts', 'companies']","['🚨NEW PODCAST EPISODE OUT NOW🚨\n\n discuss the extraordinary response to the murder of US health insurance boss Brian Thompson. \n\nHow can anyone celebrate his cold-blooded killing? The Matts test their theory that everything before “but” is bullsh*t', ""I understand the anger at insurance companies. But I'm appalled by the glorification in some quarters of the murder of Brian Thompson. Yes, he was an insurance executive, but he was also a dad and certainly didn't deserve to be executed and have people jeer at his family's loss."", 'Won’t delete this.\n\nBrian Thompson, UHC CEO, was a winner. Everyone has a death. His family will live in wealth centuries after his.\n\nCan’t say the same of socialist vermin who lose their healthcare 😢.\n\nThey’re losers whose deaths will cleanse the earth of their filthy presence.']",healthcare - insurance - killer - murdering - taxpayer - whose - bankrupt - justice - experts - companies,False,12/23/2024 6:39,12/23/2024 6:39
"Yeah, you’re right, you aren’t remotely similar. A lot of people feel Luigi mangione shouldn’t be in jail, you on the other hand…..",0,0_mangioni_nick_scumbag_killer,"['mangioni', 'nick', 'scumbag', 'killer', 'hero', 'said', 'guy', 'hes', 'insane', 'much']","['The case of Luigi Mangione is the perfect example of what drives left wing zealotry.\n\nHe was a normal, successful dude. Once he got a debilitating back injury, he became impotent in relation to society. He became angry, hate-filled & resentful. Needed to blame others. Leftist.', 'Idolizing Luigi Mangione is a sign of low IQ\n\nHe is a retard that supposedly shot a dude for being unable to have gay sex anymore due to his back condition.\n\nNot a hero, and accomplished nothing in the grand scheme of things. It changes nothing', '""who did nothing to him* is the most essential part here.\n\nThe protestors blocking a road effectively took a lot of people hostage, the old man simply liberated everyone (based and justified)\n\nLuigi Mangione shot a man in the back who was just walking there.\n(cringe and gay)']",mangioni - nick - scumbag - killer - hero - said - guy - hes - insane - much,False,12/23/2024 6:18,12/23/2024 6:18
Mindful of Brendan O’Connor being appalled by the support for Mangione on  last week. Not surprised a guy on a quarter of a million plus a year for four hours radio doesn’t get it. #RTÉ,5,5_murderous_bombed_terrorists_brendan,"['murderous', 'bombed', 'terrorists', 'brendan', 'detectives', 'wounds', 'prison', 'jesus', 'hunt', 'fully']","[""No proof Mangione did it, plenty of proof he's a rich Nazi\n\nNo proof the GFM raised supposedly in his name went to him, but his lawyer has repeatedly turned down funding offers. So $100k+ has gone to a very likely scam & almost none to ppl in real need bc y'all want heroes so bad"", 'Kyle tried to hunt humans.\n\nKyle got caught trying to hunt humans. \n\nKyle killed humans who realized they were being hunted and tried to defend themselves. \n\nKyle is a murderous sack of shit. \nMangione is a murderous sack of shit.', 'JESUS , I THOUGHT THIS LOUIGI BENADUCI CORLEONE....MANGIONE GUAVACELLI KID WAS SMART...THE ONLY GUYS HE DIDNT GIVE A PHOTO OPP TO WAS  KEEPIN THE GUNW THE SILENCER ..ITS 20 ALONE FOR THE SUPPRESOR THEN COMPLAININ BOUT A BAD BACK...I GOT A BAD BACK KID BAD .']",murderous - bombed - terrorists - brendan - detectives - wounds - prison - jesus - hunt - fully,False,12/23/2024 5:54,12/23/2024 5:54
Luigi on weekend update then reacting with confused disdain when the crowd immediately started cheering… embarrassing he thought people would do anything else 🙄 🤔 🐒🐒🤳👁😭,3,3_danny_hell_guy_everyone,"['danny', 'hell', 'guy', 'everyone', 'strike', 'killed', 'fuck', 'actually', 'crazy', 'disaster']","['Everyone rn: I want Luigi to tear apart my holes and die from bleeding\n\nFav oomf: here are my favorite bakes of the year! ❤️ up next dark chocolate shortbread cookies 🍪🍫🍫👩\u200d🍳', '𝙏𝙝𝙚𝙮 𝙠𝙣𝙤𝙬 𝙬𝙝𝙖𝙩 𝙠𝙞𝙣𝙙 𝙤𝙛 𝙖 𝙥𝙚𝙧𝙨𝙤𝙣 𝙩𝙝𝙚𝙞𝙧 𝙘𝙝𝙞𝙡𝙙 𝙖𝙣𝙮𝙬𝙖𝙮 𝙗𝙚𝙛𝙤𝙧𝙚 𝙞𝙩 𝙝𝙖𝙥𝙥𝙚𝙣. \n\nIn the bible, it is better to discipline your child. \nI believe time will heal, but Luigi is unwell if you observe him very carefully', 'Tone, did ya hear the Luigi kid came out of hiding because he wanted a McFlurry.? You almost can’t blame the dumb little bastard, ya never know when those ice cream machine’s are workin, Skip. Ya gotta strike when the iron’s hot hehe']",danny - hell - guy - everyone - strike - killed - fuck - actually - crazy - disaster,False,12/23/2024 5:07,12/23/2024 5:07
"the world has gone mad 

look at people’s actions
not their looks
Violence is not the answer

Luigi Mangione is a murderer",1,1_killer_murderer_donald_assassin,"['killer', 'murderer', 'donald', 'assassin', 'killed', 'kill', 'healthcare', 'guilty', 'innocent', 'trump']","[""why and how is luigi mangione pleading not guilty? obviously he is allowed to do that, but it makes no sense. \n\nnot only do they have fingerprint evidence, but they found him with the weapon and the manifesto. the manifesto implies the crime is something he wants credit for. i'm…"", 'SICKNESS\': Trump goes off on those with an ""appetite"" for elite cold-blooded killer suspect, torching liberals\' viral support of Luigi Mangione and saying, ""I don\'t get it.""', ""why and how is luigi mangione pleading not guilty? not only do they have fingerprint evidence, but they found him with the weapon and the manifesto. the manifesto implies the crime is something he wants credit for. i'm very confused. \n\ni'd love for someone who knows more about…""]",killer - murderer - donald - assassin - killed - kill - healthcare - guilty - innocent - trump,False,12/10/2024 0:53,12/10/2024 0:53
"Some of you need to rewatch Joker: Folie à Deux and understand that you shouldn’t be like Lee Quinzel.

Luigi Mangione is a murderer and you’re treating him like Arthur Fleck after he killed Murray. 

Todd Phillips was right, society is f*cked up.",0,0_mangioni_nick_scumbag_killer,"['mangioni', 'nick', 'scumbag', 'killer', 'hero', 'said', 'guy', 'hes', 'insane', 'much']","['The case of Luigi Mangione is the perfect example of what drives left wing zealotry.\n\nHe was a normal, successful dude. Once he got a debilitating back injury, he became impotent in relation to society. He became angry, hate-filled & resentful. Needed to blame others. Leftist.', 'Idolizing Luigi Mangione is a sign of low IQ\n\nHe is a retard that supposedly shot a dude for being unable to have gay sex anymore due to his back condition.\n\nNot a hero, and accomplished nothing in the grand scheme of things. It changes nothing', '""who did nothing to him* is the most essential part here.\n\nThe protestors blocking a road effectively took a lot of people hostage, the old man simply liberated everyone (based and justified)\n\nLuigi Mangione shot a man in the back who was just walking there.\n(cringe and gay)']",mangioni - nick - scumbag - killer - hero - said - guy - hes - insane - much,False,12/9/2024 23:54,12/9/2024 23:54
"Everyone rn: I want Luigi to tear apart my holes and die from bleeding

Fav oomf: here are my favorite bakes of the year! ❤️ up next dark chocolate shortbread cookies 🍪🍫🍫👩‍🍳",3,3_danny_hell_guy_everyone,"['danny', 'hell', 'guy', 'everyone', 'strike', 'killed', 'fuck', 'actually', 'crazy', 'disaster']","['Everyone rn: I want Luigi to tear apart my holes and die from bleeding\n\nFav oomf: here are my favorite bakes of the year! ❤️ up next dark chocolate shortbread cookies 🍪🍫🍫👩\u200d🍳', '𝙏𝙝𝙚𝙮 𝙠𝙣𝙤𝙬 𝙬𝙝𝙖𝙩 𝙠𝙞𝙣𝙙 𝙤𝙛 𝙖 𝙥𝙚𝙧𝙨𝙤𝙣 𝙩𝙝𝙚𝙞𝙧 𝙘𝙝𝙞𝙡𝙙 𝙖𝙣𝙮𝙬𝙖𝙮 𝙗𝙚𝙛𝙤𝙧𝙚 𝙞𝙩 𝙝𝙖𝙥𝙥𝙚𝙣. \n\nIn the bible, it is better to discipline your child. \nI believe time will heal, but Luigi is unwell if you observe him very carefully', 'Tone, did ya hear the Luigi kid came out of hiding because he wanted a McFlurry.? You almost can’t blame the dumb little bastard, ya never know when those ice cream machine’s are workin, Skip. Ya gotta strike when the iron’s hot hehe']",danny - hell - guy - everyone - strike - killed - fuck - actually - crazy - disaster,True,12/9/2024 23:47,12/9/2024 23:47
"Luigi studied in Japan? The man was a student of the Abe Assassin, he became a ronin after his samurai lord was arrested by a tyranny. This is so sick.",4,4_murderous_killed_assassin_death,"['murderous', 'killed', 'assassin', 'death', 'psychotic', 'guy', 'fuck', 'someone', 'rampage', 'prisoners']","['Elon family vibes? The only time he decided to start showing up with his kids was to use them as human shields after Luigi killed the health insurance CEO.', 'Luigi needed good parenting, a good figurative azz-whooping, and a JOB. \n\nInstead, he was coddled & funded in his dangerous misery by Liberal Microcosms of Society,\n\nwho are hell-bent on keeping vulnerable people poorly-informed & rage-fueled,\n\nbc that’s the only real way they,…', ""This is why we are a failing country. He avoids every possible reason for WHY people aren't upset that Luigi killed that guy. Instead he totes about 250 new citi bikes that will make life so much easier for people haha""]",murderous - killed - assassin - death - psychotic - guy - fuck - someone - rampage - prisoners,False,12/9/2024 22:17,12/9/2024 22:17
"“Nice try, Luigi. Those insurance companies are still gonna cover those prescriptions and get me PAID”",3,3_danny_hell_guy_everyone,"['danny', 'hell', 'guy', 'everyone', 'strike', 'killed', 'fuck', 'actually', 'crazy', 'disaster']","['Everyone rn: I want Luigi to tear apart my holes and die from bleeding\n\nFav oomf: here are my favorite bakes of the year! ❤️ up next dark chocolate shortbread cookies 🍪🍫🍫👩\u200d🍳', '𝙏𝙝𝙚𝙮 𝙠𝙣𝙤𝙬 𝙬𝙝𝙖𝙩 𝙠𝙞𝙣𝙙 𝙤𝙛 𝙖 𝙥𝙚𝙧𝙨𝙤𝙣 𝙩𝙝𝙚𝙞𝙧 𝙘𝙝𝙞𝙡𝙙 𝙖𝙣𝙮𝙬𝙖𝙮 𝙗𝙚𝙛𝙤𝙧𝙚 𝙞𝙩 𝙝𝙖𝙥𝙥𝙚𝙣. \n\nIn the bible, it is better to discipline your child. \nI believe time will heal, but Luigi is unwell if you observe him very carefully', 'Tone, did ya hear the Luigi kid came out of hiding because he wanted a McFlurry.? You almost can’t blame the dumb little bastard, ya never know when those ice cream machine’s are workin, Skip. Ya gotta strike when the iron’s hot hehe']",danny - hell - guy - everyone - strike - killed - fuck - actually - crazy - disaster,False,12/9/2024 20:43,12/9/2024 20:43
"""You can just shoot people you don't like.""
""What? Is that true, Mr. Skallas???""
""I see you are on a lindywalk. Just go empty a mag in someone.""
""Holy shit. Never thought about it that way before!""
""Heil Hitler, Luigi.""
""Heil Hitler, Paul.""",1,1_killer_murderer_donald_assassin,"['killer', 'murderer', 'donald', 'assassin', 'killed', 'kill', 'healthcare', 'guilty', 'innocent', 'trump']","[""why and how is luigi mangione pleading not guilty? obviously he is allowed to do that, but it makes no sense. \n\nnot only do they have fingerprint evidence, but they found him with the weapon and the manifesto. the manifesto implies the crime is something he wants credit for. i'm…"", 'SICKNESS\': Trump goes off on those with an ""appetite"" for elite cold-blooded killer suspect, torching liberals\' viral support of Luigi Mangione and saying, ""I don\'t get it.""', ""why and how is luigi mangione pleading not guilty? not only do they have fingerprint evidence, but they found him with the weapon and the manifesto. the manifesto implies the crime is something he wants credit for. i'm very confused. \n\ni'd love for someone who knows more about…""]",killer - murderer - donald - assassin - killed - kill - healthcare - guilty - innocent - trump,False,12/9/2024 20:17,12/9/2024 20:17
"Mangione was valedictorian of his 2016 high school graduating class at the Gilman School in Baltimore, where he played soccer, according to online sites. High school tuition at the all-boys school is nearly $40,000 a year.""

Of course it's a Champagne socialist.",5,5_murderous_bombed_terrorists_brendan,"['murderous', 'bombed', 'terrorists', 'brendan', 'detectives', 'wounds', 'prison', 'jesus', 'hunt', 'fully']","[""No proof Mangione did it, plenty of proof he's a rich Nazi\n\nNo proof the GFM raised supposedly in his name went to him, but his lawyer has repeatedly turned down funding offers. So $100k+ has gone to a very likely scam & almost none to ppl in real need bc y'all want heroes so bad"", 'Kyle tried to hunt humans.\n\nKyle got caught trying to hunt humans. \n\nKyle killed humans who realized they were being hunted and tried to defend themselves. \n\nKyle is a murderous sack of shit. \nMangione is a murderous sack of shit.', 'JESUS , I THOUGHT THIS LOUIGI BENADUCI CORLEONE....MANGIONE GUAVACELLI KID WAS SMART...THE ONLY GUYS HE DIDNT GIVE A PHOTO OPP TO WAS  KEEPIN THE GUNW THE SILENCER ..ITS 20 ALONE FOR THE SUPPRESOR THEN COMPLAININ BOUT A BAD BACK...I GOT A BAD BACK KID BAD .']",murderous - bombed - terrorists - brendan - detectives - wounds - prison - jesus - hunt - fully,False,12/9/2024 19:13,12/9/2024 19:13
"🚨Breaking🚨
Looks like the NYPD have gotten their suspect. The person of interest Luigi Mangione was apprehended in Pennsylvania after being recognized at a McDonald’s, and doesn’t seem to be very intelligent nor a professional hitman as first suspected. 

He was found…",1,1_killer_murderer_donald_assassin,"['killer', 'murderer', 'donald', 'assassin', 'killed', 'kill', 'healthcare', 'guilty', 'innocent', 'trump']","[""why and how is luigi mangione pleading not guilty? obviously he is allowed to do that, but it makes no sense. \n\nnot only do they have fingerprint evidence, but they found him with the weapon and the manifesto. the manifesto implies the crime is something he wants credit for. i'm…"", 'SICKNESS\': Trump goes off on those with an ""appetite"" for elite cold-blooded killer suspect, torching liberals\' viral support of Luigi Mangione and saying, ""I don\'t get it.""', ""why and how is luigi mangione pleading not guilty? not only do they have fingerprint evidence, but they found him with the weapon and the manifesto. the manifesto implies the crime is something he wants credit for. i'm very confused. \n\ni'd love for someone who knows more about…""]",killer - murderer - donald - assassin - killed - kill - healthcare - guilty - innocent - trump,False,12/9/2024 19:12,12/9/2024 19:12
"ADMIN POST. 

Luigi Mangione appeared at Manhattan federal court today.

There was a small group of ghoulish ""fans"", ranting about health, of course they're wearing masks 🤡",1,1_killer_murderer_donald_assassin,"['killer', 'murderer', 'donald', 'assassin', 'killed', 'kill', 'healthcare', 'guilty', 'innocent', 'trump']","[""why and how is luigi mangione pleading not guilty? obviously he is allowed to do that, but it makes no sense. \n\nnot only do they have fingerprint evidence, but they found him with the weapon and the manifesto. the manifesto implies the crime is something he wants credit for. i'm…"", 'SICKNESS\': Trump goes off on those with an ""appetite"" for elite cold-blooded killer suspect, torching liberals\' viral support of Luigi Mangione and saying, ""I don\'t get it.""', ""why and how is luigi mangione pleading not guilty? not only do they have fingerprint evidence, but they found him with the weapon and the manifesto. the manifesto implies the crime is something he wants credit for. i'm very confused. \n\ni'd love for someone who knows more about…""]",killer - murderer - donald - assassin - killed - kill - healthcare - guilty - innocent - trump,False,12/19/2024 22:47,12/19/2024 22:47
"As cool as this picture is it also makes my blood boil. They don't even treat mass shooters like this. Dylann Roof got taken to fucking Burger King after killing 9 Black people, but Luigi pops one CEO and they act like he's the head of ISIS",7,7_murderer_killer_killed_ceos,"['murderer', 'killer', 'killed', 'ceos', 'innocent', 'death', 'leftists', 'criminals', 'sentenced', 'riots']","['The defender of Luigi Machioni claims that her cliënt has no chance of getting a fair trial! But did Luigi Machioni that CEO Brian Thompson a fair chance? Absolutely not! Without any form of trial, without giving the CEO Thompson a chance to defend himself Luigi Machioni (see 2)', '🆘Shooter-No one will believe Luigi murdered, cowardly shot a man in the back because United didn’t care about his back ache.   a cocky ego like Obama & radicalized which led to careless actions for Obamacare issues for his mentor Obama-Luigi influencer', ""As cool as this picture is it also makes my blood boil. They don't even treat mass shooters like this. Dylann Roof got taken to fucking Burger King after killing 9 Black people, but Luigi pops one CEO and they act like he's the head of ISIS""]",murderer - killer - killed - ceos - innocent - death - leftists - criminals - sentenced - riots,True,12/19/2024 22:35,12/19/2024 22:35
"Idolizing Luigi Mangione is a sign of low IQ

He is a retard that supposedly shot a dude for being unable to have gay sex anymore due to his back condition.

Not a hero, and accomplished nothing in the grand scheme of things. It changes nothing",0,0_mangioni_nick_scumbag_killer,"['mangioni', 'nick', 'scumbag', 'killer', 'hero', 'said', 'guy', 'hes', 'insane', 'much']","['The case of Luigi Mangione is the perfect example of what drives left wing zealotry.\n\nHe was a normal, successful dude. Once he got a debilitating back injury, he became impotent in relation to society. He became angry, hate-filled & resentful. Needed to blame others. Leftist.', 'Idolizing Luigi Mangione is a sign of low IQ\n\nHe is a retard that supposedly shot a dude for being unable to have gay sex anymore due to his back condition.\n\nNot a hero, and accomplished nothing in the grand scheme of things. It changes nothing', '""who did nothing to him* is the most essential part here.\n\nThe protestors blocking a road effectively took a lot of people hostage, the old man simply liberated everyone (based and justified)\n\nLuigi Mangione shot a man in the back who was just walking there.\n(cringe and gay)']",mangioni - nick - scumbag - killer - hero - said - guy - hes - insane - much,True,12/19/2024 22:20,12/19/2024 22:20
This is why we are a failing country. He avoids every possible reason for WHY people aren't upset that Luigi killed that guy. Instead he totes about 250 new citi bikes that will make life so much easier for people haha,4,4_murderous_killed_assassin_death,"['murderous', 'killed', 'assassin', 'death', 'psychotic', 'guy', 'fuck', 'someone', 'rampage', 'prisoners']","['Elon family vibes? The only time he decided to start showing up with his kids was to use them as human shields after Luigi killed the health insurance CEO.', 'Luigi needed good parenting, a good figurative azz-whooping, and a JOB. \n\nInstead, he was coddled & funded in his dangerous misery by Liberal Microcosms of Society,\n\nwho are hell-bent on keeping vulnerable people poorly-informed & rage-fueled,\n\nbc that’s the only real way they,…', ""This is why we are a failing country. He avoids every possible reason for WHY people aren't upset that Luigi killed that guy. Instead he totes about 250 new citi bikes that will make life so much easier for people haha""]",murderous - killed - assassin - death - psychotic - guy - fuck - someone - rampage - prisoners,True,12/19/2024 22:15,12/19/2024 22:15
"Attempts at assassination or successful assassinations are becoming more common in the US.

Probably not a coincidence that this happened shortly after some leftists tried to turn this Luigi thug into a hero.

They don't want to think about the consequences. Disgusting.",7,7_murderer_killer_killed_ceos,"['murderer', 'killer', 'killed', 'ceos', 'innocent', 'death', 'leftists', 'criminals', 'sentenced', 'riots']","['The defender of Luigi Machioni claims that her cliënt has no chance of getting a fair trial! But did Luigi Machioni that CEO Brian Thompson a fair chance? Absolutely not! Without any form of trial, without giving the CEO Thompson a chance to defend himself Luigi Machioni (see 2)', '🆘Shooter-No one will believe Luigi murdered, cowardly shot a man in the back because United didn’t care about his back ache.   a cocky ego like Obama & radicalized which led to careless actions for Obamacare issues for his mentor Obama-Luigi influencer', ""As cool as this picture is it also makes my blood boil. They don't even treat mass shooters like this. Dylann Roof got taken to fucking Burger King after killing 9 Black people, but Luigi pops one CEO and they act like he's the head of ISIS""]",murderer - killer - killed - ceos - innocent - death - leftists - criminals - sentenced - riots,False,12/19/2024 22:12,12/19/2024 22:12
"Context is always subjective. Some people might think you're trying to kill them because you work for an industry they were hurt by. When you condone this attitude, nobody is safe. We could all become unknowing targets of deranged killers who feel emboldened by you & Mangione.",1,1_killer_murderer_donald_assassin,"['killer', 'murderer', 'donald', 'assassin', 'killed', 'kill', 'healthcare', 'guilty', 'innocent', 'trump']","[""why and how is luigi mangione pleading not guilty? obviously he is allowed to do that, but it makes no sense. \n\nnot only do they have fingerprint evidence, but they found him with the weapon and the manifesto. the manifesto implies the crime is something he wants credit for. i'm…"", 'SICKNESS\': Trump goes off on those with an ""appetite"" for elite cold-blooded killer suspect, torching liberals\' viral support of Luigi Mangione and saying, ""I don\'t get it.""', ""why and how is luigi mangione pleading not guilty? not only do they have fingerprint evidence, but they found him with the weapon and the manifesto. the manifesto implies the crime is something he wants credit for. i'm very confused. \n\ni'd love for someone who knows more about…""]",killer - murderer - donald - assassin - killed - kill - healthcare - guilty - innocent - trump,False,12/19/2024 21:12,12/19/2024 21:12
"#auspol #Auspol2024   

  
People being murdered and raped all over New York but all of their resources from the NYPD are used to show off Luigi Mangioni because he killed a rich CEO

No evolution without revolution",1,1_killer_murderer_donald_assassin,"['killer', 'murderer', 'donald', 'assassin', 'killed', 'kill', 'healthcare', 'guilty', 'innocent', 'trump']","[""why and how is luigi mangione pleading not guilty? obviously he is allowed to do that, but it makes no sense. \n\nnot only do they have fingerprint evidence, but they found him with the weapon and the manifesto. the manifesto implies the crime is something he wants credit for. i'm…"", 'SICKNESS\': Trump goes off on those with an ""appetite"" for elite cold-blooded killer suspect, torching liberals\' viral support of Luigi Mangione and saying, ""I don\'t get it.""', ""why and how is luigi mangione pleading not guilty? not only do they have fingerprint evidence, but they found him with the weapon and the manifesto. the manifesto implies the crime is something he wants credit for. i'm very confused. \n\ni'd love for someone who knows more about…""]",killer - murderer - donald - assassin - killed - kill - healthcare - guilty - innocent - trump,False,12/19/2024 19:53,12/19/2024 19:53
cheating on your wife two months after she gave birth to your child with life threatening complications and moving with you to another country to support your career?!? I would do much worse than an essay. Luigi would be my cеll mate,2,2_matter_acted_cause_gun,"['matter', 'acted', 'cause', 'gun', 'murderer', 'guy', 'proven', 'elliot', 'else', 'brother']","[""Luigi (allegedly) committed murder in broad daylight, while it's been proven in a court of law that Kyle acted in self-defense. You're either willfully ignorant of that fact, or just incredibly fucking stupid."", 'So luigi travel across many states line is okay?\n\nKyle travel 15 minutes drive to neighborhood he grew up to defend it from looters\nHe shots in self defense to 3 rioters who chase after him trying to harm him.\n\nLuigi travel thousands of miles\nTo kill a guy\n\nDEM❤️criminals', ""that I don't take sides? I never have and I never will\n\nwhat luigi did was not self defense if it was then it would have been justified as the other self defense thing was""]",matter - acted - cause - gun - murderer - guy - proven - elliot - else - brother,False,12/19/2024 19:27,12/19/2024 19:27
200 police to escort Luigi; What a F'N joke.,2,2_matter_acted_cause_gun,"['matter', 'acted', 'cause', 'gun', 'murderer', 'guy', 'proven', 'elliot', 'else', 'brother']","[""Luigi (allegedly) committed murder in broad daylight, while it's been proven in a court of law that Kyle acted in self-defense. You're either willfully ignorant of that fact, or just incredibly fucking stupid."", 'So luigi travel across many states line is okay?\n\nKyle travel 15 minutes drive to neighborhood he grew up to defend it from looters\nHe shots in self defense to 3 rioters who chase after him trying to harm him.\n\nLuigi travel thousands of miles\nTo kill a guy\n\nDEM❤️criminals', ""that I don't take sides? I never have and I never will\n\nwhat luigi did was not self defense if it was then it would have been justified as the other self defense thing was""]",matter - acted - cause - gun - murderer - guy - proven - elliot - else - brother,False,12/19/2024 18:52,12/19/2024 18:52
THE LEFTS HERO WORSHIP OF LUIGI MANGIONE  via,0,0_mangioni_nick_scumbag_killer,"['mangioni', 'nick', 'scumbag', 'killer', 'hero', 'said', 'guy', 'hes', 'insane', 'much']","['The case of Luigi Mangione is the perfect example of what drives left wing zealotry.\n\nHe was a normal, successful dude. Once he got a debilitating back injury, he became impotent in relation to society. He became angry, hate-filled & resentful. Needed to blame others. Leftist.', 'Idolizing Luigi Mangione is a sign of low IQ\n\nHe is a retard that supposedly shot a dude for being unable to have gay sex anymore due to his back condition.\n\nNot a hero, and accomplished nothing in the grand scheme of things. It changes nothing', '""who did nothing to him* is the most essential part here.\n\nThe protestors blocking a road effectively took a lot of people hostage, the old man simply liberated everyone (based and justified)\n\nLuigi Mangione shot a man in the back who was just walking there.\n(cringe and gay)']",mangioni - nick - scumbag - killer - hero - said - guy - hes - insane - much,False,12/19/2024 18:17,12/19/2024 18:17
"Heard anything that happened with Nazism have anything to do with Luigi Mangione?! He has no relation. 
Hell he is openly said online that he's a leftist 🤣
Bro got no legs of stand on but keeps whining",0,0_mangioni_nick_scumbag_killer,"['mangioni', 'nick', 'scumbag', 'killer', 'hero', 'said', 'guy', 'hes', 'insane', 'much']","['The case of Luigi Mangione is the perfect example of what drives left wing zealotry.\n\nHe was a normal, successful dude. Once he got a debilitating back injury, he became impotent in relation to society. He became angry, hate-filled & resentful. Needed to blame others. Leftist.', 'Idolizing Luigi Mangione is a sign of low IQ\n\nHe is a retard that supposedly shot a dude for being unable to have gay sex anymore due to his back condition.\n\nNot a hero, and accomplished nothing in the grand scheme of things. It changes nothing', '""who did nothing to him* is the most essential part here.\n\nThe protestors blocking a road effectively took a lot of people hostage, the old man simply liberated everyone (based and justified)\n\nLuigi Mangione shot a man in the back who was just walking there.\n(cringe and gay)']",mangioni - nick - scumbag - killer - hero - said - guy - hes - insane - much,False,12/19/2024 18:15,12/19/2024 18:15
"""Mr Mangione, who has now retained a high-profile New York defence lawyer,""

Who is paying for the ""high-profile"" defence lawyer? Definitely a communist.",1,1_killer_murderer_donald_assassin,"['killer', 'murderer', 'donald', 'assassin', 'killed', 'kill', 'healthcare', 'guilty', 'innocent', 'trump']","[""why and how is luigi mangione pleading not guilty? obviously he is allowed to do that, but it makes no sense. \n\nnot only do they have fingerprint evidence, but they found him with the weapon and the manifesto. the manifesto implies the crime is something he wants credit for. i'm…"", 'SICKNESS\': Trump goes off on those with an ""appetite"" for elite cold-blooded killer suspect, torching liberals\' viral support of Luigi Mangione and saying, ""I don\'t get it.""', ""why and how is luigi mangione pleading not guilty? not only do they have fingerprint evidence, but they found him with the weapon and the manifesto. the manifesto implies the crime is something he wants credit for. i'm very confused. \n\ni'd love for someone who knows more about…""]",killer - murderer - donald - assassin - killed - kill - healthcare - guilty - innocent - trump,False,12/19/2024 17:53,12/19/2024 17:53
"Looks like these clowns got lost on their way to Comic-Con. Who knew the only thing more pathetic than Luigi Mangione was his fan club? If ignorance was a protest, this would be the biggest rally of all time. And hey, if they're looking for a fix, maybe they should hit up Robert…",0,0_mangioni_nick_scumbag_killer,"['mangioni', 'nick', 'scumbag', 'killer', 'hero', 'said', 'guy', 'hes', 'insane', 'much']","['The case of Luigi Mangione is the perfect example of what drives left wing zealotry.\n\nHe was a normal, successful dude. Once he got a debilitating back injury, he became impotent in relation to society. He became angry, hate-filled & resentful. Needed to blame others. Leftist.', 'Idolizing Luigi Mangione is a sign of low IQ\n\nHe is a retard that supposedly shot a dude for being unable to have gay sex anymore due to his back condition.\n\nNot a hero, and accomplished nothing in the grand scheme of things. It changes nothing', '""who did nothing to him* is the most essential part here.\n\nThe protestors blocking a road effectively took a lot of people hostage, the old man simply liberated everyone (based and justified)\n\nLuigi Mangione shot a man in the back who was just walking there.\n(cringe and gay)']",mangioni - nick - scumbag - killer - hero - said - guy - hes - insane - much,False,12/19/2024 16:27,12/19/2024 16:27
"Can't believe people are still out there crushing on a(n alleged) killer like Luigi Mangione. It's unheard of. Anyway, time to watch one of the six sexy assassin shows currently on TV. 🥰",1,1_killer_murderer_donald_assassin,"['killer', 'murderer', 'donald', 'assassin', 'killed', 'kill', 'healthcare', 'guilty', 'innocent', 'trump']","[""why and how is luigi mangione pleading not guilty? obviously he is allowed to do that, but it makes no sense. \n\nnot only do they have fingerprint evidence, but they found him with the weapon and the manifesto. the manifesto implies the crime is something he wants credit for. i'm…"", 'SICKNESS\': Trump goes off on those with an ""appetite"" for elite cold-blooded killer suspect, torching liberals\' viral support of Luigi Mangione and saying, ""I don\'t get it.""', ""why and how is luigi mangione pleading not guilty? not only do they have fingerprint evidence, but they found him with the weapon and the manifesto. the manifesto implies the crime is something he wants credit for. i'm very confused. \n\ni'd love for someone who knows more about…""]",killer - murderer - donald - assassin - killed - kill - healthcare - guilty - innocent - trump,False,12/19/2024 15:51,12/19/2024 15:51
what annoys me about this cunt is that he acts like this and then releases a double IPA called Luigi's CEO Blaster,4,4_murderous_killed_assassin_death,"['murderous', 'killed', 'assassin', 'death', 'psychotic', 'guy', 'fuck', 'someone', 'rampage', 'prisoners']","['Elon family vibes? The only time he decided to start showing up with his kids was to use them as human shields after Luigi killed the health insurance CEO.', 'Luigi needed good parenting, a good figurative azz-whooping, and a JOB. \n\nInstead, he was coddled & funded in his dangerous misery by Liberal Microcosms of Society,\n\nwho are hell-bent on keeping vulnerable people poorly-informed & rage-fueled,\n\nbc that’s the only real way they,…', ""This is why we are a failing country. He avoids every possible reason for WHY people aren't upset that Luigi killed that guy. Instead he totes about 250 new citi bikes that will make life so much easier for people haha""]",murderous - killed - assassin - death - psychotic - guy - fuck - someone - rampage - prisoners,False,12/19/2024 7:55,12/19/2024 7:55
Terrorism???😭😭😭😭. Blud committed an atrocity by murdering a ceo,8,8_deserved_fucked_innocent_must,"['deserved', 'fucked', 'innocent', 'must', 'murderer', 'shame', 'evil', 'feared', 'offences', 'murdering']","[""Earth to the undocumented: American citizens love raping (shout out to Donny), shooting their own (refer to Luigi Magione) for that reason you will not be deported. #USA has a poor record stopping domestic terror. Heck, blonde Christian Charles Whitman massacred students in '66."", 'Yeah, you sound like Stalin. And Castro, and Mao. What you are, is a communist. It’s a shame New York doesn’t have the death penalty. Too bad Luigi didn’t do it here in Florida because we would give him the needle 💉 ☠️.', ""Barack Obama's violent activist.\nReal Motive-Obamacare feared\nUnitedHealth taking Obamacare business. Best let Luigi tell citizens that UHealth is bad. Get nation in uproar. Luigi orders from Obama “ Fix it-Luigi then jihad.” 14 yrold girl in WI radicalized to Jihad""]",deserved - fucked - innocent - must - murderer - shame - evil - feared - offences - murdering,False,12/19/2024 5:58,12/19/2024 5:58
"Trump, crystal clear in his denunciation of Luigi.",4,4_murderous_killed_assassin_death,"['murderous', 'killed', 'assassin', 'death', 'psychotic', 'guy', 'fuck', 'someone', 'rampage', 'prisoners']","['Elon family vibes? The only time he decided to start showing up with his kids was to use them as human shields after Luigi killed the health insurance CEO.', 'Luigi needed good parenting, a good figurative azz-whooping, and a JOB. \n\nInstead, he was coddled & funded in his dangerous misery by Liberal Microcosms of Society,\n\nwho are hell-bent on keeping vulnerable people poorly-informed & rage-fueled,\n\nbc that’s the only real way they,…', ""This is why we are a failing country. He avoids every possible reason for WHY people aren't upset that Luigi killed that guy. Instead he totes about 250 new citi bikes that will make life so much easier for people haha""]",murderous - killed - assassin - death - psychotic - guy - fuck - someone - rampage - prisoners,False,12/19/2024 3:24,12/19/2024 3:24
Watch “Rope” by Alfred Hitchcock. I believe that Mangione is just an arrogant elitist trying to get away with a completely senseless murder.,1,1_killer_murderer_donald_assassin,"['killer', 'murderer', 'donald', 'assassin', 'killed', 'kill', 'healthcare', 'guilty', 'innocent', 'trump']","[""why and how is luigi mangione pleading not guilty? obviously he is allowed to do that, but it makes no sense. \n\nnot only do they have fingerprint evidence, but they found him with the weapon and the manifesto. the manifesto implies the crime is something he wants credit for. i'm…"", 'SICKNESS\': Trump goes off on those with an ""appetite"" for elite cold-blooded killer suspect, torching liberals\' viral support of Luigi Mangione and saying, ""I don\'t get it.""', ""why and how is luigi mangione pleading not guilty? not only do they have fingerprint evidence, but they found him with the weapon and the manifesto. the manifesto implies the crime is something he wants credit for. i'm very confused. \n\ni'd love for someone who knows more about…""]",killer - murderer - donald - assassin - killed - kill - healthcare - guilty - innocent - trump,False,12/19/2024 1:43,12/19/2024 1:43
You can’t be mad at Jan 6 and then get on your hands and knees for mangione 😂,5,5_murderous_bombed_terrorists_brendan,"['murderous', 'bombed', 'terrorists', 'brendan', 'detectives', 'wounds', 'prison', 'jesus', 'hunt', 'fully']","[""No proof Mangione did it, plenty of proof he's a rich Nazi\n\nNo proof the GFM raised supposedly in his name went to him, but his lawyer has repeatedly turned down funding offers. So $100k+ has gone to a very likely scam & almost none to ppl in real need bc y'all want heroes so bad"", 'Kyle tried to hunt humans.\n\nKyle got caught trying to hunt humans. \n\nKyle killed humans who realized they were being hunted and tried to defend themselves. \n\nKyle is a murderous sack of shit. \nMangione is a murderous sack of shit.', 'JESUS , I THOUGHT THIS LOUIGI BENADUCI CORLEONE....MANGIONE GUAVACELLI KID WAS SMART...THE ONLY GUYS HE DIDNT GIVE A PHOTO OPP TO WAS  KEEPIN THE GUNW THE SILENCER ..ITS 20 ALONE FOR THE SUPPRESOR THEN COMPLAININ BOUT A BAD BACK...I GOT A BAD BACK KID BAD .']",murderous - bombed - terrorists - brendan - detectives - wounds - prison - jesus - hunt - fully,False,12/18/2024 19:24,12/18/2024 19:24
"American Left has no right to celebrate Luigi Mangione.

Luigi is here because the Left failed to do its job.

A powerful Left base could have been built among the masses after 2008 financial crisis.

Leftists decided focus on Feminism and Transgenderism instead.",0,0_mangioni_nick_scumbag_killer,"['mangioni', 'nick', 'scumbag', 'killer', 'hero', 'said', 'guy', 'hes', 'insane', 'much']","['The case of Luigi Mangione is the perfect example of what drives left wing zealotry.\n\nHe was a normal, successful dude. Once he got a debilitating back injury, he became impotent in relation to society. He became angry, hate-filled & resentful. Needed to blame others. Leftist.', 'Idolizing Luigi Mangione is a sign of low IQ\n\nHe is a retard that supposedly shot a dude for being unable to have gay sex anymore due to his back condition.\n\nNot a hero, and accomplished nothing in the grand scheme of things. It changes nothing', '""who did nothing to him* is the most essential part here.\n\nThe protestors blocking a road effectively took a lot of people hostage, the old man simply liberated everyone (based and justified)\n\nLuigi Mangione shot a man in the back who was just walking there.\n(cringe and gay)']",mangioni - nick - scumbag - killer - hero - said - guy - hes - insane - much,False,12/18/2024 18:02,12/18/2024 18:02
She needs to take Luigi Mangione’s place in prision,0,0_mangioni_nick_scumbag_killer,"['mangioni', 'nick', 'scumbag', 'killer', 'hero', 'said', 'guy', 'hes', 'insane', 'much']","['The case of Luigi Mangione is the perfect example of what drives left wing zealotry.\n\nHe was a normal, successful dude. Once he got a debilitating back injury, he became impotent in relation to society. He became angry, hate-filled & resentful. Needed to blame others. Leftist.', 'Idolizing Luigi Mangione is a sign of low IQ\n\nHe is a retard that supposedly shot a dude for being unable to have gay sex anymore due to his back condition.\n\nNot a hero, and accomplished nothing in the grand scheme of things. It changes nothing', '""who did nothing to him* is the most essential part here.\n\nThe protestors blocking a road effectively took a lot of people hostage, the old man simply liberated everyone (based and justified)\n\nLuigi Mangione shot a man in the back who was just walking there.\n(cringe and gay)']",mangioni - nick - scumbag - killer - hero - said - guy - hes - insane - much,False,12/18/2024 16:56,12/18/2024 16:56
This tweet exists:,0,0_mangioni_nick_scumbag_killer,"['mangioni', 'nick', 'scumbag', 'killer', 'hero', 'said', 'guy', 'hes', 'insane', 'much']","['The case of Luigi Mangione is the perfect example of what drives left wing zealotry.\n\nHe was a normal, successful dude. Once he got a debilitating back injury, he became impotent in relation to society. He became angry, hate-filled & resentful. Needed to blame others. Leftist.', 'Idolizing Luigi Mangione is a sign of low IQ\n\nHe is a retard that supposedly shot a dude for being unable to have gay sex anymore due to his back condition.\n\nNot a hero, and accomplished nothing in the grand scheme of things. It changes nothing', '""who did nothing to him* is the most essential part here.\n\nThe protestors blocking a road effectively took a lot of people hostage, the old man simply liberated everyone (based and justified)\n\nLuigi Mangione shot a man in the back who was just walking there.\n(cringe and gay)']",mangioni - nick - scumbag - killer - hero - said - guy - hes - insane - much,False,12/18/2024 15:39,12/18/2024 15:39
This is the right luigi they should’ve caught ☠️,3,3_danny_hell_guy_everyone,"['danny', 'hell', 'guy', 'everyone', 'strike', 'killed', 'fuck', 'actually', 'crazy', 'disaster']","['Everyone rn: I want Luigi to tear apart my holes and die from bleeding\n\nFav oomf: here are my favorite bakes of the year! ❤️ up next dark chocolate shortbread cookies 🍪🍫🍫👩\u200d🍳', '𝙏𝙝𝙚𝙮 𝙠𝙣𝙤𝙬 𝙬𝙝𝙖𝙩 𝙠𝙞𝙣𝙙 𝙤𝙛 𝙖 𝙥𝙚𝙧𝙨𝙤𝙣 𝙩𝙝𝙚𝙞𝙧 𝙘𝙝𝙞𝙡𝙙 𝙖𝙣𝙮𝙬𝙖𝙮 𝙗𝙚𝙛𝙤𝙧𝙚 𝙞𝙩 𝙝𝙖𝙥𝙥𝙚𝙣. \n\nIn the bible, it is better to discipline your child. \nI believe time will heal, but Luigi is unwell if you observe him very carefully', 'Tone, did ya hear the Luigi kid came out of hiding because he wanted a McFlurry.? You almost can’t blame the dumb little bastard, ya never know when those ice cream machine’s are workin, Skip. Ya gotta strike when the iron’s hot hehe']",danny - hell - guy - everyone - strike - killed - fuck - actually - crazy - disaster,False,12/18/2024 14:02,12/18/2024 14:02
Utter scum and shame on those stupid protestors!! They should be jailed as well!! Free Luigi? - More like execute the thug for what he did!!,7,7_murderer_killer_killed_ceos,"['murderer', 'killer', 'killed', 'ceos', 'innocent', 'death', 'leftists', 'criminals', 'sentenced', 'riots']","['The defender of Luigi Machioni claims that her cliënt has no chance of getting a fair trial! But did Luigi Machioni that CEO Brian Thompson a fair chance? Absolutely not! Without any form of trial, without giving the CEO Thompson a chance to defend himself Luigi Machioni (see 2)', '🆘Shooter-No one will believe Luigi murdered, cowardly shot a man in the back because United didn’t care about his back ache.   a cocky ego like Obama & radicalized which led to careless actions for Obamacare issues for his mentor Obama-Luigi influencer', ""As cool as this picture is it also makes my blood boil. They don't even treat mass shooters like this. Dylann Roof got taken to fucking Burger King after killing 9 Black people, but Luigi pops one CEO and they act like he's the head of ISIS""]",murderer - killer - killed - ceos - innocent - death - leftists - criminals - sentenced - riots,False,12/18/2024 7:48,12/18/2024 7:48
Im sorry he clearly murdred the guy thats not arguable but terrorism????,8,8_deserved_fucked_innocent_must,"['deserved', 'fucked', 'innocent', 'must', 'murderer', 'shame', 'evil', 'feared', 'offences', 'murdering']","[""Earth to the undocumented: American citizens love raping (shout out to Donny), shooting their own (refer to Luigi Magione) for that reason you will not be deported. #USA has a poor record stopping domestic terror. Heck, blonde Christian Charles Whitman massacred students in '66."", 'Yeah, you sound like Stalin. And Castro, and Mao. What you are, is a communist. It’s a shame New York doesn’t have the death penalty. Too bad Luigi didn’t do it here in Florida because we would give him the needle 💉 ☠️.', ""Barack Obama's violent activist.\nReal Motive-Obamacare feared\nUnitedHealth taking Obamacare business. Best let Luigi tell citizens that UHealth is bad. Get nation in uproar. Luigi orders from Obama “ Fix it-Luigi then jihad.” 14 yrold girl in WI radicalized to Jihad""]",deserved - fucked - innocent - must - murderer - shame - evil - feared - offences - murdering,False,12/18/2024 5:57,12/18/2024 5:57
"Trump: ""You're sick if you condone luigi mangione's actions.""
Me:",1,1_killer_murderer_donald_assassin,"['killer', 'murderer', 'donald', 'assassin', 'killed', 'kill', 'healthcare', 'guilty', 'innocent', 'trump']","[""why and how is luigi mangione pleading not guilty? obviously he is allowed to do that, but it makes no sense. \n\nnot only do they have fingerprint evidence, but they found him with the weapon and the manifesto. the manifesto implies the crime is something he wants credit for. i'm…"", 'SICKNESS\': Trump goes off on those with an ""appetite"" for elite cold-blooded killer suspect, torching liberals\' viral support of Luigi Mangione and saying, ""I don\'t get it.""', ""why and how is luigi mangione pleading not guilty? not only do they have fingerprint evidence, but they found him with the weapon and the manifesto. the manifesto implies the crime is something he wants credit for. i'm very confused. \n\ni'd love for someone who knows more about…""]",killer - murderer - donald - assassin - killed - kill - healthcare - guilty - innocent - trump,False,12/18/2024 5:24,12/18/2024 5:24
Probably same people who were wanting to destroy the McDonalds and the worker who helped to turn in Luigi the murderer are against this prank on small business,7,7_murderer_killer_killed_ceos,"['murderer', 'killer', 'killed', 'ceos', 'innocent', 'death', 'leftists', 'criminals', 'sentenced', 'riots']","['The defender of Luigi Machioni claims that her cliënt has no chance of getting a fair trial! But did Luigi Machioni that CEO Brian Thompson a fair chance? Absolutely not! Without any form of trial, without giving the CEO Thompson a chance to defend himself Luigi Machioni (see 2)', '🆘Shooter-No one will believe Luigi murdered, cowardly shot a man in the back because United didn’t care about his back ache.   a cocky ego like Obama & radicalized which led to careless actions for Obamacare issues for his mentor Obama-Luigi influencer', ""As cool as this picture is it also makes my blood boil. They don't even treat mass shooters like this. Dylann Roof got taken to fucking Burger King after killing 9 Black people, but Luigi pops one CEO and they act like he's the head of ISIS""]",murderer - killer - killed - ceos - innocent - death - leftists - criminals - sentenced - riots,False,12/18/2024 4:26,12/18/2024 4:26
"For murdering someone on camera. I don't think so. Kyle defended himself on camera. You all need to face it. Luigi is going to be locked up for life. Kyle had his trial, was acquitted and is living his life.",2,2_matter_acted_cause_gun,"['matter', 'acted', 'cause', 'gun', 'murderer', 'guy', 'proven', 'elliot', 'else', 'brother']","[""Luigi (allegedly) committed murder in broad daylight, while it's been proven in a court of law that Kyle acted in self-defense. You're either willfully ignorant of that fact, or just incredibly fucking stupid."", 'So luigi travel across many states line is okay?\n\nKyle travel 15 minutes drive to neighborhood he grew up to defend it from looters\nHe shots in self defense to 3 rioters who chase after him trying to harm him.\n\nLuigi travel thousands of miles\nTo kill a guy\n\nDEM❤️criminals', ""that I don't take sides? I never have and I never will\n\nwhat luigi did was not self defense if it was then it would have been justified as the other self defense thing was""]",matter - acted - cause - gun - murderer - guy - proven - elliot - else - brother,False,12/18/2024 4:13,12/18/2024 4:13
"""Social media has erupted with praise for this cowardly attack. Let me say this plainly. There is no heroism in what Mangione did"", she added.",5,5_murderous_bombed_terrorists_brendan,"['murderous', 'bombed', 'terrorists', 'brendan', 'detectives', 'wounds', 'prison', 'jesus', 'hunt', 'fully']","[""No proof Mangione did it, plenty of proof he's a rich Nazi\n\nNo proof the GFM raised supposedly in his name went to him, but his lawyer has repeatedly turned down funding offers. So $100k+ has gone to a very likely scam & almost none to ppl in real need bc y'all want heroes so bad"", 'Kyle tried to hunt humans.\n\nKyle got caught trying to hunt humans. \n\nKyle killed humans who realized they were being hunted and tried to defend themselves. \n\nKyle is a murderous sack of shit. \nMangione is a murderous sack of shit.', 'JESUS , I THOUGHT THIS LOUIGI BENADUCI CORLEONE....MANGIONE GUAVACELLI KID WAS SMART...THE ONLY GUYS HE DIDNT GIVE A PHOTO OPP TO WAS  KEEPIN THE GUNW THE SILENCER ..ITS 20 ALONE FOR THE SUPPRESOR THEN COMPLAININ BOUT A BAD BACK...I GOT A BAD BACK KID BAD .']",murderous - bombed - terrorists - brendan - detectives - wounds - prison - jesus - hunt - fully,False,12/18/2024 4:10,12/18/2024 4:10
He is a terrorist. You are a propagandist and fascist. And your push for Obamacare created massive increases in costs. The CEO was trying to stop corruption btw and Luigi's parents owned hospitals and were worth way more than the CEO who you supported being shot,8,8_deserved_fucked_innocent_must,"['deserved', 'fucked', 'innocent', 'must', 'murderer', 'shame', 'evil', 'feared', 'offences', 'murdering']","[""Earth to the undocumented: American citizens love raping (shout out to Donny), shooting their own (refer to Luigi Magione) for that reason you will not be deported. #USA has a poor record stopping domestic terror. Heck, blonde Christian Charles Whitman massacred students in '66."", 'Yeah, you sound like Stalin. And Castro, and Mao. What you are, is a communist. It’s a shame New York doesn’t have the death penalty. Too bad Luigi didn’t do it here in Florida because we would give him the needle 💉 ☠️.', ""Barack Obama's violent activist.\nReal Motive-Obamacare feared\nUnitedHealth taking Obamacare business. Best let Luigi tell citizens that UHealth is bad. Get nation in uproar. Luigi orders from Obama “ Fix it-Luigi then jihad.” 14 yrold girl in WI radicalized to Jihad""]",deserved - fucked - innocent - must - murderer - shame - evil - feared - offences - murdering,False,12/18/2024 3:43,12/18/2024 3:43
"It’s insane really 

I take solace in the fact it doesn’t fucking matter what they think at the end of the day. Kyle was released & Luigi will be spending eternity behind bars",2,2_matter_acted_cause_gun,"['matter', 'acted', 'cause', 'gun', 'murderer', 'guy', 'proven', 'elliot', 'else', 'brother']","[""Luigi (allegedly) committed murder in broad daylight, while it's been proven in a court of law that Kyle acted in self-defense. You're either willfully ignorant of that fact, or just incredibly fucking stupid."", 'So luigi travel across many states line is okay?\n\nKyle travel 15 minutes drive to neighborhood he grew up to defend it from looters\nHe shots in self defense to 3 rioters who chase after him trying to harm him.\n\nLuigi travel thousands of miles\nTo kill a guy\n\nDEM❤️criminals', ""that I don't take sides? I never have and I never will\n\nwhat luigi did was not self defense if it was then it would have been justified as the other self defense thing was""]",matter - acted - cause - gun - murderer - guy - proven - elliot - else - brother,False,12/18/2024 2:11,12/18/2024 2:11
"She better be careful because she COULD PUSH SOMEONE who is twisted like LUIGI, and apparently be totally RESPONSIBLE FOR SOMEONE ELSE TO GET RID OF HER.. and she’s definitely pushed people too far.. so ALL BETS ARE OFF NOW! She is EVIL and DESPICABLE justifying a murder!",2,2_matter_acted_cause_gun,"['matter', 'acted', 'cause', 'gun', 'murderer', 'guy', 'proven', 'elliot', 'else', 'brother']","[""Luigi (allegedly) committed murder in broad daylight, while it's been proven in a court of law that Kyle acted in self-defense. You're either willfully ignorant of that fact, or just incredibly fucking stupid."", 'So luigi travel across many states line is okay?\n\nKyle travel 15 minutes drive to neighborhood he grew up to defend it from looters\nHe shots in self defense to 3 rioters who chase after him trying to harm him.\n\nLuigi travel thousands of miles\nTo kill a guy\n\nDEM❤️criminals', ""that I don't take sides? I never have and I never will\n\nwhat luigi did was not self defense if it was then it would have been justified as the other self defense thing was""]",matter - acted - cause - gun - murderer - guy - proven - elliot - else - brother,False,12/18/2024 1:03,12/18/2024 1:03
Luigi Twists the narrative and decided to shoot someone in the back when he could have done so much good with the opportunities he has been given. He’s deluded and NOT A HERO and people are INSANE NOW! The world is going backwards!,4,4_murderous_killed_assassin_death,"['murderous', 'killed', 'assassin', 'death', 'psychotic', 'guy', 'fuck', 'someone', 'rampage', 'prisoners']","['Elon family vibes? The only time he decided to start showing up with his kids was to use them as human shields after Luigi killed the health insurance CEO.', 'Luigi needed good parenting, a good figurative azz-whooping, and a JOB. \n\nInstead, he was coddled & funded in his dangerous misery by Liberal Microcosms of Society,\n\nwho are hell-bent on keeping vulnerable people poorly-informed & rage-fueled,\n\nbc that’s the only real way they,…', ""This is why we are a failing country. He avoids every possible reason for WHY people aren't upset that Luigi killed that guy. Instead he totes about 250 new citi bikes that will make life so much easier for people haha""]",murderous - killed - assassin - death - psychotic - guy - fuck - someone - rampage - prisoners,False,12/17/2024 21:46,12/17/2024 21:46
I hate this acc bcz every time it pops up on my tml I have to find that damn fuck Luigi. I'm obsessed,3,3_danny_hell_guy_everyone,"['danny', 'hell', 'guy', 'everyone', 'strike', 'killed', 'fuck', 'actually', 'crazy', 'disaster']","['Everyone rn: I want Luigi to tear apart my holes and die from bleeding\n\nFav oomf: here are my favorite bakes of the year! ❤️ up next dark chocolate shortbread cookies 🍪🍫🍫👩\u200d🍳', '𝙏𝙝𝙚𝙮 𝙠𝙣𝙤𝙬 𝙬𝙝𝙖𝙩 𝙠𝙞𝙣𝙙 𝙤𝙛 𝙖 𝙥𝙚𝙧𝙨𝙤𝙣 𝙩𝙝𝙚𝙞𝙧 𝙘𝙝𝙞𝙡𝙙 𝙖𝙣𝙮𝙬𝙖𝙮 𝙗𝙚𝙛𝙤𝙧𝙚 𝙞𝙩 𝙝𝙖𝙥𝙥𝙚𝙣. \n\nIn the bible, it is better to discipline your child. \nI believe time will heal, but Luigi is unwell if you observe him very carefully', 'Tone, did ya hear the Luigi kid came out of hiding because he wanted a McFlurry.? You almost can’t blame the dumb little bastard, ya never know when those ice cream machine’s are workin, Skip. Ya gotta strike when the iron’s hot hehe']",danny - hell - guy - everyone - strike - killed - fuck - actually - crazy - disaster,False,12/17/2024 21:06,12/17/2024 21:06
"Luigi Mangolin looks innocent, but psychopaths do too. Don’t be fooled by charm. Some of the worst criminals hide behind the nicest faces. STOP ROMANTICISING MONSTERS!",7,7_murderer_killer_killed_ceos,"['murderer', 'killer', 'killed', 'ceos', 'innocent', 'death', 'leftists', 'criminals', 'sentenced', 'riots']","['The defender of Luigi Machioni claims that her cliënt has no chance of getting a fair trial! But did Luigi Machioni that CEO Brian Thompson a fair chance? Absolutely not! Without any form of trial, without giving the CEO Thompson a chance to defend himself Luigi Machioni (see 2)', '🆘Shooter-No one will believe Luigi murdered, cowardly shot a man in the back because United didn’t care about his back ache.   a cocky ego like Obama & radicalized which led to careless actions for Obamacare issues for his mentor Obama-Luigi influencer', ""As cool as this picture is it also makes my blood boil. They don't even treat mass shooters like this. Dylann Roof got taken to fucking Burger King after killing 9 Black people, but Luigi pops one CEO and they act like he's the head of ISIS""]",murderer - killer - killed - ceos - innocent - death - leftists - criminals - sentenced - riots,False,12/17/2024 17:34,12/17/2024 17:34
"How I see Luigi: 

Loses ability to have sex: Thrill is gone 

Decides to become a vigilante after reading Unibomber manifesto: Thrill is back",4,4_murderous_killed_assassin_death,"['murderous', 'killed', 'assassin', 'death', 'psychotic', 'guy', 'fuck', 'someone', 'rampage', 'prisoners']","['Elon family vibes? The only time he decided to start showing up with his kids was to use them as human shields after Luigi killed the health insurance CEO.', 'Luigi needed good parenting, a good figurative azz-whooping, and a JOB. \n\nInstead, he was coddled & funded in his dangerous misery by Liberal Microcosms of Society,\n\nwho are hell-bent on keeping vulnerable people poorly-informed & rage-fueled,\n\nbc that’s the only real way they,…', ""This is why we are a failing country. He avoids every possible reason for WHY people aren't upset that Luigi killed that guy. Instead he totes about 250 new citi bikes that will make life so much easier for people haha""]",murderous - killed - assassin - death - psychotic - guy - fuck - someone - rampage - prisoners,False,12/17/2024 17:17,12/17/2024 17:17
Luigi is getting rich guy justice,4,4_murderous_killed_assassin_death,"['murderous', 'killed', 'assassin', 'death', 'psychotic', 'guy', 'fuck', 'someone', 'rampage', 'prisoners']","['Elon family vibes? The only time he decided to start showing up with his kids was to use them as human shields after Luigi killed the health insurance CEO.', 'Luigi needed good parenting, a good figurative azz-whooping, and a JOB. \n\nInstead, he was coddled & funded in his dangerous misery by Liberal Microcosms of Society,\n\nwho are hell-bent on keeping vulnerable people poorly-informed & rage-fueled,\n\nbc that’s the only real way they,…', ""This is why we are a failing country. He avoids every possible reason for WHY people aren't upset that Luigi killed that guy. Instead he totes about 250 new citi bikes that will make life so much easier for people haha""]",murderous - killed - assassin - death - psychotic - guy - fuck - someone - rampage - prisoners,False,12/17/2024 17:16,12/17/2024 17:16
"Tell me your stance on these. We don't have a gun problem. We have a mental illness problem. Also, you fcks are praising Luigi. You can't have it both ways. Go take your hormones for your transition",2,2_matter_acted_cause_gun,"['matter', 'acted', 'cause', 'gun', 'murderer', 'guy', 'proven', 'elliot', 'else', 'brother']","[""Luigi (allegedly) committed murder in broad daylight, while it's been proven in a court of law that Kyle acted in self-defense. You're either willfully ignorant of that fact, or just incredibly fucking stupid."", 'So luigi travel across many states line is okay?\n\nKyle travel 15 minutes drive to neighborhood he grew up to defend it from looters\nHe shots in self defense to 3 rioters who chase after him trying to harm him.\n\nLuigi travel thousands of miles\nTo kill a guy\n\nDEM❤️criminals', ""that I don't take sides? I never have and I never will\n\nwhat luigi did was not self defense if it was then it would have been justified as the other self defense thing was""]",matter - acted - cause - gun - murderer - guy - proven - elliot - else - brother,False,12/17/2024 14:31,12/17/2024 14:31
"“Despite his well-formed abdominal muscles, Mangione is not the Nat Turner of Jason Bournes. He is just a privileged rich kid who used violence to settle a personal score.”

Personal sxore? He wasn’t even insured by United.",1,1_killer_murderer_donald_assassin,"['killer', 'murderer', 'donald', 'assassin', 'killed', 'kill', 'healthcare', 'guilty', 'innocent', 'trump']","[""why and how is luigi mangione pleading not guilty? obviously he is allowed to do that, but it makes no sense. \n\nnot only do they have fingerprint evidence, but they found him with the weapon and the manifesto. the manifesto implies the crime is something he wants credit for. i'm…"", 'SICKNESS\': Trump goes off on those with an ""appetite"" for elite cold-blooded killer suspect, torching liberals\' viral support of Luigi Mangione and saying, ""I don\'t get it.""', ""why and how is luigi mangione pleading not guilty? not only do they have fingerprint evidence, but they found him with the weapon and the manifesto. the manifesto implies the crime is something he wants credit for. i'm very confused. \n\ni'd love for someone who knows more about…""]",killer - murderer - donald - assassin - killed - kill - healthcare - guilty - innocent - trump,False,12/17/2024 14:29,12/17/2024 14:29
"Well, with Luigi, no wonder!",3,3_danny_hell_guy_everyone,"['danny', 'hell', 'guy', 'everyone', 'strike', 'killed', 'fuck', 'actually', 'crazy', 'disaster']","['Everyone rn: I want Luigi to tear apart my holes and die from bleeding\n\nFav oomf: here are my favorite bakes of the year! ❤️ up next dark chocolate shortbread cookies 🍪🍫🍫👩\u200d🍳', '𝙏𝙝𝙚𝙮 𝙠𝙣𝙤𝙬 𝙬𝙝𝙖𝙩 𝙠𝙞𝙣𝙙 𝙤𝙛 𝙖 𝙥𝙚𝙧𝙨𝙤𝙣 𝙩𝙝𝙚𝙞𝙧 𝙘𝙝𝙞𝙡𝙙 𝙖𝙣𝙮𝙬𝙖𝙮 𝙗𝙚𝙛𝙤𝙧𝙚 𝙞𝙩 𝙝𝙖𝙥𝙥𝙚𝙣. \n\nIn the bible, it is better to discipline your child. \nI believe time will heal, but Luigi is unwell if you observe him very carefully', 'Tone, did ya hear the Luigi kid came out of hiding because he wanted a McFlurry.? You almost can’t blame the dumb little bastard, ya never know when those ice cream machine’s are workin, Skip. Ya gotta strike when the iron’s hot hehe']",danny - hell - guy - everyone - strike - killed - fuck - actually - crazy - disaster,False,12/17/2024 14:25,12/17/2024 14:25
You’re like those women simping for mangione I thought you were better than that,5,5_murderous_bombed_terrorists_brendan,"['murderous', 'bombed', 'terrorists', 'brendan', 'detectives', 'wounds', 'prison', 'jesus', 'hunt', 'fully']","[""No proof Mangione did it, plenty of proof he's a rich Nazi\n\nNo proof the GFM raised supposedly in his name went to him, but his lawyer has repeatedly turned down funding offers. So $100k+ has gone to a very likely scam & almost none to ppl in real need bc y'all want heroes so bad"", 'Kyle tried to hunt humans.\n\nKyle got caught trying to hunt humans. \n\nKyle killed humans who realized they were being hunted and tried to defend themselves. \n\nKyle is a murderous sack of shit. \nMangione is a murderous sack of shit.', 'JESUS , I THOUGHT THIS LOUIGI BENADUCI CORLEONE....MANGIONE GUAVACELLI KID WAS SMART...THE ONLY GUYS HE DIDNT GIVE A PHOTO OPP TO WAS  KEEPIN THE GUNW THE SILENCER ..ITS 20 ALONE FOR THE SUPPRESOR THEN COMPLAININ BOUT A BAD BACK...I GOT A BAD BACK KID BAD .']",murderous - bombed - terrorists - brendan - detectives - wounds - prison - jesus - hunt - fully,False,12/17/2024 13:07,12/17/2024 13:07
One of these criminals should be jail and the other is Luigi.,2,2_matter_acted_cause_gun,"['matter', 'acted', 'cause', 'gun', 'murderer', 'guy', 'proven', 'elliot', 'else', 'brother']","[""Luigi (allegedly) committed murder in broad daylight, while it's been proven in a court of law that Kyle acted in self-defense. You're either willfully ignorant of that fact, or just incredibly fucking stupid."", 'So luigi travel across many states line is okay?\n\nKyle travel 15 minutes drive to neighborhood he grew up to defend it from looters\nHe shots in self defense to 3 rioters who chase after him trying to harm him.\n\nLuigi travel thousands of miles\nTo kill a guy\n\nDEM❤️criminals', ""that I don't take sides? I never have and I never will\n\nwhat luigi did was not self defense if it was then it would have been justified as the other self defense thing was""]",matter - acted - cause - gun - murderer - guy - proven - elliot - else - brother,False,12/17/2024 11:18,12/17/2024 11:18
"If no one does the Luigi Mangione's to some  CEO,  manager or Even a player/couch this will go on and on and on",0,0_mangioni_nick_scumbag_killer,"['mangioni', 'nick', 'scumbag', 'killer', 'hero', 'said', 'guy', 'hes', 'insane', 'much']","['The case of Luigi Mangione is the perfect example of what drives left wing zealotry.\n\nHe was a normal, successful dude. Once he got a debilitating back injury, he became impotent in relation to society. He became angry, hate-filled & resentful. Needed to blame others. Leftist.', 'Idolizing Luigi Mangione is a sign of low IQ\n\nHe is a retard that supposedly shot a dude for being unable to have gay sex anymore due to his back condition.\n\nNot a hero, and accomplished nothing in the grand scheme of things. It changes nothing', '""who did nothing to him* is the most essential part here.\n\nThe protestors blocking a road effectively took a lot of people hostage, the old man simply liberated everyone (based and justified)\n\nLuigi Mangione shot a man in the back who was just walking there.\n(cringe and gay)']",mangioni - nick - scumbag - killer - hero - said - guy - hes - insane - much,False,12/17/2024 4:33,12/17/2024 4:33
"Stop whining about the CEO already. Luigi will pay, and I'm not shedding a tear.
Btw, he would have sent you to your death with no qualms whatsoever.",4,4_murderous_killed_assassin_death,"['murderous', 'killed', 'assassin', 'death', 'psychotic', 'guy', 'fuck', 'someone', 'rampage', 'prisoners']","['Elon family vibes? The only time he decided to start showing up with his kids was to use them as human shields after Luigi killed the health insurance CEO.', 'Luigi needed good parenting, a good figurative azz-whooping, and a JOB. \n\nInstead, he was coddled & funded in his dangerous misery by Liberal Microcosms of Society,\n\nwho are hell-bent on keeping vulnerable people poorly-informed & rage-fueled,\n\nbc that’s the only real way they,…', ""This is why we are a failing country. He avoids every possible reason for WHY people aren't upset that Luigi killed that guy. Instead he totes about 250 new citi bikes that will make life so much easier for people haha""]",murderous - killed - assassin - death - psychotic - guy - fuck - someone - rampage - prisoners,False,12/17/2024 4:05,12/17/2024 4:05
Luigi went crazy driving,3,3_danny_hell_guy_everyone,"['danny', 'hell', 'guy', 'everyone', 'strike', 'killed', 'fuck', 'actually', 'crazy', 'disaster']","['Everyone rn: I want Luigi to tear apart my holes and die from bleeding\n\nFav oomf: here are my favorite bakes of the year! ❤️ up next dark chocolate shortbread cookies 🍪🍫🍫👩\u200d🍳', '𝙏𝙝𝙚𝙮 𝙠𝙣𝙤𝙬 𝙬𝙝𝙖𝙩 𝙠𝙞𝙣𝙙 𝙤𝙛 𝙖 𝙥𝙚𝙧𝙨𝙤𝙣 𝙩𝙝𝙚𝙞𝙧 𝙘𝙝𝙞𝙡𝙙 𝙖𝙣𝙮𝙬𝙖𝙮 𝙗𝙚𝙛𝙤𝙧𝙚 𝙞𝙩 𝙝𝙖𝙥𝙥𝙚𝙣. \n\nIn the bible, it is better to discipline your child. \nI believe time will heal, but Luigi is unwell if you observe him very carefully', 'Tone, did ya hear the Luigi kid came out of hiding because he wanted a McFlurry.? You almost can’t blame the dumb little bastard, ya never know when those ice cream machine’s are workin, Skip. Ya gotta strike when the iron’s hot hehe']",danny - hell - guy - everyone - strike - killed - fuck - actually - crazy - disaster,False,12/17/2024 1:56,12/17/2024 1:56
Luigi had a 3d printed gun you soggy fart,3,3_danny_hell_guy_everyone,"['danny', 'hell', 'guy', 'everyone', 'strike', 'killed', 'fuck', 'actually', 'crazy', 'disaster']","['Everyone rn: I want Luigi to tear apart my holes and die from bleeding\n\nFav oomf: here are my favorite bakes of the year! ❤️ up next dark chocolate shortbread cookies 🍪🍫🍫👩\u200d🍳', '𝙏𝙝𝙚𝙮 𝙠𝙣𝙤𝙬 𝙬𝙝𝙖𝙩 𝙠𝙞𝙣𝙙 𝙤𝙛 𝙖 𝙥𝙚𝙧𝙨𝙤𝙣 𝙩𝙝𝙚𝙞𝙧 𝙘𝙝𝙞𝙡𝙙 𝙖𝙣𝙮𝙬𝙖𝙮 𝙗𝙚𝙛𝙤𝙧𝙚 𝙞𝙩 𝙝𝙖𝙥𝙥𝙚𝙣. \n\nIn the bible, it is better to discipline your child. \nI believe time will heal, but Luigi is unwell if you observe him very carefully', 'Tone, did ya hear the Luigi kid came out of hiding because he wanted a McFlurry.? You almost can’t blame the dumb little bastard, ya never know when those ice cream machine’s are workin, Skip. Ya gotta strike when the iron’s hot hehe']",danny - hell - guy - everyone - strike - killed - fuck - actually - crazy - disaster,False,12/16/2024 23:48,12/16/2024 23:48
Why didn’t he make this statement after Luigi shot Brian Thompson?,2,2_matter_acted_cause_gun,"['matter', 'acted', 'cause', 'gun', 'murderer', 'guy', 'proven', 'elliot', 'else', 'brother']","[""Luigi (allegedly) committed murder in broad daylight, while it's been proven in a court of law that Kyle acted in self-defense. You're either willfully ignorant of that fact, or just incredibly fucking stupid."", 'So luigi travel across many states line is okay?\n\nKyle travel 15 minutes drive to neighborhood he grew up to defend it from looters\nHe shots in self defense to 3 rioters who chase after him trying to harm him.\n\nLuigi travel thousands of miles\nTo kill a guy\n\nDEM❤️criminals', ""that I don't take sides? I never have and I never will\n\nwhat luigi did was not self defense if it was then it would have been justified as the other self defense thing was""]",matter - acted - cause - gun - murderer - guy - proven - elliot - else - brother,False,12/16/2024 23:00,12/16/2024 23:00
"Odd how there was no call after Luigi killed the CEO…
🤷",4,4_murderous_killed_assassin_death,"['murderous', 'killed', 'assassin', 'death', 'psychotic', 'guy', 'fuck', 'someone', 'rampage', 'prisoners']","['Elon family vibes? The only time he decided to start showing up with his kids was to use them as human shields after Luigi killed the health insurance CEO.', 'Luigi needed good parenting, a good figurative azz-whooping, and a JOB. \n\nInstead, he was coddled & funded in his dangerous misery by Liberal Microcosms of Society,\n\nwho are hell-bent on keeping vulnerable people poorly-informed & rage-fueled,\n\nbc that’s the only real way they,…', ""This is why we are a failing country. He avoids every possible reason for WHY people aren't upset that Luigi killed that guy. Instead he totes about 250 new citi bikes that will make life so much easier for people haha""]",murderous - killed - assassin - death - psychotic - guy - fuck - someone - rampage - prisoners,False,12/16/2024 22:34,12/16/2024 22:34
"👀I seen animals die, it's the natural part of nature. 
Luigi Mangione did more killing that CEO then any Hunter does needlessly killing deer for sport.
Sit out in the woods, you don't need to have tiny pp syndrome and want to kill the nature your in!🤮",0,0_mangioni_nick_scumbag_killer,"['mangioni', 'nick', 'scumbag', 'killer', 'hero', 'said', 'guy', 'hes', 'insane', 'much']","['The case of Luigi Mangione is the perfect example of what drives left wing zealotry.\n\nHe was a normal, successful dude. Once he got a debilitating back injury, he became impotent in relation to society. He became angry, hate-filled & resentful. Needed to blame others. Leftist.', 'Idolizing Luigi Mangione is a sign of low IQ\n\nHe is a retard that supposedly shot a dude for being unable to have gay sex anymore due to his back condition.\n\nNot a hero, and accomplished nothing in the grand scheme of things. It changes nothing', '""who did nothing to him* is the most essential part here.\n\nThe protestors blocking a road effectively took a lot of people hostage, the old man simply liberated everyone (based and justified)\n\nLuigi Mangione shot a man in the back who was just walking there.\n(cringe and gay)']",mangioni - nick - scumbag - killer - hero - said - guy - hes - insane - much,False,12/16/2024 21:57,12/16/2024 21:57
"Donald Trump On Luigi Mangione:

“How people can like this guy…that’s a sickness”",1,1_killer_murderer_donald_assassin,"['killer', 'murderer', 'donald', 'assassin', 'killed', 'kill', 'healthcare', 'guilty', 'innocent', 'trump']","[""why and how is luigi mangione pleading not guilty? obviously he is allowed to do that, but it makes no sense. \n\nnot only do they have fingerprint evidence, but they found him with the weapon and the manifesto. the manifesto implies the crime is something he wants credit for. i'm…"", 'SICKNESS\': Trump goes off on those with an ""appetite"" for elite cold-blooded killer suspect, torching liberals\' viral support of Luigi Mangione and saying, ""I don\'t get it.""', ""why and how is luigi mangione pleading not guilty? not only do they have fingerprint evidence, but they found him with the weapon and the manifesto. the manifesto implies the crime is something he wants credit for. i'm very confused. \n\ni'd love for someone who knows more about…""]",killer - murderer - donald - assassin - killed - kill - healthcare - guilty - innocent - trump,False,12/16/2024 21:52,12/16/2024 21:52
I love how much I can upset the left they always need to be reminded what they are and that those who worship luigi are the same people who worship dahmer or Bundy,4,4_murderous_killed_assassin_death,"['murderous', 'killed', 'assassin', 'death', 'psychotic', 'guy', 'fuck', 'someone', 'rampage', 'prisoners']","['Elon family vibes? The only time he decided to start showing up with his kids was to use them as human shields after Luigi killed the health insurance CEO.', 'Luigi needed good parenting, a good figurative azz-whooping, and a JOB. \n\nInstead, he was coddled & funded in his dangerous misery by Liberal Microcosms of Society,\n\nwho are hell-bent on keeping vulnerable people poorly-informed & rage-fueled,\n\nbc that’s the only real way they,…', ""This is why we are a failing country. He avoids every possible reason for WHY people aren't upset that Luigi killed that guy. Instead he totes about 250 new citi bikes that will make life so much easier for people haha""]",murderous - killed - assassin - death - psychotic - guy - fuck - someone - rampage - prisoners,False,12/16/2024 20:54,12/16/2024 20:54
Now you have a problem with guns yet you were praising Luigi as a heron last week for shooting the CEO,2,2_matter_acted_cause_gun,"['matter', 'acted', 'cause', 'gun', 'murderer', 'guy', 'proven', 'elliot', 'else', 'brother']","[""Luigi (allegedly) committed murder in broad daylight, while it's been proven in a court of law that Kyle acted in self-defense. You're either willfully ignorant of that fact, or just incredibly fucking stupid."", 'So luigi travel across many states line is okay?\n\nKyle travel 15 minutes drive to neighborhood he grew up to defend it from looters\nHe shots in self defense to 3 rioters who chase after him trying to harm him.\n\nLuigi travel thousands of miles\nTo kill a guy\n\nDEM❤️criminals', ""that I don't take sides? I never have and I never will\n\nwhat luigi did was not self defense if it was then it would have been justified as the other self defense thing was""]",matter - acted - cause - gun - murderer - guy - proven - elliot - else - brother,False,12/16/2024 20:14,12/16/2024 20:14
"‘Sometimes drug dealers get shot’ – Chris Rock on UnitedHealthcare CEO killing

RT",9,9_crimes_arrested_killer_perpetrator,"['crimes', 'arrested', 'killer', 'perpetrator', 'vicious', 'baron', 'sin', 'hero', 'trending', 'police']","['Pennsylvania Governor Josh Shapiro goes off on people who are celebrating Luigi Mangione for allegedly murdering UnitedHealthcare CEO Brian Thompson.\n\n""In America, we do not kill people in cold blood to resolve policy differences or to express a viewpoint.""\n\nHe calls it…', 'Healthcare boss Brian Thompson’s killer may have fled New York, police say, via   \n\nUnless its blizzard snow. Im of the opinion people wearing hoodies covered up should be shot by default. As normally speaking their obviously up to no good.', 'Person who deleted/erased CEO of UnitedHealthCare is illegal immigrant came from Latin Spanish countries like Venezuela 🇻🇪 travel from Atlanta, Georgia to New York City and left state of New York in United States Of America. This is migrant crime related.\n\n~ Baron Tremayne Caple']",crimes - arrested - killer - perpetrator - vicious - baron - sin - hero - trending - police,False,12/16/2024 20:08,12/16/2024 20:08
"SICKNESS': Trump goes off on those with an ""appetite"" for elite cold-blooded killer suspect, torching liberals' viral support of Luigi Mangione and saying, ""I don't get it.""",1,1_killer_murderer_donald_assassin,"['killer', 'murderer', 'donald', 'assassin', 'killed', 'kill', 'healthcare', 'guilty', 'innocent', 'trump']","[""why and how is luigi mangione pleading not guilty? obviously he is allowed to do that, but it makes no sense. \n\nnot only do they have fingerprint evidence, but they found him with the weapon and the manifesto. the manifesto implies the crime is something he wants credit for. i'm…"", 'SICKNESS\': Trump goes off on those with an ""appetite"" for elite cold-blooded killer suspect, torching liberals\' viral support of Luigi Mangione and saying, ""I don\'t get it.""', ""why and how is luigi mangione pleading not guilty? not only do they have fingerprint evidence, but they found him with the weapon and the manifesto. the manifesto implies the crime is something he wants credit for. i'm very confused. \n\ni'd love for someone who knows more about…""]",killer - murderer - donald - assassin - killed - kill - healthcare - guilty - innocent - trump,True,12/16/2024 20:00,12/16/2024 20:00
"Donald Trump slams those who support Luigi Mangione following his arrest:

“That’s a sickness…There seems to be an appetite for him — I don’t get it.”",1,1_killer_murderer_donald_assassin,"['killer', 'murderer', 'donald', 'assassin', 'killed', 'kill', 'healthcare', 'guilty', 'innocent', 'trump']","[""why and how is luigi mangione pleading not guilty? obviously he is allowed to do that, but it makes no sense. \n\nnot only do they have fingerprint evidence, but they found him with the weapon and the manifesto. the manifesto implies the crime is something he wants credit for. i'm…"", 'SICKNESS\': Trump goes off on those with an ""appetite"" for elite cold-blooded killer suspect, torching liberals\' viral support of Luigi Mangione and saying, ""I don\'t get it.""', ""why and how is luigi mangione pleading not guilty? not only do they have fingerprint evidence, but they found him with the weapon and the manifesto. the manifesto implies the crime is something he wants credit for. i'm very confused. \n\ni'd love for someone who knows more about…""]",killer - murderer - donald - assassin - killed - kill - healthcare - guilty - innocent - trump,False,12/16/2024 19:38,12/16/2024 19:38
"You never mentioned ""It's the guns"" after Luigi fired his gun.

You're a shill.",2,2_matter_acted_cause_gun,"['matter', 'acted', 'cause', 'gun', 'murderer', 'guy', 'proven', 'elliot', 'else', 'brother']","[""Luigi (allegedly) committed murder in broad daylight, while it's been proven in a court of law that Kyle acted in self-defense. You're either willfully ignorant of that fact, or just incredibly fucking stupid."", 'So luigi travel across many states line is okay?\n\nKyle travel 15 minutes drive to neighborhood he grew up to defend it from looters\nHe shots in self defense to 3 rioters who chase after him trying to harm him.\n\nLuigi travel thousands of miles\nTo kill a guy\n\nDEM❤️criminals', ""that I don't take sides? I never have and I never will\n\nwhat luigi did was not self defense if it was then it would have been justified as the other self defense thing was""]",matter - acted - cause - gun - murderer - guy - proven - elliot - else - brother,False,12/16/2024 19:23,12/16/2024 19:23
Disney-themed DJ concert featured images of UnitedHealthcare CEO murderer Luigi Mangione,9,9_crimes_arrested_killer_perpetrator,"['crimes', 'arrested', 'killer', 'perpetrator', 'vicious', 'baron', 'sin', 'hero', 'trending', 'police']","['Pennsylvania Governor Josh Shapiro goes off on people who are celebrating Luigi Mangione for allegedly murdering UnitedHealthcare CEO Brian Thompson.\n\n""In America, we do not kill people in cold blood to resolve policy differences or to express a viewpoint.""\n\nHe calls it…', 'Healthcare boss Brian Thompson’s killer may have fled New York, police say, via   \n\nUnless its blizzard snow. Im of the opinion people wearing hoodies covered up should be shot by default. As normally speaking their obviously up to no good.', 'Person who deleted/erased CEO of UnitedHealthCare is illegal immigrant came from Latin Spanish countries like Venezuela 🇻🇪 travel from Atlanta, Georgia to New York City and left state of New York in United States Of America. This is migrant crime related.\n\n~ Baron Tremayne Caple']",crimes - arrested - killer - perpetrator - vicious - baron - sin - hero - trending - police,False,12/16/2024 19:00,12/16/2024 19:00
This argument sucks ass because if Luigi stabbed that animal we would still be cheering.,2,2_matter_acted_cause_gun,"['matter', 'acted', 'cause', 'gun', 'murderer', 'guy', 'proven', 'elliot', 'else', 'brother']","[""Luigi (allegedly) committed murder in broad daylight, while it's been proven in a court of law that Kyle acted in self-defense. You're either willfully ignorant of that fact, or just incredibly fucking stupid."", 'So luigi travel across many states line is okay?\n\nKyle travel 15 minutes drive to neighborhood he grew up to defend it from looters\nHe shots in self defense to 3 rioters who chase after him trying to harm him.\n\nLuigi travel thousands of miles\nTo kill a guy\n\nDEM❤️criminals', ""that I don't take sides? I never have and I never will\n\nwhat luigi did was not self defense if it was then it would have been justified as the other self defense thing was""]",matter - acted - cause - gun - murderer - guy - proven - elliot - else - brother,False,12/16/2024 18:51,12/16/2024 18:51
of course self defense is justified as it's a no choice act luigi had a choice he is just as bad as dahmer or Bundy he wasn't threatened he simply made a decision,2,2_matter_acted_cause_gun,"['matter', 'acted', 'cause', 'gun', 'murderer', 'guy', 'proven', 'elliot', 'else', 'brother']","[""Luigi (allegedly) committed murder in broad daylight, while it's been proven in a court of law that Kyle acted in self-defense. You're either willfully ignorant of that fact, or just incredibly fucking stupid."", 'So luigi travel across many states line is okay?\n\nKyle travel 15 minutes drive to neighborhood he grew up to defend it from looters\nHe shots in self defense to 3 rioters who chase after him trying to harm him.\n\nLuigi travel thousands of miles\nTo kill a guy\n\nDEM❤️criminals', ""that I don't take sides? I never have and I never will\n\nwhat luigi did was not self defense if it was then it would have been justified as the other self defense thing was""]",matter - acted - cause - gun - murderer - guy - proven - elliot - else - brother,False,12/16/2024 17:32,12/16/2024 17:32
You know how they dug up Cromwell and beheaded him? I think Brian Thompson might be a good candidate,6,6_healthcare_insurance_killer_murdering,"['healthcare', 'insurance', 'killer', 'murdering', 'taxpayer', 'whose', 'bankrupt', 'justice', 'experts', 'companies']","['🚨NEW PODCAST EPISODE OUT NOW🚨\n\n discuss the extraordinary response to the murder of US health insurance boss Brian Thompson. \n\nHow can anyone celebrate his cold-blooded killing? The Matts test their theory that everything before “but” is bullsh*t', ""I understand the anger at insurance companies. But I'm appalled by the glorification in some quarters of the murder of Brian Thompson. Yes, he was an insurance executive, but he was also a dad and certainly didn't deserve to be executed and have people jeer at his family's loss."", 'Won’t delete this.\n\nBrian Thompson, UHC CEO, was a winner. Everyone has a death. His family will live in wealth centuries after his.\n\nCan’t say the same of socialist vermin who lose their healthcare 😢.\n\nThey’re losers whose deaths will cleanse the earth of their filthy presence.']",healthcare - insurance - killer - murdering - taxpayer - whose - bankrupt - justice - experts - companies,False,12/16/2024 17:09,12/16/2024 17:09
Luigi hates women lol,3,3_danny_hell_guy_everyone,"['danny', 'hell', 'guy', 'everyone', 'strike', 'killed', 'fuck', 'actually', 'crazy', 'disaster']","['Everyone rn: I want Luigi to tear apart my holes and die from bleeding\n\nFav oomf: here are my favorite bakes of the year! ❤️ up next dark chocolate shortbread cookies 🍪🍫🍫👩\u200d🍳', '𝙏𝙝𝙚𝙮 𝙠𝙣𝙤𝙬 𝙬𝙝𝙖𝙩 𝙠𝙞𝙣𝙙 𝙤𝙛 𝙖 𝙥𝙚𝙧𝙨𝙤𝙣 𝙩𝙝𝙚𝙞𝙧 𝙘𝙝𝙞𝙡𝙙 𝙖𝙣𝙮𝙬𝙖𝙮 𝙗𝙚𝙛𝙤𝙧𝙚 𝙞𝙩 𝙝𝙖𝙥𝙥𝙚𝙣. \n\nIn the bible, it is better to discipline your child. \nI believe time will heal, but Luigi is unwell if you observe him very carefully', 'Tone, did ya hear the Luigi kid came out of hiding because he wanted a McFlurry.? You almost can’t blame the dumb little bastard, ya never know when those ice cream machine’s are workin, Skip. Ya gotta strike when the iron’s hot hehe']",danny - hell - guy - everyone - strike - killed - fuck - actually - crazy - disaster,False,12/16/2024 14:23,12/16/2024 14:23
Sai do fake CEO do unitedhealthcare,9,9_crimes_arrested_killer_perpetrator,"['crimes', 'arrested', 'killer', 'perpetrator', 'vicious', 'baron', 'sin', 'hero', 'trending', 'police']","['Pennsylvania Governor Josh Shapiro goes off on people who are celebrating Luigi Mangione for allegedly murdering UnitedHealthcare CEO Brian Thompson.\n\n""In America, we do not kill people in cold blood to resolve policy differences or to express a viewpoint.""\n\nHe calls it…', 'Healthcare boss Brian Thompson’s killer may have fled New York, police say, via   \n\nUnless its blizzard snow. Im of the opinion people wearing hoodies covered up should be shot by default. As normally speaking their obviously up to no good.', 'Person who deleted/erased CEO of UnitedHealthCare is illegal immigrant came from Latin Spanish countries like Venezuela 🇻🇪 travel from Atlanta, Georgia to New York City and left state of New York in United States Of America. This is migrant crime related.\n\n~ Baron Tremayne Caple']",crimes - arrested - killer - perpetrator - vicious - baron - sin - hero - trending - police,False,12/16/2024 11:06,12/16/2024 11:06
"Mangione is not the only evil psycho out there.
Each and everyone of the donors to this sick fund should be in a secure mental health facility.",5,5_murderous_bombed_terrorists_brendan,"['murderous', 'bombed', 'terrorists', 'brendan', 'detectives', 'wounds', 'prison', 'jesus', 'hunt', 'fully']","[""No proof Mangione did it, plenty of proof he's a rich Nazi\n\nNo proof the GFM raised supposedly in his name went to him, but his lawyer has repeatedly turned down funding offers. So $100k+ has gone to a very likely scam & almost none to ppl in real need bc y'all want heroes so bad"", 'Kyle tried to hunt humans.\n\nKyle got caught trying to hunt humans. \n\nKyle killed humans who realized they were being hunted and tried to defend themselves. \n\nKyle is a murderous sack of shit. \nMangione is a murderous sack of shit.', 'JESUS , I THOUGHT THIS LOUIGI BENADUCI CORLEONE....MANGIONE GUAVACELLI KID WAS SMART...THE ONLY GUYS HE DIDNT GIVE A PHOTO OPP TO WAS  KEEPIN THE GUNW THE SILENCER ..ITS 20 ALONE FOR THE SUPPRESOR THEN COMPLAININ BOUT A BAD BACK...I GOT A BAD BACK KID BAD .']",murderous - bombed - terrorists - brendan - detectives - wounds - prison - jesus - hunt - fully,False,12/16/2024 9:11,12/16/2024 9:11
"Chris Rock: [Luigi Mangione] killed a man with a family, with kids. I have real condolences for the (United)Healthcare CEO. This is a real person… But… you know, sometimes drug dealers get shot.",1,1_killer_murderer_donald_assassin,"['killer', 'murderer', 'donald', 'assassin', 'killed', 'kill', 'healthcare', 'guilty', 'innocent', 'trump']","[""why and how is luigi mangione pleading not guilty? obviously he is allowed to do that, but it makes no sense. \n\nnot only do they have fingerprint evidence, but they found him with the weapon and the manifesto. the manifesto implies the crime is something he wants credit for. i'm…"", 'SICKNESS\': Trump goes off on those with an ""appetite"" for elite cold-blooded killer suspect, torching liberals\' viral support of Luigi Mangione and saying, ""I don\'t get it.""', ""why and how is luigi mangione pleading not guilty? not only do they have fingerprint evidence, but they found him with the weapon and the manifesto. the manifesto implies the crime is something he wants credit for. i'm very confused. \n\ni'd love for someone who knows more about…""]",killer - murderer - donald - assassin - killed - kill - healthcare - guilty - innocent - trump,False,12/16/2024 6:27,12/16/2024 6:27
I feel just awful for Brian Thompson’s family. These morally bankrupt takes are spitting in their faces and compounding their trauma. Imagine how your children would feel in such terrible circumstances.,6,6_healthcare_insurance_killer_murdering,"['healthcare', 'insurance', 'killer', 'murdering', 'taxpayer', 'whose', 'bankrupt', 'justice', 'experts', 'companies']","['🚨NEW PODCAST EPISODE OUT NOW🚨\n\n discuss the extraordinary response to the murder of US health insurance boss Brian Thompson. \n\nHow can anyone celebrate his cold-blooded killing? The Matts test their theory that everything before “but” is bullsh*t', ""I understand the anger at insurance companies. But I'm appalled by the glorification in some quarters of the murder of Brian Thompson. Yes, he was an insurance executive, but he was also a dad and certainly didn't deserve to be executed and have people jeer at his family's loss."", 'Won’t delete this.\n\nBrian Thompson, UHC CEO, was a winner. Everyone has a death. His family will live in wealth centuries after his.\n\nCan’t say the same of socialist vermin who lose their healthcare 😢.\n\nThey’re losers whose deaths will cleanse the earth of their filthy presence.']",healthcare - insurance - killer - murdering - taxpayer - whose - bankrupt - justice - experts - companies,False,12/16/2024 4:46,12/16/2024 4:46
"Luigi Mangione can kiss his of days of joy and bliss goodbye after he stupidly plotted to shoot a man in the back and kill him. Mangione won't be skateboarding anytime soon in prison, after getting a life sentence for murder. F--k him!",0,0_mangioni_nick_scumbag_killer,"['mangioni', 'nick', 'scumbag', 'killer', 'hero', 'said', 'guy', 'hes', 'insane', 'much']","['The case of Luigi Mangione is the perfect example of what drives left wing zealotry.\n\nHe was a normal, successful dude. Once he got a debilitating back injury, he became impotent in relation to society. He became angry, hate-filled & resentful. Needed to blame others. Leftist.', 'Idolizing Luigi Mangione is a sign of low IQ\n\nHe is a retard that supposedly shot a dude for being unable to have gay sex anymore due to his back condition.\n\nNot a hero, and accomplished nothing in the grand scheme of things. It changes nothing', '""who did nothing to him* is the most essential part here.\n\nThe protestors blocking a road effectively took a lot of people hostage, the old man simply liberated everyone (based and justified)\n\nLuigi Mangione shot a man in the back who was just walking there.\n(cringe and gay)']",mangioni - nick - scumbag - killer - hero - said - guy - hes - insane - much,False,12/16/2024 4:00,12/16/2024 4:00
"Earth to the undocumented: American citizens love raping (shout out to Donny), shooting their own (refer to Luigi Magione) for that reason you will not be deported. #USA has a poor record stopping domestic terror. Heck, blonde Christian Charles Whitman massacred students in '66.",8,8_deserved_fucked_innocent_must,"['deserved', 'fucked', 'innocent', 'must', 'murderer', 'shame', 'evil', 'feared', 'offences', 'murdering']","[""Earth to the undocumented: American citizens love raping (shout out to Donny), shooting their own (refer to Luigi Magione) for that reason you will not be deported. #USA has a poor record stopping domestic terror. Heck, blonde Christian Charles Whitman massacred students in '66."", 'Yeah, you sound like Stalin. And Castro, and Mao. What you are, is a communist. It’s a shame New York doesn’t have the death penalty. Too bad Luigi didn’t do it here in Florida because we would give him the needle 💉 ☠️.', ""Barack Obama's violent activist.\nReal Motive-Obamacare feared\nUnitedHealth taking Obamacare business. Best let Luigi tell citizens that UHealth is bad. Get nation in uproar. Luigi orders from Obama “ Fix it-Luigi then jihad.” 14 yrold girl in WI radicalized to Jihad""]",deserved - fucked - innocent - must - murderer - shame - evil - feared - offences - murdering,True,12/16/2024 3:31,12/16/2024 3:31
Luigi shouldn't be in prison but if he is he should be getting the goodfellas treatment,2,2_matter_acted_cause_gun,"['matter', 'acted', 'cause', 'gun', 'murderer', 'guy', 'proven', 'elliot', 'else', 'brother']","[""Luigi (allegedly) committed murder in broad daylight, while it's been proven in a court of law that Kyle acted in self-defense. You're either willfully ignorant of that fact, or just incredibly fucking stupid."", 'So luigi travel across many states line is okay?\n\nKyle travel 15 minutes drive to neighborhood he grew up to defend it from looters\nHe shots in self defense to 3 rioters who chase after him trying to harm him.\n\nLuigi travel thousands of miles\nTo kill a guy\n\nDEM❤️criminals', ""that I don't take sides? I never have and I never will\n\nwhat luigi did was not self defense if it was then it would have been justified as the other self defense thing was""]",matter - acted - cause - gun - murderer - guy - proven - elliot - else - brother,False,12/16/2024 2:33,12/16/2024 2:33
The defense of Luigi Mangione's terrorism is disgusting and a new low for the radical left.,1,1_killer_murderer_donald_assassin,"['killer', 'murderer', 'donald', 'assassin', 'killed', 'kill', 'healthcare', 'guilty', 'innocent', 'trump']","[""why and how is luigi mangione pleading not guilty? obviously he is allowed to do that, but it makes no sense. \n\nnot only do they have fingerprint evidence, but they found him with the weapon and the manifesto. the manifesto implies the crime is something he wants credit for. i'm…"", 'SICKNESS\': Trump goes off on those with an ""appetite"" for elite cold-blooded killer suspect, torching liberals\' viral support of Luigi Mangione and saying, ""I don\'t get it.""', ""why and how is luigi mangione pleading not guilty? not only do they have fingerprint evidence, but they found him with the weapon and the manifesto. the manifesto implies the crime is something he wants credit for. i'm very confused. \n\ni'd love for someone who knows more about…""]",killer - murderer - donald - assassin - killed - kill - healthcare - guilty - innocent - trump,False,12/16/2024 0:54,12/16/2024 0:54
"“So murdering Jordan Neely is the right thing???”

Seconds later

Leftists: “Yes, murdering Brian Thompson is the right thing”

incel moron",6,6_healthcare_insurance_killer_murdering,"['healthcare', 'insurance', 'killer', 'murdering', 'taxpayer', 'whose', 'bankrupt', 'justice', 'experts', 'companies']","['🚨NEW PODCAST EPISODE OUT NOW🚨\n\n discuss the extraordinary response to the murder of US health insurance boss Brian Thompson. \n\nHow can anyone celebrate his cold-blooded killing? The Matts test their theory that everything before “but” is bullsh*t', ""I understand the anger at insurance companies. But I'm appalled by the glorification in some quarters of the murder of Brian Thompson. Yes, he was an insurance executive, but he was also a dad and certainly didn't deserve to be executed and have people jeer at his family's loss."", 'Won’t delete this.\n\nBrian Thompson, UHC CEO, was a winner. Everyone has a death. His family will live in wealth centuries after his.\n\nCan’t say the same of socialist vermin who lose their healthcare 😢.\n\nThey’re losers whose deaths will cleanse the earth of their filthy presence.']",healthcare - insurance - killer - murdering - taxpayer - whose - bankrupt - justice - experts - companies,False,12/15/2024 19:02,12/15/2024 19:02
"A dry, sour-mouthed little concession to the “almost obvious” consequences of killing the peasants",8,8_deserved_fucked_innocent_must,"['deserved', 'fucked', 'innocent', 'must', 'murderer', 'shame', 'evil', 'feared', 'offences', 'murdering']","[""Earth to the undocumented: American citizens love raping (shout out to Donny), shooting their own (refer to Luigi Magione) for that reason you will not be deported. #USA has a poor record stopping domestic terror. Heck, blonde Christian Charles Whitman massacred students in '66."", 'Yeah, you sound like Stalin. And Castro, and Mao. What you are, is a communist. It’s a shame New York doesn’t have the death penalty. Too bad Luigi didn’t do it here in Florida because we would give him the needle 💉 ☠️.', ""Barack Obama's violent activist.\nReal Motive-Obamacare feared\nUnitedHealth taking Obamacare business. Best let Luigi tell citizens that UHealth is bad. Get nation in uproar. Luigi orders from Obama “ Fix it-Luigi then jihad.” 14 yrold girl in WI radicalized to Jihad""]",deserved - fucked - innocent - must - murderer - shame - evil - feared - offences - murdering,False,12/15/2024 15:09,12/15/2024 15:09
"I guess that CEO wasn't violent enough for Luigi to meet the Pres, huh.",4,4_murderous_killed_assassin_death,"['murderous', 'killed', 'assassin', 'death', 'psychotic', 'guy', 'fuck', 'someone', 'rampage', 'prisoners']","['Elon family vibes? The only time he decided to start showing up with his kids was to use them as human shields after Luigi killed the health insurance CEO.', 'Luigi needed good parenting, a good figurative azz-whooping, and a JOB. \n\nInstead, he was coddled & funded in his dangerous misery by Liberal Microcosms of Society,\n\nwho are hell-bent on keeping vulnerable people poorly-informed & rage-fueled,\n\nbc that’s the only real way they,…', ""This is why we are a failing country. He avoids every possible reason for WHY people aren't upset that Luigi killed that guy. Instead he totes about 250 new citi bikes that will make life so much easier for people haha""]",murderous - killed - assassin - death - psychotic - guy - fuck - someone - rampage - prisoners,False,12/15/2024 10:06,12/15/2024 10:06
"So luigi travel across many states line is okay?

Kyle travel 15 minutes drive to neighborhood he grew up to defend it from looters
He shots in self defense to 3 rioters who chase after him trying to harm him.

Luigi travel thousands of miles
To kill a guy

DEM❤️criminals",2,2_matter_acted_cause_gun,"['matter', 'acted', 'cause', 'gun', 'murderer', 'guy', 'proven', 'elliot', 'else', 'brother']","[""Luigi (allegedly) committed murder in broad daylight, while it's been proven in a court of law that Kyle acted in self-defense. You're either willfully ignorant of that fact, or just incredibly fucking stupid."", 'So luigi travel across many states line is okay?\n\nKyle travel 15 minutes drive to neighborhood he grew up to defend it from looters\nHe shots in self defense to 3 rioters who chase after him trying to harm him.\n\nLuigi travel thousands of miles\nTo kill a guy\n\nDEM❤️criminals', ""that I don't take sides? I never have and I never will\n\nwhat luigi did was not self defense if it was then it would have been justified as the other self defense thing was""]",matter - acted - cause - gun - murderer - guy - proven - elliot - else - brother,True,12/15/2024 4:39,12/15/2024 4:39
"RICH, EDUCATED & DEADLY
Accused CEO killer's privileged life helped fuel belief he could get away with murder: experts",6,6_healthcare_insurance_killer_murdering,"['healthcare', 'insurance', 'killer', 'murdering', 'taxpayer', 'whose', 'bankrupt', 'justice', 'experts', 'companies']","['🚨NEW PODCAST EPISODE OUT NOW🚨\n\n discuss the extraordinary response to the murder of US health insurance boss Brian Thompson. \n\nHow can anyone celebrate his cold-blooded killing? The Matts test their theory that everything before “but” is bullsh*t', ""I understand the anger at insurance companies. But I'm appalled by the glorification in some quarters of the murder of Brian Thompson. Yes, he was an insurance executive, but he was also a dad and certainly didn't deserve to be executed and have people jeer at his family's loss."", 'Won’t delete this.\n\nBrian Thompson, UHC CEO, was a winner. Everyone has a death. His family will live in wealth centuries after his.\n\nCan’t say the same of socialist vermin who lose their healthcare 😢.\n\nThey’re losers whose deaths will cleanse the earth of their filthy presence.']",healthcare - insurance - killer - murdering - taxpayer - whose - bankrupt - justice - experts - companies,False,12/15/2024 1:24,12/15/2024 1:24
"Correct, that why no one has sympathy for Rosembaugh or Luigi. Rosembaugh was looking for trouble, he was desperate to molest another minor.",2,2_matter_acted_cause_gun,"['matter', 'acted', 'cause', 'gun', 'murderer', 'guy', 'proven', 'elliot', 'else', 'brother']","[""Luigi (allegedly) committed murder in broad daylight, while it's been proven in a court of law that Kyle acted in self-defense. You're either willfully ignorant of that fact, or just incredibly fucking stupid."", 'So luigi travel across many states line is okay?\n\nKyle travel 15 minutes drive to neighborhood he grew up to defend it from looters\nHe shots in self defense to 3 rioters who chase after him trying to harm him.\n\nLuigi travel thousands of miles\nTo kill a guy\n\nDEM❤️criminals', ""that I don't take sides? I never have and I never will\n\nwhat luigi did was not self defense if it was then it would have been justified as the other self defense thing was""]",matter - acted - cause - gun - murderer - guy - proven - elliot - else - brother,False,12/15/2024 0:56,12/15/2024 0:56
"One acted on the spur of the moment, in self-defence, the other premeditated and acted in cold blood.
Rittenhouse is a hero, Luigi is a criminal, and you’re a fool.",2,2_matter_acted_cause_gun,"['matter', 'acted', 'cause', 'gun', 'murderer', 'guy', 'proven', 'elliot', 'else', 'brother']","[""Luigi (allegedly) committed murder in broad daylight, while it's been proven in a court of law that Kyle acted in self-defense. You're either willfully ignorant of that fact, or just incredibly fucking stupid."", 'So luigi travel across many states line is okay?\n\nKyle travel 15 minutes drive to neighborhood he grew up to defend it from looters\nHe shots in self defense to 3 rioters who chase after him trying to harm him.\n\nLuigi travel thousands of miles\nTo kill a guy\n\nDEM❤️criminals', ""that I don't take sides? I never have and I never will\n\nwhat luigi did was not self defense if it was then it would have been justified as the other self defense thing was""]",matter - acted - cause - gun - murderer - guy - proven - elliot - else - brother,False,12/15/2024 0:55,12/15/2024 0:55
"Except Rittenhouse was defending himself against a child predator. He was 17 being hunted by a 7 time child molester.

Rosembaugh and Luigi would have been friends in jail. Butt buddies is a better term.",2,2_matter_acted_cause_gun,"['matter', 'acted', 'cause', 'gun', 'murderer', 'guy', 'proven', 'elliot', 'else', 'brother']","[""Luigi (allegedly) committed murder in broad daylight, while it's been proven in a court of law that Kyle acted in self-defense. You're either willfully ignorant of that fact, or just incredibly fucking stupid."", 'So luigi travel across many states line is okay?\n\nKyle travel 15 minutes drive to neighborhood he grew up to defend it from looters\nHe shots in self defense to 3 rioters who chase after him trying to harm him.\n\nLuigi travel thousands of miles\nTo kill a guy\n\nDEM❤️criminals', ""that I don't take sides? I never have and I never will\n\nwhat luigi did was not self defense if it was then it would have been justified as the other self defense thing was""]",matter - acted - cause - gun - murderer - guy - proven - elliot - else - brother,False,12/15/2024 0:45,12/15/2024 0:45
"Have you noticed that the same leftists justification and ""yes, but""ing of Luigi Mangione murdering Brian Thompson sound exactly like how they justified Hamas' murder, kidnap and rape of 1,200 Israelis?",8,8_deserved_fucked_innocent_must,"['deserved', 'fucked', 'innocent', 'must', 'murderer', 'shame', 'evil', 'feared', 'offences', 'murdering']","[""Earth to the undocumented: American citizens love raping (shout out to Donny), shooting their own (refer to Luigi Magione) for that reason you will not be deported. #USA has a poor record stopping domestic terror. Heck, blonde Christian Charles Whitman massacred students in '66."", 'Yeah, you sound like Stalin. And Castro, and Mao. What you are, is a communist. It’s a shame New York doesn’t have the death penalty. Too bad Luigi didn’t do it here in Florida because we would give him the needle 💉 ☠️.', ""Barack Obama's violent activist.\nReal Motive-Obamacare feared\nUnitedHealth taking Obamacare business. Best let Luigi tell citizens that UHealth is bad. Get nation in uproar. Luigi orders from Obama “ Fix it-Luigi then jihad.” 14 yrold girl in WI radicalized to Jihad""]",deserved - fucked - innocent - must - murderer - shame - evil - feared - offences - murdering,False,12/14/2024 23:56,12/14/2024 23:56
"The same kind of people glorify Luigi Mangione, Daniel Penny and Kyle Rittenhouse.",0,0_mangioni_nick_scumbag_killer,"['mangioni', 'nick', 'scumbag', 'killer', 'hero', 'said', 'guy', 'hes', 'insane', 'much']","['The case of Luigi Mangione is the perfect example of what drives left wing zealotry.\n\nHe was a normal, successful dude. Once he got a debilitating back injury, he became impotent in relation to society. He became angry, hate-filled & resentful. Needed to blame others. Leftist.', 'Idolizing Luigi Mangione is a sign of low IQ\n\nHe is a retard that supposedly shot a dude for being unable to have gay sex anymore due to his back condition.\n\nNot a hero, and accomplished nothing in the grand scheme of things. It changes nothing', '""who did nothing to him* is the most essential part here.\n\nThe protestors blocking a road effectively took a lot of people hostage, the old man simply liberated everyone (based and justified)\n\nLuigi Mangione shot a man in the back who was just walking there.\n(cringe and gay)']",mangioni - nick - scumbag - killer - hero - said - guy - hes - insane - much,False,12/14/2024 22:11,12/14/2024 22:11
"-----
1255 saturday a bit cloudy day today.
. 
goobie and doobie
failed back surgery in a flawed"" { corrupt corrosive } system Luigi mangione.
us.",0,0_mangioni_nick_scumbag_killer,"['mangioni', 'nick', 'scumbag', 'killer', 'hero', 'said', 'guy', 'hes', 'insane', 'much']","['The case of Luigi Mangione is the perfect example of what drives left wing zealotry.\n\nHe was a normal, successful dude. Once he got a debilitating back injury, he became impotent in relation to society. He became angry, hate-filled & resentful. Needed to blame others. Leftist.', 'Idolizing Luigi Mangione is a sign of low IQ\n\nHe is a retard that supposedly shot a dude for being unable to have gay sex anymore due to his back condition.\n\nNot a hero, and accomplished nothing in the grand scheme of things. It changes nothing', '""who did nothing to him* is the most essential part here.\n\nThe protestors blocking a road effectively took a lot of people hostage, the old man simply liberated everyone (based and justified)\n\nLuigi Mangione shot a man in the back who was just walking there.\n(cringe and gay)']",mangioni - nick - scumbag - killer - hero - said - guy - hes - insane - much,False,12/14/2024 20:57,12/14/2024 20:57
🎯 Fan club for suspected shooter is a symptom of burn-it-all-down populism.,8,8_deserved_fucked_innocent_must,"['deserved', 'fucked', 'innocent', 'must', 'murderer', 'shame', 'evil', 'feared', 'offences', 'murdering']","[""Earth to the undocumented: American citizens love raping (shout out to Donny), shooting their own (refer to Luigi Magione) for that reason you will not be deported. #USA has a poor record stopping domestic terror. Heck, blonde Christian Charles Whitman massacred students in '66."", 'Yeah, you sound like Stalin. And Castro, and Mao. What you are, is a communist. It’s a shame New York doesn’t have the death penalty. Too bad Luigi didn’t do it here in Florida because we would give him the needle 💉 ☠️.', ""Barack Obama's violent activist.\nReal Motive-Obamacare feared\nUnitedHealth taking Obamacare business. Best let Luigi tell citizens that UHealth is bad. Get nation in uproar. Luigi orders from Obama “ Fix it-Luigi then jihad.” 14 yrold girl in WI radicalized to Jihad""]",deserved - fucked - innocent - must - murderer - shame - evil - feared - offences - murdering,False,12/14/2024 18:36,12/14/2024 18:36
Mangione shot an innocent man in the back? You know that?,1,1_killer_murderer_donald_assassin,"['killer', 'murderer', 'donald', 'assassin', 'killed', 'kill', 'healthcare', 'guilty', 'innocent', 'trump']","[""why and how is luigi mangione pleading not guilty? obviously he is allowed to do that, but it makes no sense. \n\nnot only do they have fingerprint evidence, but they found him with the weapon and the manifesto. the manifesto implies the crime is something he wants credit for. i'm…"", 'SICKNESS\': Trump goes off on those with an ""appetite"" for elite cold-blooded killer suspect, torching liberals\' viral support of Luigi Mangione and saying, ""I don\'t get it.""', ""why and how is luigi mangione pleading not guilty? not only do they have fingerprint evidence, but they found him with the weapon and the manifesto. the manifesto implies the crime is something he wants credit for. i'm very confused. \n\ni'd love for someone who knows more about…""]",killer - murderer - donald - assassin - killed - kill - healthcare - guilty - innocent - trump,False,12/14/2024 17:58,12/14/2024 17:58
Luigi Mangione being a privileged rich kid who murdered an Iowa boy who worked his way up to the top is even more on-brand than I expected.,0,0_mangioni_nick_scumbag_killer,"['mangioni', 'nick', 'scumbag', 'killer', 'hero', 'said', 'guy', 'hes', 'insane', 'much']","['The case of Luigi Mangione is the perfect example of what drives left wing zealotry.\n\nHe was a normal, successful dude. Once he got a debilitating back injury, he became impotent in relation to society. He became angry, hate-filled & resentful. Needed to blame others. Leftist.', 'Idolizing Luigi Mangione is a sign of low IQ\n\nHe is a retard that supposedly shot a dude for being unable to have gay sex anymore due to his back condition.\n\nNot a hero, and accomplished nothing in the grand scheme of things. It changes nothing', '""who did nothing to him* is the most essential part here.\n\nThe protestors blocking a road effectively took a lot of people hostage, the old man simply liberated everyone (based and justified)\n\nLuigi Mangione shot a man in the back who was just walking there.\n(cringe and gay)']",mangioni - nick - scumbag - killer - hero - said - guy - hes - insane - much,False,12/14/2024 17:53,12/14/2024 17:53
Is that your strategy when you get destroyed in a debate? You ask a nonsensical question that doesn't even apply here. You dumbasses think he was robin hood when he was just the spoiled prince out to make a name for himself. They'll hire a new CEO and Luigi will die in prison 🤷‍♂️,4,4_murderous_killed_assassin_death,"['murderous', 'killed', 'assassin', 'death', 'psychotic', 'guy', 'fuck', 'someone', 'rampage', 'prisoners']","['Elon family vibes? The only time he decided to start showing up with his kids was to use them as human shields after Luigi killed the health insurance CEO.', 'Luigi needed good parenting, a good figurative azz-whooping, and a JOB. \n\nInstead, he was coddled & funded in his dangerous misery by Liberal Microcosms of Society,\n\nwho are hell-bent on keeping vulnerable people poorly-informed & rage-fueled,\n\nbc that’s the only real way they,…', ""This is why we are a failing country. He avoids every possible reason for WHY people aren't upset that Luigi killed that guy. Instead he totes about 250 new citi bikes that will make life so much easier for people haha""]",murderous - killed - assassin - death - psychotic - guy - fuck - someone - rampage - prisoners,False,12/14/2024 17:29,12/14/2024 17:29
"The plot thickens. Rich kid gone rouge.🤨 ""Several Maryland nursing homes operated by the family of Luigi Mangione reportedly faced abuse and health violations, according to two reports from the Department of Health and Human Services.""",1,1_killer_murderer_donald_assassin,"['killer', 'murderer', 'donald', 'assassin', 'killed', 'kill', 'healthcare', 'guilty', 'innocent', 'trump']","[""why and how is luigi mangione pleading not guilty? obviously he is allowed to do that, but it makes no sense. \n\nnot only do they have fingerprint evidence, but they found him with the weapon and the manifesto. the manifesto implies the crime is something he wants credit for. i'm…"", 'SICKNESS\': Trump goes off on those with an ""appetite"" for elite cold-blooded killer suspect, torching liberals\' viral support of Luigi Mangione and saying, ""I don\'t get it.""', ""why and how is luigi mangione pleading not guilty? not only do they have fingerprint evidence, but they found him with the weapon and the manifesto. the manifesto implies the crime is something he wants credit for. i'm very confused. \n\ni'd love for someone who knows more about…""]",killer - murderer - donald - assassin - killed - kill - healthcare - guilty - innocent - trump,False,12/14/2024 16:50,12/14/2024 16:50
"Luigi Mangione tee shirts are being sold at the Christmas Market in NYC. 

Appalling! Two innocent teens boys are without their father. 

I hope this narcissistic who thought he was too good to be caught, sees a just punishment.",0,0_mangioni_nick_scumbag_killer,"['mangioni', 'nick', 'scumbag', 'killer', 'hero', 'said', 'guy', 'hes', 'insane', 'much']","['The case of Luigi Mangione is the perfect example of what drives left wing zealotry.\n\nHe was a normal, successful dude. Once he got a debilitating back injury, he became impotent in relation to society. He became angry, hate-filled & resentful. Needed to blame others. Leftist.', 'Idolizing Luigi Mangione is a sign of low IQ\n\nHe is a retard that supposedly shot a dude for being unable to have gay sex anymore due to his back condition.\n\nNot a hero, and accomplished nothing in the grand scheme of things. It changes nothing', '""who did nothing to him* is the most essential part here.\n\nThe protestors blocking a road effectively took a lot of people hostage, the old man simply liberated everyone (based and justified)\n\nLuigi Mangione shot a man in the back who was just walking there.\n(cringe and gay)']",mangioni - nick - scumbag - killer - hero - said - guy - hes - insane - much,False,12/14/2024 14:47,12/14/2024 14:47
"Republicans - 

“Stop glorifying Luigi Mangione, he’s a murderer”

Also Republicans - 

“Leave Kyle Rittenhouse alone, he’s an American Hero”

Also Republicans - 

“Don’t judge me for voting for a Convicted Felon, Adjudicated Rapist and Self Admitted Sexual Predator.
I’m right…",1,1_killer_murderer_donald_assassin,"['killer', 'murderer', 'donald', 'assassin', 'killed', 'kill', 'healthcare', 'guilty', 'innocent', 'trump']","[""why and how is luigi mangione pleading not guilty? obviously he is allowed to do that, but it makes no sense. \n\nnot only do they have fingerprint evidence, but they found him with the weapon and the manifesto. the manifesto implies the crime is something he wants credit for. i'm…"", 'SICKNESS\': Trump goes off on those with an ""appetite"" for elite cold-blooded killer suspect, torching liberals\' viral support of Luigi Mangione and saying, ""I don\'t get it.""', ""why and how is luigi mangione pleading not guilty? not only do they have fingerprint evidence, but they found him with the weapon and the manifesto. the manifesto implies the crime is something he wants credit for. i'm very confused. \n\ni'd love for someone who knows more about…""]",killer - murderer - donald - assassin - killed - kill - healthcare - guilty - innocent - trump,False,12/14/2024 14:22,12/14/2024 14:22
"The fact that Luigi Mangione had no personal ties to UnitedHealthcare makes this senseless act of violence even more disturbing. We need to come together as a society to address the root causes of these tragedies and work towards creating a better, more compassionate healthcare…",9,9_crimes_arrested_killer_perpetrator,"['crimes', 'arrested', 'killer', 'perpetrator', 'vicious', 'baron', 'sin', 'hero', 'trending', 'police']","['Pennsylvania Governor Josh Shapiro goes off on people who are celebrating Luigi Mangione for allegedly murdering UnitedHealthcare CEO Brian Thompson.\n\n""In America, we do not kill people in cold blood to resolve policy differences or to express a viewpoint.""\n\nHe calls it…', 'Healthcare boss Brian Thompson’s killer may have fled New York, police say, via   \n\nUnless its blizzard snow. Im of the opinion people wearing hoodies covered up should be shot by default. As normally speaking their obviously up to no good.', 'Person who deleted/erased CEO of UnitedHealthCare is illegal immigrant came from Latin Spanish countries like Venezuela 🇻🇪 travel from Atlanta, Georgia to New York City and left state of New York in United States Of America. This is migrant crime related.\n\n~ Baron Tremayne Caple']",crimes - arrested - killer - perpetrator - vicious - baron - sin - hero - trending - police,False,12/14/2024 12:04,12/14/2024 12:04
Let’s hope Luigi Mangione isn’t released,0,0_mangioni_nick_scumbag_killer,"['mangioni', 'nick', 'scumbag', 'killer', 'hero', 'said', 'guy', 'hes', 'insane', 'much']","['The case of Luigi Mangione is the perfect example of what drives left wing zealotry.\n\nHe was a normal, successful dude. Once he got a debilitating back injury, he became impotent in relation to society. He became angry, hate-filled & resentful. Needed to blame others. Leftist.', 'Idolizing Luigi Mangione is a sign of low IQ\n\nHe is a retard that supposedly shot a dude for being unable to have gay sex anymore due to his back condition.\n\nNot a hero, and accomplished nothing in the grand scheme of things. It changes nothing', '""who did nothing to him* is the most essential part here.\n\nThe protestors blocking a road effectively took a lot of people hostage, the old man simply liberated everyone (based and justified)\n\nLuigi Mangione shot a man in the back who was just walking there.\n(cringe and gay)']",mangioni - nick - scumbag - killer - hero - said - guy - hes - insane - much,False,12/14/2024 11:54,12/14/2024 11:54
Factor this into Trump's 3rd term when the dumb as fuck leftys vote Mangione 🙄,1,1_killer_murderer_donald_assassin,"['killer', 'murderer', 'donald', 'assassin', 'killed', 'kill', 'healthcare', 'guilty', 'innocent', 'trump']","[""why and how is luigi mangione pleading not guilty? obviously he is allowed to do that, but it makes no sense. \n\nnot only do they have fingerprint evidence, but they found him with the weapon and the manifesto. the manifesto implies the crime is something he wants credit for. i'm…"", 'SICKNESS\': Trump goes off on those with an ""appetite"" for elite cold-blooded killer suspect, torching liberals\' viral support of Luigi Mangione and saying, ""I don\'t get it.""', ""why and how is luigi mangione pleading not guilty? not only do they have fingerprint evidence, but they found him with the weapon and the manifesto. the manifesto implies the crime is something he wants credit for. i'm very confused. \n\ni'd love for someone who knows more about…""]",killer - murderer - donald - assassin - killed - kill - healthcare - guilty - innocent - trump,False,12/14/2024 9:36,12/14/2024 9:36
"also luigi mangione is not attractive ffs he looks like bruno madrigal, unless that's your type and like, thoughts n prayers girl",0,0_mangioni_nick_scumbag_killer,"['mangioni', 'nick', 'scumbag', 'killer', 'hero', 'said', 'guy', 'hes', 'insane', 'much']","['The case of Luigi Mangione is the perfect example of what drives left wing zealotry.\n\nHe was a normal, successful dude. Once he got a debilitating back injury, he became impotent in relation to society. He became angry, hate-filled & resentful. Needed to blame others. Leftist.', 'Idolizing Luigi Mangione is a sign of low IQ\n\nHe is a retard that supposedly shot a dude for being unable to have gay sex anymore due to his back condition.\n\nNot a hero, and accomplished nothing in the grand scheme of things. It changes nothing', '""who did nothing to him* is the most essential part here.\n\nThe protestors blocking a road effectively took a lot of people hostage, the old man simply liberated everyone (based and justified)\n\nLuigi Mangione shot a man in the back who was just walking there.\n(cringe and gay)']",mangioni - nick - scumbag - killer - hero - said - guy - hes - insane - much,False,12/14/2024 6:09,12/14/2024 6:09
"Extreme-Left Democrats continue to celebrate the murder of a health insurance CEO. These are VERY concerning times we live in. Expect copycat crimes, just like the trans school shootings & Trump assassination attempts. There is NO Center-Left anymore.",9,9_crimes_arrested_killer_perpetrator,"['crimes', 'arrested', 'killer', 'perpetrator', 'vicious', 'baron', 'sin', 'hero', 'trending', 'police']","['Pennsylvania Governor Josh Shapiro goes off on people who are celebrating Luigi Mangione for allegedly murdering UnitedHealthcare CEO Brian Thompson.\n\n""In America, we do not kill people in cold blood to resolve policy differences or to express a viewpoint.""\n\nHe calls it…', 'Healthcare boss Brian Thompson’s killer may have fled New York, police say, via   \n\nUnless its blizzard snow. Im of the opinion people wearing hoodies covered up should be shot by default. As normally speaking their obviously up to no good.', 'Person who deleted/erased CEO of UnitedHealthCare is illegal immigrant came from Latin Spanish countries like Venezuela 🇻🇪 travel from Atlanta, Georgia to New York City and left state of New York in United States Of America. This is migrant crime related.\n\n~ Baron Tremayne Caple']",crimes - arrested - killer - perpetrator - vicious - baron - sin - hero - trending - police,False,12/14/2024 5:20,12/14/2024 5:20
"Pennsylvania home of the Moscow, Idaho killer, Luigi Mangione the Healthcare killer and Thomas Matthew crooks the failed Trump assassin. 🤔",1,1_killer_murderer_donald_assassin,"['killer', 'murderer', 'donald', 'assassin', 'killed', 'kill', 'healthcare', 'guilty', 'innocent', 'trump']","[""why and how is luigi mangione pleading not guilty? obviously he is allowed to do that, but it makes no sense. \n\nnot only do they have fingerprint evidence, but they found him with the weapon and the manifesto. the manifesto implies the crime is something he wants credit for. i'm…"", 'SICKNESS\': Trump goes off on those with an ""appetite"" for elite cold-blooded killer suspect, torching liberals\' viral support of Luigi Mangione and saying, ""I don\'t get it.""', ""why and how is luigi mangione pleading not guilty? not only do they have fingerprint evidence, but they found him with the weapon and the manifesto. the manifesto implies the crime is something he wants credit for. i'm very confused. \n\ni'd love for someone who knows more about…""]",killer - murderer - donald - assassin - killed - kill - healthcare - guilty - innocent - trump,False,12/11/2024 18:59,12/11/2024 18:59
"Hi Lady, thanks for the follow back. 
I agree, yay for Danny and nay for Luigi… bizarre 🤷‍♀️",3,3_danny_hell_guy_everyone,"['danny', 'hell', 'guy', 'everyone', 'strike', 'killed', 'fuck', 'actually', 'crazy', 'disaster']","['Everyone rn: I want Luigi to tear apart my holes and die from bleeding\n\nFav oomf: here are my favorite bakes of the year! ❤️ up next dark chocolate shortbread cookies 🍪🍫🍫👩\u200d🍳', '𝙏𝙝𝙚𝙮 𝙠𝙣𝙤𝙬 𝙬𝙝𝙖𝙩 𝙠𝙞𝙣𝙙 𝙤𝙛 𝙖 𝙥𝙚𝙧𝙨𝙤𝙣 𝙩𝙝𝙚𝙞𝙧 𝙘𝙝𝙞𝙡𝙙 𝙖𝙣𝙮𝙬𝙖𝙮 𝙗𝙚𝙛𝙤𝙧𝙚 𝙞𝙩 𝙝𝙖𝙥𝙥𝙚𝙣. \n\nIn the bible, it is better to discipline your child. \nI believe time will heal, but Luigi is unwell if you observe him very carefully', 'Tone, did ya hear the Luigi kid came out of hiding because he wanted a McFlurry.? You almost can’t blame the dumb little bastard, ya never know when those ice cream machine’s are workin, Skip. Ya gotta strike when the iron’s hot hehe']",danny - hell - guy - everyone - strike - killed - fuck - actually - crazy - disaster,False,12/11/2024 18:30,12/11/2024 18:30
"Mangione tried to hide evidence, but detectives uncovered it through meticulous investigation.",5,5_murderous_bombed_terrorists_brendan,"['murderous', 'bombed', 'terrorists', 'brendan', 'detectives', 'wounds', 'prison', 'jesus', 'hunt', 'fully']","[""No proof Mangione did it, plenty of proof he's a rich Nazi\n\nNo proof the GFM raised supposedly in his name went to him, but his lawyer has repeatedly turned down funding offers. So $100k+ has gone to a very likely scam & almost none to ppl in real need bc y'all want heroes so bad"", 'Kyle tried to hunt humans.\n\nKyle got caught trying to hunt humans. \n\nKyle killed humans who realized they were being hunted and tried to defend themselves. \n\nKyle is a murderous sack of shit. \nMangione is a murderous sack of shit.', 'JESUS , I THOUGHT THIS LOUIGI BENADUCI CORLEONE....MANGIONE GUAVACELLI KID WAS SMART...THE ONLY GUYS HE DIDNT GIVE A PHOTO OPP TO WAS  KEEPIN THE GUNW THE SILENCER ..ITS 20 ALONE FOR THE SUPPRESOR THEN COMPLAININ BOUT A BAD BACK...I GOT A BAD BACK KID BAD .']",murderous - bombed - terrorists - brendan - detectives - wounds - prison - jesus - hunt - fully,False,12/11/2024 18:28,12/11/2024 18:28
"Luigi is sick from the far left’s radicalization of mentally weak people. 

 is irresponsible in encouraging this sick thinking.",7,7_murderer_killer_killed_ceos,"['murderer', 'killer', 'killed', 'ceos', 'innocent', 'death', 'leftists', 'criminals', 'sentenced', 'riots']","['The defender of Luigi Machioni claims that her cliënt has no chance of getting a fair trial! But did Luigi Machioni that CEO Brian Thompson a fair chance? Absolutely not! Without any form of trial, without giving the CEO Thompson a chance to defend himself Luigi Machioni (see 2)', '🆘Shooter-No one will believe Luigi murdered, cowardly shot a man in the back because United didn’t care about his back ache.   a cocky ego like Obama & radicalized which led to careless actions for Obamacare issues for his mentor Obama-Luigi influencer', ""As cool as this picture is it also makes my blood boil. They don't even treat mass shooters like this. Dylann Roof got taken to fucking Burger King after killing 9 Black people, but Luigi pops one CEO and they act like he's the head of ISIS""]",murderer - killer - killed - ceos - innocent - death - leftists - criminals - sentenced - riots,False,12/11/2024 17:38,12/11/2024 17:38
"Luigi Mangione outside his extradition hearing.😔

This is completely out of touch and an insult to the intelligence of the American people!",1,1_killer_murderer_donald_assassin,"['killer', 'murderer', 'donald', 'assassin', 'killed', 'kill', 'healthcare', 'guilty', 'innocent', 'trump']","[""why and how is luigi mangione pleading not guilty? obviously he is allowed to do that, but it makes no sense. \n\nnot only do they have fingerprint evidence, but they found him with the weapon and the manifesto. the manifesto implies the crime is something he wants credit for. i'm…"", 'SICKNESS\': Trump goes off on those with an ""appetite"" for elite cold-blooded killer suspect, torching liberals\' viral support of Luigi Mangione and saying, ""I don\'t get it.""', ""why and how is luigi mangione pleading not guilty? not only do they have fingerprint evidence, but they found him with the weapon and the manifesto. the manifesto implies the crime is something he wants credit for. i'm very confused. \n\ni'd love for someone who knows more about…""]",killer - murderer - donald - assassin - killed - kill - healthcare - guilty - innocent - trump,False,12/11/2024 16:53,12/11/2024 16:53
Do you honestly believe what the doctors said that this guy Luigi Mangione lacks sex and it turned him into a killer? #LuigiMangione #LuigiMangioni #Luigi #CEOAssassination #CEOassassin #ceo #UnitedHealthcare #UnitedHealthcareAssassin,1,1_killer_murderer_donald_assassin,"['killer', 'murderer', 'donald', 'assassin', 'killed', 'kill', 'healthcare', 'guilty', 'innocent', 'trump']","[""why and how is luigi mangione pleading not guilty? obviously he is allowed to do that, but it makes no sense. \n\nnot only do they have fingerprint evidence, but they found him with the weapon and the manifesto. the manifesto implies the crime is something he wants credit for. i'm…"", 'SICKNESS\': Trump goes off on those with an ""appetite"" for elite cold-blooded killer suspect, torching liberals\' viral support of Luigi Mangione and saying, ""I don\'t get it.""', ""why and how is luigi mangione pleading not guilty? not only do they have fingerprint evidence, but they found him with the weapon and the manifesto. the manifesto implies the crime is something he wants credit for. i'm very confused. \n\ni'd love for someone who knows more about…""]",killer - murderer - donald - assassin - killed - kill - healthcare - guilty - innocent - trump,False,12/11/2024 16:46,12/11/2024 16:46
"The case of Luigi Mangione is the perfect example of what drives left wing zealotry.

He was a normal, successful dude. Once he got a debilitating back injury, he became impotent in relation to society. He became angry, hate-filled & resentful. Needed to blame others. Leftist.",0,0_mangioni_nick_scumbag_killer,"['mangioni', 'nick', 'scumbag', 'killer', 'hero', 'said', 'guy', 'hes', 'insane', 'much']","['The case of Luigi Mangione is the perfect example of what drives left wing zealotry.\n\nHe was a normal, successful dude. Once he got a debilitating back injury, he became impotent in relation to society. He became angry, hate-filled & resentful. Needed to blame others. Leftist.', 'Idolizing Luigi Mangione is a sign of low IQ\n\nHe is a retard that supposedly shot a dude for being unable to have gay sex anymore due to his back condition.\n\nNot a hero, and accomplished nothing in the grand scheme of things. It changes nothing', '""who did nothing to him* is the most essential part here.\n\nThe protestors blocking a road effectively took a lot of people hostage, the old man simply liberated everyone (based and justified)\n\nLuigi Mangione shot a man in the back who was just walking there.\n(cringe and gay)']",mangioni - nick - scumbag - killer - hero - said - guy - hes - insane - much,True,12/11/2024 16:14,12/11/2024 16:14
Meanwhile Mangione is confessing... 😂,5,5_murderous_bombed_terrorists_brendan,"['murderous', 'bombed', 'terrorists', 'brendan', 'detectives', 'wounds', 'prison', 'jesus', 'hunt', 'fully']","[""No proof Mangione did it, plenty of proof he's a rich Nazi\n\nNo proof the GFM raised supposedly in his name went to him, but his lawyer has repeatedly turned down funding offers. So $100k+ has gone to a very likely scam & almost none to ppl in real need bc y'all want heroes so bad"", 'Kyle tried to hunt humans.\n\nKyle got caught trying to hunt humans. \n\nKyle killed humans who realized they were being hunted and tried to defend themselves. \n\nKyle is a murderous sack of shit. \nMangione is a murderous sack of shit.', 'JESUS , I THOUGHT THIS LOUIGI BENADUCI CORLEONE....MANGIONE GUAVACELLI KID WAS SMART...THE ONLY GUYS HE DIDNT GIVE A PHOTO OPP TO WAS  KEEPIN THE GUNW THE SILENCER ..ITS 20 ALONE FOR THE SUPPRESOR THEN COMPLAININ BOUT A BAD BACK...I GOT A BAD BACK KID BAD .']",murderous - bombed - terrorists - brendan - detectives - wounds - prison - jesus - hunt - fully,False,12/11/2024 15:58,12/11/2024 15:58
You are as sick as Luigi.,3,3_danny_hell_guy_everyone,"['danny', 'hell', 'guy', 'everyone', 'strike', 'killed', 'fuck', 'actually', 'crazy', 'disaster']","['Everyone rn: I want Luigi to tear apart my holes and die from bleeding\n\nFav oomf: here are my favorite bakes of the year! ❤️ up next dark chocolate shortbread cookies 🍪🍫🍫👩\u200d🍳', '𝙏𝙝𝙚𝙮 𝙠𝙣𝙤𝙬 𝙬𝙝𝙖𝙩 𝙠𝙞𝙣𝙙 𝙤𝙛 𝙖 𝙥𝙚𝙧𝙨𝙤𝙣 𝙩𝙝𝙚𝙞𝙧 𝙘𝙝𝙞𝙡𝙙 𝙖𝙣𝙮𝙬𝙖𝙮 𝙗𝙚𝙛𝙤𝙧𝙚 𝙞𝙩 𝙝𝙖𝙥𝙥𝙚𝙣. \n\nIn the bible, it is better to discipline your child. \nI believe time will heal, but Luigi is unwell if you observe him very carefully', 'Tone, did ya hear the Luigi kid came out of hiding because he wanted a McFlurry.? You almost can’t blame the dumb little bastard, ya never know when those ice cream machine’s are workin, Skip. Ya gotta strike when the iron’s hot hehe']",danny - hell - guy - everyone - strike - killed - fuck - actually - crazy - disaster,False,12/11/2024 15:38,12/11/2024 15:38
Why he is a cold bloodied murderer. Worlds gone fecking mad,8,8_deserved_fucked_innocent_must,"['deserved', 'fucked', 'innocent', 'must', 'murderer', 'shame', 'evil', 'feared', 'offences', 'murdering']","[""Earth to the undocumented: American citizens love raping (shout out to Donny), shooting their own (refer to Luigi Magione) for that reason you will not be deported. #USA has a poor record stopping domestic terror. Heck, blonde Christian Charles Whitman massacred students in '66."", 'Yeah, you sound like Stalin. And Castro, and Mao. What you are, is a communist. It’s a shame New York doesn’t have the death penalty. Too bad Luigi didn’t do it here in Florida because we would give him the needle 💉 ☠️.', ""Barack Obama's violent activist.\nReal Motive-Obamacare feared\nUnitedHealth taking Obamacare business. Best let Luigi tell citizens that UHealth is bad. Get nation in uproar. Luigi orders from Obama “ Fix it-Luigi then jihad.” 14 yrold girl in WI radicalized to Jihad""]",deserved - fucked - innocent - must - murderer - shame - evil - feared - offences - murdering,False,12/11/2024 15:30,12/11/2024 15:30
And I'm sure the new CEO is thanking Luigi for the opportunity to make Brian's salary now 💀,4,4_murderous_killed_assassin_death,"['murderous', 'killed', 'assassin', 'death', 'psychotic', 'guy', 'fuck', 'someone', 'rampage', 'prisoners']","['Elon family vibes? The only time he decided to start showing up with his kids was to use them as human shields after Luigi killed the health insurance CEO.', 'Luigi needed good parenting, a good figurative azz-whooping, and a JOB. \n\nInstead, he was coddled & funded in his dangerous misery by Liberal Microcosms of Society,\n\nwho are hell-bent on keeping vulnerable people poorly-informed & rage-fueled,\n\nbc that’s the only real way they,…', ""This is why we are a failing country. He avoids every possible reason for WHY people aren't upset that Luigi killed that guy. Instead he totes about 250 new citi bikes that will make life so much easier for people haha""]",murderous - killed - assassin - death - psychotic - guy - fuck - someone - rampage - prisoners,False,12/11/2024 15:26,12/11/2024 15:26
Video: Assassin suspect Luigi Mangione’s ‘chilling Unabomber style bomb plot’ as ‘motive revealed’  #LiveTube,1,1_killer_murderer_donald_assassin,"['killer', 'murderer', 'donald', 'assassin', 'killed', 'kill', 'healthcare', 'guilty', 'innocent', 'trump']","[""why and how is luigi mangione pleading not guilty? obviously he is allowed to do that, but it makes no sense. \n\nnot only do they have fingerprint evidence, but they found him with the weapon and the manifesto. the manifesto implies the crime is something he wants credit for. i'm…"", 'SICKNESS\': Trump goes off on those with an ""appetite"" for elite cold-blooded killer suspect, torching liberals\' viral support of Luigi Mangione and saying, ""I don\'t get it.""', ""why and how is luigi mangione pleading not guilty? not only do they have fingerprint evidence, but they found him with the weapon and the manifesto. the manifesto implies the crime is something he wants credit for. i'm very confused. \n\ni'd love for someone who knows more about…""]",killer - murderer - donald - assassin - killed - kill - healthcare - guilty - innocent - trump,False,12/11/2024 14:33,12/11/2024 14:33
"(To the tune of Rudolph the Red Nosed Reindeer)

Luigi Mangione
Started shooting CEOs
And if you ever saw him
You’d pretend you didn’t know….",0,0_mangioni_nick_scumbag_killer,"['mangioni', 'nick', 'scumbag', 'killer', 'hero', 'said', 'guy', 'hes', 'insane', 'much']","['The case of Luigi Mangione is the perfect example of what drives left wing zealotry.\n\nHe was a normal, successful dude. Once he got a debilitating back injury, he became impotent in relation to society. He became angry, hate-filled & resentful. Needed to blame others. Leftist.', 'Idolizing Luigi Mangione is a sign of low IQ\n\nHe is a retard that supposedly shot a dude for being unable to have gay sex anymore due to his back condition.\n\nNot a hero, and accomplished nothing in the grand scheme of things. It changes nothing', '""who did nothing to him* is the most essential part here.\n\nThe protestors blocking a road effectively took a lot of people hostage, the old man simply liberated everyone (based and justified)\n\nLuigi Mangione shot a man in the back who was just walking there.\n(cringe and gay)']",mangioni - nick - scumbag - killer - hero - said - guy - hes - insane - much,False,12/11/2024 14:20,12/11/2024 14:20
"With BLM openly stating “let’s do to them what they did to us” and the woke mob treating Luigi like a hero, this world is on a one-way track to anarchy.",7,7_murderer_killer_killed_ceos,"['murderer', 'killer', 'killed', 'ceos', 'innocent', 'death', 'leftists', 'criminals', 'sentenced', 'riots']","['The defender of Luigi Machioni claims that her cliënt has no chance of getting a fair trial! But did Luigi Machioni that CEO Brian Thompson a fair chance? Absolutely not! Without any form of trial, without giving the CEO Thompson a chance to defend himself Luigi Machioni (see 2)', '🆘Shooter-No one will believe Luigi murdered, cowardly shot a man in the back because United didn’t care about his back ache.   a cocky ego like Obama & radicalized which led to careless actions for Obamacare issues for his mentor Obama-Luigi influencer', ""As cool as this picture is it also makes my blood boil. They don't even treat mass shooters like this. Dylann Roof got taken to fucking Burger King after killing 9 Black people, but Luigi pops one CEO and they act like he's the head of ISIS""]",murderer - killer - killed - ceos - innocent - death - leftists - criminals - sentenced - riots,False,12/11/2024 13:22,12/11/2024 13:22
"11/ Mangione was, of course, a fan of The Unabomber Manifesto saying that it was obviously the work of a genius mathematician. But if you actually read the damn thing, you'd realize it's an over-hyped amateur work of political philosophy.",5,5_murderous_bombed_terrorists_brendan,"['murderous', 'bombed', 'terrorists', 'brendan', 'detectives', 'wounds', 'prison', 'jesus', 'hunt', 'fully']","[""No proof Mangione did it, plenty of proof he's a rich Nazi\n\nNo proof the GFM raised supposedly in his name went to him, but his lawyer has repeatedly turned down funding offers. So $100k+ has gone to a very likely scam & almost none to ppl in real need bc y'all want heroes so bad"", 'Kyle tried to hunt humans.\n\nKyle got caught trying to hunt humans. \n\nKyle killed humans who realized they were being hunted and tried to defend themselves. \n\nKyle is a murderous sack of shit. \nMangione is a murderous sack of shit.', 'JESUS , I THOUGHT THIS LOUIGI BENADUCI CORLEONE....MANGIONE GUAVACELLI KID WAS SMART...THE ONLY GUYS HE DIDNT GIVE A PHOTO OPP TO WAS  KEEPIN THE GUNW THE SILENCER ..ITS 20 ALONE FOR THE SUPPRESOR THEN COMPLAININ BOUT A BAD BACK...I GOT A BAD BACK KID BAD .']",murderous - bombed - terrorists - brendan - detectives - wounds - prison - jesus - hunt - fully,False,12/11/2024 13:08,12/11/2024 13:08
firearm. Whilst luigi(i cant take this name seriously)just murdered a man lol,2,2_matter_acted_cause_gun,"['matter', 'acted', 'cause', 'gun', 'murderer', 'guy', 'proven', 'elliot', 'else', 'brother']","[""Luigi (allegedly) committed murder in broad daylight, while it's been proven in a court of law that Kyle acted in self-defense. You're either willfully ignorant of that fact, or just incredibly fucking stupid."", 'So luigi travel across many states line is okay?\n\nKyle travel 15 minutes drive to neighborhood he grew up to defend it from looters\nHe shots in self defense to 3 rioters who chase after him trying to harm him.\n\nLuigi travel thousands of miles\nTo kill a guy\n\nDEM❤️criminals', ""that I don't take sides? I never have and I never will\n\nwhat luigi did was not self defense if it was then it would have been justified as the other self defense thing was""]",matter - acted - cause - gun - murderer - guy - proven - elliot - else - brother,False,12/11/2024 12:24,12/11/2024 12:24
"Warra loser, stay at McDonalds

Just put the fries in the bag bro.

$luigi",3,3_danny_hell_guy_everyone,"['danny', 'hell', 'guy', 'everyone', 'strike', 'killed', 'fuck', 'actually', 'crazy', 'disaster']","['Everyone rn: I want Luigi to tear apart my holes and die from bleeding\n\nFav oomf: here are my favorite bakes of the year! ❤️ up next dark chocolate shortbread cookies 🍪🍫🍫👩\u200d🍳', '𝙏𝙝𝙚𝙮 𝙠𝙣𝙤𝙬 𝙬𝙝𝙖𝙩 𝙠𝙞𝙣𝙙 𝙤𝙛 𝙖 𝙥𝙚𝙧𝙨𝙤𝙣 𝙩𝙝𝙚𝙞𝙧 𝙘𝙝𝙞𝙡𝙙 𝙖𝙣𝙮𝙬𝙖𝙮 𝙗𝙚𝙛𝙤𝙧𝙚 𝙞𝙩 𝙝𝙖𝙥𝙥𝙚𝙣. \n\nIn the bible, it is better to discipline your child. \nI believe time will heal, but Luigi is unwell if you observe him very carefully', 'Tone, did ya hear the Luigi kid came out of hiding because he wanted a McFlurry.? You almost can’t blame the dumb little bastard, ya never know when those ice cream machine’s are workin, Skip. Ya gotta strike when the iron’s hot hehe']",danny - hell - guy - everyone - strike - killed - fuck - actually - crazy - disaster,False,12/11/2024 12:07,12/11/2024 12:07
"Looking up the social media profiles of those glad about Luigi Mangione and the majority of them aren’t listing an employer

To the extent they are, they’re dishwashers & minimum wage people, or have a boyfriend/husband paying all their bills

They’re failures & waste of humanity",0,0_mangioni_nick_scumbag_killer,"['mangioni', 'nick', 'scumbag', 'killer', 'hero', 'said', 'guy', 'hes', 'insane', 'much']","['The case of Luigi Mangione is the perfect example of what drives left wing zealotry.\n\nHe was a normal, successful dude. Once he got a debilitating back injury, he became impotent in relation to society. He became angry, hate-filled & resentful. Needed to blame others. Leftist.', 'Idolizing Luigi Mangione is a sign of low IQ\n\nHe is a retard that supposedly shot a dude for being unable to have gay sex anymore due to his back condition.\n\nNot a hero, and accomplished nothing in the grand scheme of things. It changes nothing', '""who did nothing to him* is the most essential part here.\n\nThe protestors blocking a road effectively took a lot of people hostage, the old man simply liberated everyone (based and justified)\n\nLuigi Mangione shot a man in the back who was just walking there.\n(cringe and gay)']",mangioni - nick - scumbag - killer - hero - said - guy - hes - insane - much,False,12/11/2024 11:19,12/11/2024 11:19
"🇺🇸 Grimace Reaper

▫Accused CEO murderer Luigi Mangione grins at hearing to fight extradition to NY after screaming outburst on the way in
▫ 
👉

#frontpagestoday #USA  🇺🇸",1,1_killer_murderer_donald_assassin,"['killer', 'murderer', 'donald', 'assassin', 'killed', 'kill', 'healthcare', 'guilty', 'innocent', 'trump']","[""why and how is luigi mangione pleading not guilty? obviously he is allowed to do that, but it makes no sense. \n\nnot only do they have fingerprint evidence, but they found him with the weapon and the manifesto. the manifesto implies the crime is something he wants credit for. i'm…"", 'SICKNESS\': Trump goes off on those with an ""appetite"" for elite cold-blooded killer suspect, torching liberals\' viral support of Luigi Mangione and saying, ""I don\'t get it.""', ""why and how is luigi mangione pleading not guilty? not only do they have fingerprint evidence, but they found him with the weapon and the manifesto. the manifesto implies the crime is something he wants credit for. i'm very confused. \n\ni'd love for someone who knows more about…""]",killer - murderer - donald - assassin - killed - kill - healthcare - guilty - innocent - trump,False,12/11/2024 11:15,12/11/2024 11:15
"Luigi Mangione has no aura and all of his stans are pathetic.

“A lot of people like the killer because they vicariously want to live through him. They're powerless, mediocre, poor, victims of the system, and it's part of this revenge fantasy.”

- Nick Fuentes ()",0,0_mangioni_nick_scumbag_killer,"['mangioni', 'nick', 'scumbag', 'killer', 'hero', 'said', 'guy', 'hes', 'insane', 'much']","['The case of Luigi Mangione is the perfect example of what drives left wing zealotry.\n\nHe was a normal, successful dude. Once he got a debilitating back injury, he became impotent in relation to society. He became angry, hate-filled & resentful. Needed to blame others. Leftist.', 'Idolizing Luigi Mangione is a sign of low IQ\n\nHe is a retard that supposedly shot a dude for being unable to have gay sex anymore due to his back condition.\n\nNot a hero, and accomplished nothing in the grand scheme of things. It changes nothing', '""who did nothing to him* is the most essential part here.\n\nThe protestors blocking a road effectively took a lot of people hostage, the old man simply liberated everyone (based and justified)\n\nLuigi Mangione shot a man in the back who was just walking there.\n(cringe and gay)']",mangioni - nick - scumbag - killer - hero - said - guy - hes - insane - much,False,12/11/2024 10:44,12/11/2024 10:44
"People like this are SICK! 
Reminds me of the M’s celebrating 9/11 !",9,9_crimes_arrested_killer_perpetrator,"['crimes', 'arrested', 'killer', 'perpetrator', 'vicious', 'baron', 'sin', 'hero', 'trending', 'police']","['Pennsylvania Governor Josh Shapiro goes off on people who are celebrating Luigi Mangione for allegedly murdering UnitedHealthcare CEO Brian Thompson.\n\n""In America, we do not kill people in cold blood to resolve policy differences or to express a viewpoint.""\n\nHe calls it…', 'Healthcare boss Brian Thompson’s killer may have fled New York, police say, via   \n\nUnless its blizzard snow. Im of the opinion people wearing hoodies covered up should be shot by default. As normally speaking their obviously up to no good.', 'Person who deleted/erased CEO of UnitedHealthCare is illegal immigrant came from Latin Spanish countries like Venezuela 🇻🇪 travel from Atlanta, Georgia to New York City and left state of New York in United States Of America. This is migrant crime related.\n\n~ Baron Tremayne Caple']",crimes - arrested - killer - perpetrator - vicious - baron - sin - hero - trending - police,False,12/11/2024 9:42,12/11/2024 9:42
This Luigi mangione's speech is something to worry about,0,0_mangioni_nick_scumbag_killer,"['mangioni', 'nick', 'scumbag', 'killer', 'hero', 'said', 'guy', 'hes', 'insane', 'much']","['The case of Luigi Mangione is the perfect example of what drives left wing zealotry.\n\nHe was a normal, successful dude. Once he got a debilitating back injury, he became impotent in relation to society. He became angry, hate-filled & resentful. Needed to blame others. Leftist.', 'Idolizing Luigi Mangione is a sign of low IQ\n\nHe is a retard that supposedly shot a dude for being unable to have gay sex anymore due to his back condition.\n\nNot a hero, and accomplished nothing in the grand scheme of things. It changes nothing', '""who did nothing to him* is the most essential part here.\n\nThe protestors blocking a road effectively took a lot of people hostage, the old man simply liberated everyone (based and justified)\n\nLuigi Mangione shot a man in the back who was just walking there.\n(cringe and gay)']",mangioni - nick - scumbag - killer - hero - said - guy - hes - insane - much,False,12/11/2024 9:30,12/11/2024 9:30
"How very considerate of him, avoid killing a lot of innocent people to kill one innocent person. 

These evil people should never see the light of day again",8,8_deserved_fucked_innocent_must,"['deserved', 'fucked', 'innocent', 'must', 'murderer', 'shame', 'evil', 'feared', 'offences', 'murdering']","[""Earth to the undocumented: American citizens love raping (shout out to Donny), shooting their own (refer to Luigi Magione) for that reason you will not be deported. #USA has a poor record stopping domestic terror. Heck, blonde Christian Charles Whitman massacred students in '66."", 'Yeah, you sound like Stalin. And Castro, and Mao. What you are, is a communist. It’s a shame New York doesn’t have the death penalty. Too bad Luigi didn’t do it here in Florida because we would give him the needle 💉 ☠️.', ""Barack Obama's violent activist.\nReal Motive-Obamacare feared\nUnitedHealth taking Obamacare business. Best let Luigi tell citizens that UHealth is bad. Get nation in uproar. Luigi orders from Obama “ Fix it-Luigi then jihad.” 14 yrold girl in WI radicalized to Jihad""]",deserved - fucked - innocent - must - murderer - shame - evil - feared - offences - murdering,False,12/11/2024 9:18,12/11/2024 9:18
"Very small frontal cortex for Luigi Mangione, probably caused him to become insane and stupid.",0,0_mangioni_nick_scumbag_killer,"['mangioni', 'nick', 'scumbag', 'killer', 'hero', 'said', 'guy', 'hes', 'insane', 'much']","['The case of Luigi Mangione is the perfect example of what drives left wing zealotry.\n\nHe was a normal, successful dude. Once he got a debilitating back injury, he became impotent in relation to society. He became angry, hate-filled & resentful. Needed to blame others. Leftist.', 'Idolizing Luigi Mangione is a sign of low IQ\n\nHe is a retard that supposedly shot a dude for being unable to have gay sex anymore due to his back condition.\n\nNot a hero, and accomplished nothing in the grand scheme of things. It changes nothing', '""who did nothing to him* is the most essential part here.\n\nThe protestors blocking a road effectively took a lot of people hostage, the old man simply liberated everyone (based and justified)\n\nLuigi Mangione shot a man in the back who was just walking there.\n(cringe and gay)']",mangioni - nick - scumbag - killer - hero - said - guy - hes - insane - much,False,12/11/2024 7:32,12/11/2024 7:32
Al Julani read Why Nations Fail and reconquer his country. Luigi read Ted Kaczynski and shoot a CEO with a silencer equipped gun. I can understand why women wants a a man who read now.,7,7_murderer_killer_killed_ceos,"['murderer', 'killer', 'killed', 'ceos', 'innocent', 'death', 'leftists', 'criminals', 'sentenced', 'riots']","['The defender of Luigi Machioni claims that her cliënt has no chance of getting a fair trial! But did Luigi Machioni that CEO Brian Thompson a fair chance? Absolutely not! Without any form of trial, without giving the CEO Thompson a chance to defend himself Luigi Machioni (see 2)', '🆘Shooter-No one will believe Luigi murdered, cowardly shot a man in the back because United didn’t care about his back ache.   a cocky ego like Obama & radicalized which led to careless actions for Obamacare issues for his mentor Obama-Luigi influencer', ""As cool as this picture is it also makes my blood boil. They don't even treat mass shooters like this. Dylann Roof got taken to fucking Burger King after killing 9 Black people, but Luigi pops one CEO and they act like he's the head of ISIS""]",murderer - killer - killed - ceos - innocent - death - leftists - criminals - sentenced - riots,False,12/11/2024 6:33,12/11/2024 6:33
The tough guy assassin Luigi Mangione ended up pissing his pants during an intake photo.😂,0,0_mangioni_nick_scumbag_killer,"['mangioni', 'nick', 'scumbag', 'killer', 'hero', 'said', 'guy', 'hes', 'insane', 'much']","['The case of Luigi Mangione is the perfect example of what drives left wing zealotry.\n\nHe was a normal, successful dude. Once he got a debilitating back injury, he became impotent in relation to society. He became angry, hate-filled & resentful. Needed to blame others. Leftist.', 'Idolizing Luigi Mangione is a sign of low IQ\n\nHe is a retard that supposedly shot a dude for being unable to have gay sex anymore due to his back condition.\n\nNot a hero, and accomplished nothing in the grand scheme of things. It changes nothing', '""who did nothing to him* is the most essential part here.\n\nThe protestors blocking a road effectively took a lot of people hostage, the old man simply liberated everyone (based and justified)\n\nLuigi Mangione shot a man in the back who was just walking there.\n(cringe and gay)']",mangioni - nick - scumbag - killer - hero - said - guy - hes - insane - much,False,12/11/2024 6:30,12/11/2024 6:30
"Luigi Mangione's ""manifesto""👇 is extremely disappointing. Is this even real? There are thousands of tweets out there that are much more elaborate, well-reasoned, stringent, articulate, and knowledgeable. 
I became highly skeptical of him when I saw that he likes Harari, and of…",0,0_mangioni_nick_scumbag_killer,"['mangioni', 'nick', 'scumbag', 'killer', 'hero', 'said', 'guy', 'hes', 'insane', 'much']","['The case of Luigi Mangione is the perfect example of what drives left wing zealotry.\n\nHe was a normal, successful dude. Once he got a debilitating back injury, he became impotent in relation to society. He became angry, hate-filled & resentful. Needed to blame others. Leftist.', 'Idolizing Luigi Mangione is a sign of low IQ\n\nHe is a retard that supposedly shot a dude for being unable to have gay sex anymore due to his back condition.\n\nNot a hero, and accomplished nothing in the grand scheme of things. It changes nothing', '""who did nothing to him* is the most essential part here.\n\nThe protestors blocking a road effectively took a lot of people hostage, the old man simply liberated everyone (based and justified)\n\nLuigi Mangione shot a man in the back who was just walking there.\n(cringe and gay)']",mangioni - nick - scumbag - killer - hero - said - guy - hes - insane - much,False,12/11/2024 6:04,12/11/2024 6:04
"You can tell Luigi was highly educated because of how his anger manifested in detailed scheming to k!ll a CEO, instead of just going on a mass shooting to k!ll innocents for attention",4,4_murderous_killed_assassin_death,"['murderous', 'killed', 'assassin', 'death', 'psychotic', 'guy', 'fuck', 'someone', 'rampage', 'prisoners']","['Elon family vibes? The only time he decided to start showing up with his kids was to use them as human shields after Luigi killed the health insurance CEO.', 'Luigi needed good parenting, a good figurative azz-whooping, and a JOB. \n\nInstead, he was coddled & funded in his dangerous misery by Liberal Microcosms of Society,\n\nwho are hell-bent on keeping vulnerable people poorly-informed & rage-fueled,\n\nbc that’s the only real way they,…', ""This is why we are a failing country. He avoids every possible reason for WHY people aren't upset that Luigi killed that guy. Instead he totes about 250 new citi bikes that will make life so much easier for people haha""]",murderous - killed - assassin - death - psychotic - guy - fuck - someone - rampage - prisoners,False,12/11/2024 5:40,12/11/2024 5:40
Nope you’re not the only one yes it seems like the guy he murdered did some terrible shit but good god almighty the way luigi killed him was no self defence Luigi needs to face the proper justice I hate the memes and glorification of the murder,2,2_matter_acted_cause_gun,"['matter', 'acted', 'cause', 'gun', 'murderer', 'guy', 'proven', 'elliot', 'else', 'brother']","[""Luigi (allegedly) committed murder in broad daylight, while it's been proven in a court of law that Kyle acted in self-defense. You're either willfully ignorant of that fact, or just incredibly fucking stupid."", 'So luigi travel across many states line is okay?\n\nKyle travel 15 minutes drive to neighborhood he grew up to defend it from looters\nHe shots in self defense to 3 rioters who chase after him trying to harm him.\n\nLuigi travel thousands of miles\nTo kill a guy\n\nDEM❤️criminals', ""that I don't take sides? I never have and I never will\n\nwhat luigi did was not self defense if it was then it would have been justified as the other self defense thing was""]",matter - acted - cause - gun - murderer - guy - proven - elliot - else - brother,False,12/11/2024 5:17,12/11/2024 5:17
"JESUS , I THOUGHT THIS LOUIGI BENADUCI CORLEONE....MANGIONE GUAVACELLI KID WAS SMART...THE ONLY GUYS HE DIDNT GIVE A PHOTO OPP TO WAS  KEEPIN THE GUNW THE SILENCER ..ITS 20 ALONE FOR THE SUPPRESOR THEN COMPLAININ BOUT A BAD BACK...I GOT A BAD BACK KID BAD .",5,5_murderous_bombed_terrorists_brendan,"['murderous', 'bombed', 'terrorists', 'brendan', 'detectives', 'wounds', 'prison', 'jesus', 'hunt', 'fully']","[""No proof Mangione did it, plenty of proof he's a rich Nazi\n\nNo proof the GFM raised supposedly in his name went to him, but his lawyer has repeatedly turned down funding offers. So $100k+ has gone to a very likely scam & almost none to ppl in real need bc y'all want heroes so bad"", 'Kyle tried to hunt humans.\n\nKyle got caught trying to hunt humans. \n\nKyle killed humans who realized they were being hunted and tried to defend themselves. \n\nKyle is a murderous sack of shit. \nMangione is a murderous sack of shit.', 'JESUS , I THOUGHT THIS LOUIGI BENADUCI CORLEONE....MANGIONE GUAVACELLI KID WAS SMART...THE ONLY GUYS HE DIDNT GIVE A PHOTO OPP TO WAS  KEEPIN THE GUNW THE SILENCER ..ITS 20 ALONE FOR THE SUPPRESOR THEN COMPLAININ BOUT A BAD BACK...I GOT A BAD BACK KID BAD .']",murderous - bombed - terrorists - brendan - detectives - wounds - prison - jesus - hunt - fully,True,12/11/2024 4:56,12/11/2024 4:56
what the fuck? I thought there was no possible way a Jew could be named Luigi but the complete lack of a prefrontal cortex is really making me doubt my initial assumption.,4,4_murderous_killed_assassin_death,"['murderous', 'killed', 'assassin', 'death', 'psychotic', 'guy', 'fuck', 'someone', 'rampage', 'prisoners']","['Elon family vibes? The only time he decided to start showing up with his kids was to use them as human shields after Luigi killed the health insurance CEO.', 'Luigi needed good parenting, a good figurative azz-whooping, and a JOB. \n\nInstead, he was coddled & funded in his dangerous misery by Liberal Microcosms of Society,\n\nwho are hell-bent on keeping vulnerable people poorly-informed & rage-fueled,\n\nbc that’s the only real way they,…', ""This is why we are a failing country. He avoids every possible reason for WHY people aren't upset that Luigi killed that guy. Instead he totes about 250 new citi bikes that will make life so much easier for people haha""]",murderous - killed - assassin - death - psychotic - guy - fuck - someone - rampage - prisoners,False,12/11/2024 4:52,12/11/2024 4:52
"Uhh solid wording there  
Luigi's family doesn't include recognised ties with organised crime due to his actions. 
Who would have thought the Mafia would distance themselves from a murderer?",2,2_matter_acted_cause_gun,"['matter', 'acted', 'cause', 'gun', 'murderer', 'guy', 'proven', 'elliot', 'else', 'brother']","[""Luigi (allegedly) committed murder in broad daylight, while it's been proven in a court of law that Kyle acted in self-defense. You're either willfully ignorant of that fact, or just incredibly fucking stupid."", 'So luigi travel across many states line is okay?\n\nKyle travel 15 minutes drive to neighborhood he grew up to defend it from looters\nHe shots in self defense to 3 rioters who chase after him trying to harm him.\n\nLuigi travel thousands of miles\nTo kill a guy\n\nDEM❤️criminals', ""that I don't take sides? I never have and I never will\n\nwhat luigi did was not self defense if it was then it would have been justified as the other self defense thing was""]",matter - acted - cause - gun - murderer - guy - proven - elliot - else - brother,False,12/11/2024 4:33,12/11/2024 4:33
Legal fund for Luigi Mangione already set up 🤦,0,0_mangioni_nick_scumbag_killer,"['mangioni', 'nick', 'scumbag', 'killer', 'hero', 'said', 'guy', 'hes', 'insane', 'much']","['The case of Luigi Mangione is the perfect example of what drives left wing zealotry.\n\nHe was a normal, successful dude. Once he got a debilitating back injury, he became impotent in relation to society. He became angry, hate-filled & resentful. Needed to blame others. Leftist.', 'Idolizing Luigi Mangione is a sign of low IQ\n\nHe is a retard that supposedly shot a dude for being unable to have gay sex anymore due to his back condition.\n\nNot a hero, and accomplished nothing in the grand scheme of things. It changes nothing', '""who did nothing to him* is the most essential part here.\n\nThe protestors blocking a road effectively took a lot of people hostage, the old man simply liberated everyone (based and justified)\n\nLuigi Mangione shot a man in the back who was just walking there.\n(cringe and gay)']",mangioni - nick - scumbag - killer - hero - said - guy - hes - insane - much,False,12/11/2024 4:02,12/11/2024 4:02
"I don’t know much about him, but from what I’ve read I very much disagree with Luigi Mangione’s motives. Not because he took the action he did, but because he doesn’t get to the heart of the matter. Why kill a CEO if another will replace him? 1/8",0,0_mangioni_nick_scumbag_killer,"['mangioni', 'nick', 'scumbag', 'killer', 'hero', 'said', 'guy', 'hes', 'insane', 'much']","['The case of Luigi Mangione is the perfect example of what drives left wing zealotry.\n\nHe was a normal, successful dude. Once he got a debilitating back injury, he became impotent in relation to society. He became angry, hate-filled & resentful. Needed to blame others. Leftist.', 'Idolizing Luigi Mangione is a sign of low IQ\n\nHe is a retard that supposedly shot a dude for being unable to have gay sex anymore due to his back condition.\n\nNot a hero, and accomplished nothing in the grand scheme of things. It changes nothing', '""who did nothing to him* is the most essential part here.\n\nThe protestors blocking a road effectively took a lot of people hostage, the old man simply liberated everyone (based and justified)\n\nLuigi Mangione shot a man in the back who was just walking there.\n(cringe and gay)']",mangioni - nick - scumbag - killer - hero - said - guy - hes - insane - much,False,12/11/2024 3:56,12/11/2024 3:56
Can't believe he tried to assasinate the UnitedHealthCare CEO... this is why we need to protect our local CEOs more!,9,9_crimes_arrested_killer_perpetrator,"['crimes', 'arrested', 'killer', 'perpetrator', 'vicious', 'baron', 'sin', 'hero', 'trending', 'police']","['Pennsylvania Governor Josh Shapiro goes off on people who are celebrating Luigi Mangione for allegedly murdering UnitedHealthcare CEO Brian Thompson.\n\n""In America, we do not kill people in cold blood to resolve policy differences or to express a viewpoint.""\n\nHe calls it…', 'Healthcare boss Brian Thompson’s killer may have fled New York, police say, via   \n\nUnless its blizzard snow. Im of the opinion people wearing hoodies covered up should be shot by default. As normally speaking their obviously up to no good.', 'Person who deleted/erased CEO of UnitedHealthCare is illegal immigrant came from Latin Spanish countries like Venezuela 🇻🇪 travel from Atlanta, Georgia to New York City and left state of New York in United States Of America. This is migrant crime related.\n\n~ Baron Tremayne Caple']",crimes - arrested - killer - perpetrator - vicious - baron - sin - hero - trending - police,False,12/11/2024 3:39,12/11/2024 3:39
"No one should be celebrating an assignation. 

Luigi isn’t a hero, and Brian wasn’t a villain.",3,3_danny_hell_guy_everyone,"['danny', 'hell', 'guy', 'everyone', 'strike', 'killed', 'fuck', 'actually', 'crazy', 'disaster']","['Everyone rn: I want Luigi to tear apart my holes and die from bleeding\n\nFav oomf: here are my favorite bakes of the year! ❤️ up next dark chocolate shortbread cookies 🍪🍫🍫👩\u200d🍳', '𝙏𝙝𝙚𝙮 𝙠𝙣𝙤𝙬 𝙬𝙝𝙖𝙩 𝙠𝙞𝙣𝙙 𝙤𝙛 𝙖 𝙥𝙚𝙧𝙨𝙤𝙣 𝙩𝙝𝙚𝙞𝙧 𝙘𝙝𝙞𝙡𝙙 𝙖𝙣𝙮𝙬𝙖𝙮 𝙗𝙚𝙛𝙤𝙧𝙚 𝙞𝙩 𝙝𝙖𝙥𝙥𝙚𝙣. \n\nIn the bible, it is better to discipline your child. \nI believe time will heal, but Luigi is unwell if you observe him very carefully', 'Tone, did ya hear the Luigi kid came out of hiding because he wanted a McFlurry.? You almost can’t blame the dumb little bastard, ya never know when those ice cream machine’s are workin, Skip. Ya gotta strike when the iron’s hot hehe']",danny - hell - guy - everyone - strike - killed - fuck - actually - crazy - disaster,False,12/11/2024 3:26,12/11/2024 3:26
"‘Insult to Intelligence of American People’: UnitedHealthcare CEO Brian Thompson Murder Accused Luigi Mangione Shouts As Police Drag Him to Court (Watch Video)



#LuigiMan #BrianThompson #UnitedHealthcare",9,9_crimes_arrested_killer_perpetrator,"['crimes', 'arrested', 'killer', 'perpetrator', 'vicious', 'baron', 'sin', 'hero', 'trending', 'police']","['Pennsylvania Governor Josh Shapiro goes off on people who are celebrating Luigi Mangione for allegedly murdering UnitedHealthcare CEO Brian Thompson.\n\n""In America, we do not kill people in cold blood to resolve policy differences or to express a viewpoint.""\n\nHe calls it…', 'Healthcare boss Brian Thompson’s killer may have fled New York, police say, via   \n\nUnless its blizzard snow. Im of the opinion people wearing hoodies covered up should be shot by default. As normally speaking their obviously up to no good.', 'Person who deleted/erased CEO of UnitedHealthCare is illegal immigrant came from Latin Spanish countries like Venezuela 🇻🇪 travel from Atlanta, Georgia to New York City and left state of New York in United States Of America. This is migrant crime related.\n\n~ Baron Tremayne Caple']",crimes - arrested - killer - perpetrator - vicious - baron - sin - hero - trending - police,False,12/11/2024 2:59,12/11/2024 2:59
"My diagnosis of depraved celebrations of Luigi Mangione, especially on college campuses:

For the past year, the anti-Israel FAR left has decided that ‘all resistance is justified.’

The world is divided into two buckets, sans nuance: oppressor and oppressed. Capitalist CEOs are…",1,1_killer_murderer_donald_assassin,"['killer', 'murderer', 'donald', 'assassin', 'killed', 'kill', 'healthcare', 'guilty', 'innocent', 'trump']","[""why and how is luigi mangione pleading not guilty? obviously he is allowed to do that, but it makes no sense. \n\nnot only do they have fingerprint evidence, but they found him with the weapon and the manifesto. the manifesto implies the crime is something he wants credit for. i'm…"", 'SICKNESS\': Trump goes off on those with an ""appetite"" for elite cold-blooded killer suspect, torching liberals\' viral support of Luigi Mangione and saying, ""I don\'t get it.""', ""why and how is luigi mangione pleading not guilty? not only do they have fingerprint evidence, but they found him with the weapon and the manifesto. the manifesto implies the crime is something he wants credit for. i'm very confused. \n\ni'd love for someone who knows more about…""]",killer - murderer - donald - assassin - killed - kill - healthcare - guilty - innocent - trump,False,12/11/2024 2:58,12/11/2024 2:58
"The Ivy League has a hand in the indoctrination of students into domestic terrorism ideologies. Penn professors are celebrating their student’s vicious murder of United Healthcare President, Brian Thompson. Our tax dollars are funding this. What do you think about that?",9,9_crimes_arrested_killer_perpetrator,"['crimes', 'arrested', 'killer', 'perpetrator', 'vicious', 'baron', 'sin', 'hero', 'trending', 'police']","['Pennsylvania Governor Josh Shapiro goes off on people who are celebrating Luigi Mangione for allegedly murdering UnitedHealthcare CEO Brian Thompson.\n\n""In America, we do not kill people in cold blood to resolve policy differences or to express a viewpoint.""\n\nHe calls it…', 'Healthcare boss Brian Thompson’s killer may have fled New York, police say, via   \n\nUnless its blizzard snow. Im of the opinion people wearing hoodies covered up should be shot by default. As normally speaking their obviously up to no good.', 'Person who deleted/erased CEO of UnitedHealthCare is illegal immigrant came from Latin Spanish countries like Venezuela 🇻🇪 travel from Atlanta, Georgia to New York City and left state of New York in United States Of America. This is migrant crime related.\n\n~ Baron Tremayne Caple']",crimes - arrested - killer - perpetrator - vicious - baron - sin - hero - trending - police,False,12/11/2024 2:52,12/11/2024 2:52
Red tag all the girls who are talking about the Mangione guy being attractive. Such perspective is extremely cooked.,0,0_mangioni_nick_scumbag_killer,"['mangioni', 'nick', 'scumbag', 'killer', 'hero', 'said', 'guy', 'hes', 'insane', 'much']","['The case of Luigi Mangione is the perfect example of what drives left wing zealotry.\n\nHe was a normal, successful dude. Once he got a debilitating back injury, he became impotent in relation to society. He became angry, hate-filled & resentful. Needed to blame others. Leftist.', 'Idolizing Luigi Mangione is a sign of low IQ\n\nHe is a retard that supposedly shot a dude for being unable to have gay sex anymore due to his back condition.\n\nNot a hero, and accomplished nothing in the grand scheme of things. It changes nothing', '""who did nothing to him* is the most essential part here.\n\nThe protestors blocking a road effectively took a lot of people hostage, the old man simply liberated everyone (based and justified)\n\nLuigi Mangione shot a man in the back who was just walking there.\n(cringe and gay)']",mangioni - nick - scumbag - killer - hero - said - guy - hes - insane - much,False,12/11/2024 2:44,12/11/2024 2:44
i say we pull up to the prison where luigi at with the 비밀 rocket MY BAZOOKA!!!,4,4_murderous_killed_assassin_death,"['murderous', 'killed', 'assassin', 'death', 'psychotic', 'guy', 'fuck', 'someone', 'rampage', 'prisoners']","['Elon family vibes? The only time he decided to start showing up with his kids was to use them as human shields after Luigi killed the health insurance CEO.', 'Luigi needed good parenting, a good figurative azz-whooping, and a JOB. \n\nInstead, he was coddled & funded in his dangerous misery by Liberal Microcosms of Society,\n\nwho are hell-bent on keeping vulnerable people poorly-informed & rage-fueled,\n\nbc that’s the only real way they,…', ""This is why we are a failing country. He avoids every possible reason for WHY people aren't upset that Luigi killed that guy. Instead he totes about 250 new citi bikes that will make life so much easier for people haha""]",murderous - killed - assassin - death - psychotic - guy - fuck - someone - rampage - prisoners,False,12/11/2024 2:39,12/11/2024 2:39
"Stay on message.
If the fall guy is innocent, nobody cares. If the shooter is innocent, hunting CEOs for sport becomes LEGAL. So, Luigi is the shooter even if he isn't and we need to spread the term ""jury nullification"".",7,7_murderer_killer_killed_ceos,"['murderer', 'killer', 'killed', 'ceos', 'innocent', 'death', 'leftists', 'criminals', 'sentenced', 'riots']","['The defender of Luigi Machioni claims that her cliënt has no chance of getting a fair trial! But did Luigi Machioni that CEO Brian Thompson a fair chance? Absolutely not! Without any form of trial, without giving the CEO Thompson a chance to defend himself Luigi Machioni (see 2)', '🆘Shooter-No one will believe Luigi murdered, cowardly shot a man in the back because United didn’t care about his back ache.   a cocky ego like Obama & radicalized which led to careless actions for Obamacare issues for his mentor Obama-Luigi influencer', ""As cool as this picture is it also makes my blood boil. They don't even treat mass shooters like this. Dylann Roof got taken to fucking Burger King after killing 9 Black people, but Luigi pops one CEO and they act like he's the head of ISIS""]",murderer - killer - killed - ceos - innocent - death - leftists - criminals - sentenced - riots,False,12/11/2024 2:39,12/11/2024 2:39
I know what he’s implying. He’s wrong. Luigi was caught with a smoking gun.,2,2_matter_acted_cause_gun,"['matter', 'acted', 'cause', 'gun', 'murderer', 'guy', 'proven', 'elliot', 'else', 'brother']","[""Luigi (allegedly) committed murder in broad daylight, while it's been proven in a court of law that Kyle acted in self-defense. You're either willfully ignorant of that fact, or just incredibly fucking stupid."", 'So luigi travel across many states line is okay?\n\nKyle travel 15 minutes drive to neighborhood he grew up to defend it from looters\nHe shots in self defense to 3 rioters who chase after him trying to harm him.\n\nLuigi travel thousands of miles\nTo kill a guy\n\nDEM❤️criminals', ""that I don't take sides? I never have and I never will\n\nwhat luigi did was not self defense if it was then it would have been justified as the other self defense thing was""]",matter - acted - cause - gun - murderer - guy - proven - elliot - else - brother,False,12/11/2024 2:04,12/11/2024 2:04
Luigi is a murder. Kyle Rittenhouse isn’t!,2,2_matter_acted_cause_gun,"['matter', 'acted', 'cause', 'gun', 'murderer', 'guy', 'proven', 'elliot', 'else', 'brother']","[""Luigi (allegedly) committed murder in broad daylight, while it's been proven in a court of law that Kyle acted in self-defense. You're either willfully ignorant of that fact, or just incredibly fucking stupid."", 'So luigi travel across many states line is okay?\n\nKyle travel 15 minutes drive to neighborhood he grew up to defend it from looters\nHe shots in self defense to 3 rioters who chase after him trying to harm him.\n\nLuigi travel thousands of miles\nTo kill a guy\n\nDEM❤️criminals', ""that I don't take sides? I never have and I never will\n\nwhat luigi did was not self defense if it was then it would have been justified as the other self defense thing was""]",matter - acted - cause - gun - murderer - guy - proven - elliot - else - brother,False,12/11/2024 2:02,12/11/2024 2:02
"Mangione's desire to ""clarify the situation himself"" may be an attempt to control the narrative and potentially manipulate the investigation.",5,5_murderous_bombed_terrorists_brendan,"['murderous', 'bombed', 'terrorists', 'brendan', 'detectives', 'wounds', 'prison', 'jesus', 'hunt', 'fully']","[""No proof Mangione did it, plenty of proof he's a rich Nazi\n\nNo proof the GFM raised supposedly in his name went to him, but his lawyer has repeatedly turned down funding offers. So $100k+ has gone to a very likely scam & almost none to ppl in real need bc y'all want heroes so bad"", 'Kyle tried to hunt humans.\n\nKyle got caught trying to hunt humans. \n\nKyle killed humans who realized they were being hunted and tried to defend themselves. \n\nKyle is a murderous sack of shit. \nMangione is a murderous sack of shit.', 'JESUS , I THOUGHT THIS LOUIGI BENADUCI CORLEONE....MANGIONE GUAVACELLI KID WAS SMART...THE ONLY GUYS HE DIDNT GIVE A PHOTO OPP TO WAS  KEEPIN THE GUNW THE SILENCER ..ITS 20 ALONE FOR THE SUPPRESOR THEN COMPLAININ BOUT A BAD BACK...I GOT A BAD BACK KID BAD .']",murderous - bombed - terrorists - brendan - detectives - wounds - prison - jesus - hunt - fully,False,12/11/2024 1:51,12/11/2024 1:51
So when do we start the revolution? Or we just advocate to throw someone like Luigi to the pit,4,4_murderous_killed_assassin_death,"['murderous', 'killed', 'assassin', 'death', 'psychotic', 'guy', 'fuck', 'someone', 'rampage', 'prisoners']","['Elon family vibes? The only time he decided to start showing up with his kids was to use them as human shields after Luigi killed the health insurance CEO.', 'Luigi needed good parenting, a good figurative azz-whooping, and a JOB. \n\nInstead, he was coddled & funded in his dangerous misery by Liberal Microcosms of Society,\n\nwho are hell-bent on keeping vulnerable people poorly-informed & rage-fueled,\n\nbc that’s the only real way they,…', ""This is why we are a failing country. He avoids every possible reason for WHY people aren't upset that Luigi killed that guy. Instead he totes about 250 new citi bikes that will make life so much easier for people haha""]",murderous - killed - assassin - death - psychotic - guy - fuck - someone - rampage - prisoners,False,12/11/2024 1:45,12/11/2024 1:45
"I'll keep it simple: if the CEO of a health insurance company had chased Luigi Mangione across a dark parking lot screaming death threats at him, Luigi would have been justified in ventilating that guy.

But the CEO didn't.

So Luigi wasn't.",4,4_murderous_killed_assassin_death,"['murderous', 'killed', 'assassin', 'death', 'psychotic', 'guy', 'fuck', 'someone', 'rampage', 'prisoners']","['Elon family vibes? The only time he decided to start showing up with his kids was to use them as human shields after Luigi killed the health insurance CEO.', 'Luigi needed good parenting, a good figurative azz-whooping, and a JOB. \n\nInstead, he was coddled & funded in his dangerous misery by Liberal Microcosms of Society,\n\nwho are hell-bent on keeping vulnerable people poorly-informed & rage-fueled,\n\nbc that’s the only real way they,…', ""This is why we are a failing country. He avoids every possible reason for WHY people aren't upset that Luigi killed that guy. Instead he totes about 250 new citi bikes that will make life so much easier for people haha""]",murderous - killed - assassin - death - psychotic - guy - fuck - someone - rampage - prisoners,False,12/11/2024 1:25,12/11/2024 1:25
"This is the left's new hero? 

He's so proud of what he did he's fighting extradition to New York to face the murder charge and was screaming like a little bitch as he was led into the hearing.
😂😂😂😂😂",8,8_deserved_fucked_innocent_must,"['deserved', 'fucked', 'innocent', 'must', 'murderer', 'shame', 'evil', 'feared', 'offences', 'murdering']","[""Earth to the undocumented: American citizens love raping (shout out to Donny), shooting their own (refer to Luigi Magione) for that reason you will not be deported. #USA has a poor record stopping domestic terror. Heck, blonde Christian Charles Whitman massacred students in '66."", 'Yeah, you sound like Stalin. And Castro, and Mao. What you are, is a communist. It’s a shame New York doesn’t have the death penalty. Too bad Luigi didn’t do it here in Florida because we would give him the needle 💉 ☠️.', ""Barack Obama's violent activist.\nReal Motive-Obamacare feared\nUnitedHealth taking Obamacare business. Best let Luigi tell citizens that UHealth is bad. Get nation in uproar. Luigi orders from Obama “ Fix it-Luigi then jihad.” 14 yrold girl in WI radicalized to Jihad""]",deserved - fucked - innocent - must - murderer - shame - evil - feared - offences - murdering,False,12/11/2024 1:08,12/11/2024 1:08
"Reminder:

Corrupt Tyrannical Democrats would have listed Brian Thompsons death as Covid related in 2020, 2021, 2022 & 2023 to scam more taxpayer dollars.

Brian Thompson, CEO of UnitedHealthcare was murdered in cold blood by Luigi Mangione aka The UniBrow #TheUniBrowMurder.",6,6_healthcare_insurance_killer_murdering,"['healthcare', 'insurance', 'killer', 'murdering', 'taxpayer', 'whose', 'bankrupt', 'justice', 'experts', 'companies']","['🚨NEW PODCAST EPISODE OUT NOW🚨\n\n discuss the extraordinary response to the murder of US health insurance boss Brian Thompson. \n\nHow can anyone celebrate his cold-blooded killing? The Matts test their theory that everything before “but” is bullsh*t', ""I understand the anger at insurance companies. But I'm appalled by the glorification in some quarters of the murder of Brian Thompson. Yes, he was an insurance executive, but he was also a dad and certainly didn't deserve to be executed and have people jeer at his family's loss."", 'Won’t delete this.\n\nBrian Thompson, UHC CEO, was a winner. Everyone has a death. His family will live in wealth centuries after his.\n\nCan’t say the same of socialist vermin who lose their healthcare 😢.\n\nThey’re losers whose deaths will cleanse the earth of their filthy presence.']",healthcare - insurance - killer - murdering - taxpayer - whose - bankrupt - justice - experts - companies,False,12/11/2024 0:50,12/11/2024 0:50
The creepy idolisation of Luigi Mangione,0,0_mangioni_nick_scumbag_killer,"['mangioni', 'nick', 'scumbag', 'killer', 'hero', 'said', 'guy', 'hes', 'insane', 'much']","['The case of Luigi Mangione is the perfect example of what drives left wing zealotry.\n\nHe was a normal, successful dude. Once he got a debilitating back injury, he became impotent in relation to society. He became angry, hate-filled & resentful. Needed to blame others. Leftist.', 'Idolizing Luigi Mangione is a sign of low IQ\n\nHe is a retard that supposedly shot a dude for being unable to have gay sex anymore due to his back condition.\n\nNot a hero, and accomplished nothing in the grand scheme of things. It changes nothing', '""who did nothing to him* is the most essential part here.\n\nThe protestors blocking a road effectively took a lot of people hostage, the old man simply liberated everyone (based and justified)\n\nLuigi Mangione shot a man in the back who was just walking there.\n(cringe and gay)']",mangioni - nick - scumbag - killer - hero - said - guy - hes - insane - much,False,12/11/2024 0:38,12/11/2024 0:38
"An insult to the American people’: Alleged New York gunman Luigi Mangione involved in a tense scuffle with police outside court. 

#NewYorkCrime",1,1_killer_murderer_donald_assassin,"['killer', 'murderer', 'donald', 'assassin', 'killed', 'kill', 'healthcare', 'guilty', 'innocent', 'trump']","[""why and how is luigi mangione pleading not guilty? obviously he is allowed to do that, but it makes no sense. \n\nnot only do they have fingerprint evidence, but they found him with the weapon and the manifesto. the manifesto implies the crime is something he wants credit for. i'm…"", 'SICKNESS\': Trump goes off on those with an ""appetite"" for elite cold-blooded killer suspect, torching liberals\' viral support of Luigi Mangione and saying, ""I don\'t get it.""', ""why and how is luigi mangione pleading not guilty? not only do they have fingerprint evidence, but they found him with the weapon and the manifesto. the manifesto implies the crime is something he wants credit for. i'm very confused. \n\ni'd love for someone who knows more about…""]",killer - murderer - donald - assassin - killed - kill - healthcare - guilty - innocent - trump,False,12/11/2024 0:21,12/11/2024 0:21
Luigi should've hit trump instead,3,3_danny_hell_guy_everyone,"['danny', 'hell', 'guy', 'everyone', 'strike', 'killed', 'fuck', 'actually', 'crazy', 'disaster']","['Everyone rn: I want Luigi to tear apart my holes and die from bleeding\n\nFav oomf: here are my favorite bakes of the year! ❤️ up next dark chocolate shortbread cookies 🍪🍫🍫👩\u200d🍳', '𝙏𝙝𝙚𝙮 𝙠𝙣𝙤𝙬 𝙬𝙝𝙖𝙩 𝙠𝙞𝙣𝙙 𝙤𝙛 𝙖 𝙥𝙚𝙧𝙨𝙤𝙣 𝙩𝙝𝙚𝙞𝙧 𝙘𝙝𝙞𝙡𝙙 𝙖𝙣𝙮𝙬𝙖𝙮 𝙗𝙚𝙛𝙤𝙧𝙚 𝙞𝙩 𝙝𝙖𝙥𝙥𝙚𝙣. \n\nIn the bible, it is better to discipline your child. \nI believe time will heal, but Luigi is unwell if you observe him very carefully', 'Tone, did ya hear the Luigi kid came out of hiding because he wanted a McFlurry.? You almost can’t blame the dumb little bastard, ya never know when those ice cream machine’s are workin, Skip. Ya gotta strike when the iron’s hot hehe']",danny - hell - guy - everyone - strike - killed - fuck - actually - crazy - disaster,False,12/11/2024 0:03,12/11/2024 0:03
"omg, stop romanticizing Luigi Mangione all over Twitter... 

I can't like all your posts so fast 😭",0,0_mangioni_nick_scumbag_killer,"['mangioni', 'nick', 'scumbag', 'killer', 'hero', 'said', 'guy', 'hes', 'insane', 'much']","['The case of Luigi Mangione is the perfect example of what drives left wing zealotry.\n\nHe was a normal, successful dude. Once he got a debilitating back injury, he became impotent in relation to society. He became angry, hate-filled & resentful. Needed to blame others. Leftist.', 'Idolizing Luigi Mangione is a sign of low IQ\n\nHe is a retard that supposedly shot a dude for being unable to have gay sex anymore due to his back condition.\n\nNot a hero, and accomplished nothing in the grand scheme of things. It changes nothing', '""who did nothing to him* is the most essential part here.\n\nThe protestors blocking a road effectively took a lot of people hostage, the old man simply liberated everyone (based and justified)\n\nLuigi Mangione shot a man in the back who was just walking there.\n(cringe and gay)']",mangioni - nick - scumbag - killer - hero - said - guy - hes - insane - much,False,12/10/2024 23:55,12/10/2024 23:55
Brian Thompson smiling up at you rn,6,6_healthcare_insurance_killer_murdering,"['healthcare', 'insurance', 'killer', 'murdering', 'taxpayer', 'whose', 'bankrupt', 'justice', 'experts', 'companies']","['🚨NEW PODCAST EPISODE OUT NOW🚨\n\n discuss the extraordinary response to the murder of US health insurance boss Brian Thompson. \n\nHow can anyone celebrate his cold-blooded killing? The Matts test their theory that everything before “but” is bullsh*t', ""I understand the anger at insurance companies. But I'm appalled by the glorification in some quarters of the murder of Brian Thompson. Yes, he was an insurance executive, but he was also a dad and certainly didn't deserve to be executed and have people jeer at his family's loss."", 'Won’t delete this.\n\nBrian Thompson, UHC CEO, was a winner. Everyone has a death. His family will live in wealth centuries after his.\n\nCan’t say the same of socialist vermin who lose their healthcare 😢.\n\nThey’re losers whose deaths will cleanse the earth of their filthy presence.']",healthcare - insurance - killer - murdering - taxpayer - whose - bankrupt - justice - experts - companies,False,12/10/2024 23:03,12/10/2024 23:03
"Liberals across the country are exposing their ignorance by comparing Daniel Penny or Kyle Rittenhouse to Luigi Mangione.

Daniel and Kyle were literally defending their own lives from violent lunatics with criminal records

Luigi committed premeditated murder. Not the same.",1,1_killer_murderer_donald_assassin,"['killer', 'murderer', 'donald', 'assassin', 'killed', 'kill', 'healthcare', 'guilty', 'innocent', 'trump']","[""why and how is luigi mangione pleading not guilty? obviously he is allowed to do that, but it makes no sense. \n\nnot only do they have fingerprint evidence, but they found him with the weapon and the manifesto. the manifesto implies the crime is something he wants credit for. i'm…"", 'SICKNESS\': Trump goes off on those with an ""appetite"" for elite cold-blooded killer suspect, torching liberals\' viral support of Luigi Mangione and saying, ""I don\'t get it.""', ""why and how is luigi mangione pleading not guilty? not only do they have fingerprint evidence, but they found him with the weapon and the manifesto. the manifesto implies the crime is something he wants credit for. i'm very confused. \n\ni'd love for someone who knows more about…""]",killer - murderer - donald - assassin - killed - kill - healthcare - guilty - innocent - trump,False,12/10/2024 22:30,12/10/2024 22:30
"🆘Shooter-No one will believe Luigi murdered, cowardly shot a man in the back because United didn’t care about his back ache.   a cocky ego like Obama & radicalized which led to careless actions for Obamacare issues for his mentor Obama-Luigi influencer",7,7_murderer_killer_killed_ceos,"['murderer', 'killer', 'killed', 'ceos', 'innocent', 'death', 'leftists', 'criminals', 'sentenced', 'riots']","['The defender of Luigi Machioni claims that her cliënt has no chance of getting a fair trial! But did Luigi Machioni that CEO Brian Thompson a fair chance? Absolutely not! Without any form of trial, without giving the CEO Thompson a chance to defend himself Luigi Machioni (see 2)', '🆘Shooter-No one will believe Luigi murdered, cowardly shot a man in the back because United didn’t care about his back ache.   a cocky ego like Obama & radicalized which led to careless actions for Obamacare issues for his mentor Obama-Luigi influencer', ""As cool as this picture is it also makes my blood boil. They don't even treat mass shooters like this. Dylann Roof got taken to fucking Burger King after killing 9 Black people, but Luigi pops one CEO and they act like he's the head of ISIS""]",murderer - killer - killed - ceos - innocent - death - leftists - criminals - sentenced - riots,True,12/10/2024 22:28,12/10/2024 22:28
Someone keep her away from Luigi Mangione,0,0_mangioni_nick_scumbag_killer,"['mangioni', 'nick', 'scumbag', 'killer', 'hero', 'said', 'guy', 'hes', 'insane', 'much']","['The case of Luigi Mangione is the perfect example of what drives left wing zealotry.\n\nHe was a normal, successful dude. Once he got a debilitating back injury, he became impotent in relation to society. He became angry, hate-filled & resentful. Needed to blame others. Leftist.', 'Idolizing Luigi Mangione is a sign of low IQ\n\nHe is a retard that supposedly shot a dude for being unable to have gay sex anymore due to his back condition.\n\nNot a hero, and accomplished nothing in the grand scheme of things. It changes nothing', '""who did nothing to him* is the most essential part here.\n\nThe protestors blocking a road effectively took a lot of people hostage, the old man simply liberated everyone (based and justified)\n\nLuigi Mangione shot a man in the back who was just walking there.\n(cringe and gay)']",mangioni - nick - scumbag - killer - hero - said - guy - hes - insane - much,False,12/10/2024 22:05,12/10/2024 22:05
Extradite this guy to New York and give him all that he deserves as a murderer and all other offences discovered.,8,8_deserved_fucked_innocent_must,"['deserved', 'fucked', 'innocent', 'must', 'murderer', 'shame', 'evil', 'feared', 'offences', 'murdering']","[""Earth to the undocumented: American citizens love raping (shout out to Donny), shooting their own (refer to Luigi Magione) for that reason you will not be deported. #USA has a poor record stopping domestic terror. Heck, blonde Christian Charles Whitman massacred students in '66."", 'Yeah, you sound like Stalin. And Castro, and Mao. What you are, is a communist. It’s a shame New York doesn’t have the death penalty. Too bad Luigi didn’t do it here in Florida because we would give him the needle 💉 ☠️.', ""Barack Obama's violent activist.\nReal Motive-Obamacare feared\nUnitedHealth taking Obamacare business. Best let Luigi tell citizens that UHealth is bad. Get nation in uproar. Luigi orders from Obama “ Fix it-Luigi then jihad.” 14 yrold girl in WI radicalized to Jihad""]",deserved - fucked - innocent - must - murderer - shame - evil - feared - offences - murdering,False,12/10/2024 22:02,12/10/2024 22:02
lUIGI mANGIONE will REGRET DEEPLY FOR REAL HIS (LET'S CALL A SPADE A SPADE) crime WHEN HE IS required by law to murder every remaining ceo in america.,1,1_killer_murderer_donald_assassin,"['killer', 'murderer', 'donald', 'assassin', 'killed', 'kill', 'healthcare', 'guilty', 'innocent', 'trump']","[""why and how is luigi mangione pleading not guilty? obviously he is allowed to do that, but it makes no sense. \n\nnot only do they have fingerprint evidence, but they found him with the weapon and the manifesto. the manifesto implies the crime is something he wants credit for. i'm…"", 'SICKNESS\': Trump goes off on those with an ""appetite"" for elite cold-blooded killer suspect, torching liberals\' viral support of Luigi Mangione and saying, ""I don\'t get it.""', ""why and how is luigi mangione pleading not guilty? not only do they have fingerprint evidence, but they found him with the weapon and the manifesto. the manifesto implies the crime is something he wants credit for. i'm very confused. \n\ni'd love for someone who knows more about…""]",killer - murderer - donald - assassin - killed - kill - healthcare - guilty - innocent - trump,False,12/10/2024 22:01,12/10/2024 22:01
"The left is always supporting criminals and killers. George Floyd, Neely, and now Luigi. Why are they all so violent?",7,7_murderer_killer_killed_ceos,"['murderer', 'killer', 'killed', 'ceos', 'innocent', 'death', 'leftists', 'criminals', 'sentenced', 'riots']","['The defender of Luigi Machioni claims that her cliënt has no chance of getting a fair trial! But did Luigi Machioni that CEO Brian Thompson a fair chance? Absolutely not! Without any form of trial, without giving the CEO Thompson a chance to defend himself Luigi Machioni (see 2)', '🆘Shooter-No one will believe Luigi murdered, cowardly shot a man in the back because United didn’t care about his back ache.   a cocky ego like Obama & radicalized which led to careless actions for Obamacare issues for his mentor Obama-Luigi influencer', ""As cool as this picture is it also makes my blood boil. They don't even treat mass shooters like this. Dylann Roof got taken to fucking Burger King after killing 9 Black people, but Luigi pops one CEO and they act like he's the head of ISIS""]",murderer - killer - killed - ceos - innocent - death - leftists - criminals - sentenced - riots,False,12/10/2024 21:59,12/10/2024 21:59
Why Luigi whyyyyy,3,3_danny_hell_guy_everyone,"['danny', 'hell', 'guy', 'everyone', 'strike', 'killed', 'fuck', 'actually', 'crazy', 'disaster']","['Everyone rn: I want Luigi to tear apart my holes and die from bleeding\n\nFav oomf: here are my favorite bakes of the year! ❤️ up next dark chocolate shortbread cookies 🍪🍫🍫👩\u200d🍳', '𝙏𝙝𝙚𝙮 𝙠𝙣𝙤𝙬 𝙬𝙝𝙖𝙩 𝙠𝙞𝙣𝙙 𝙤𝙛 𝙖 𝙥𝙚𝙧𝙨𝙤𝙣 𝙩𝙝𝙚𝙞𝙧 𝙘𝙝𝙞𝙡𝙙 𝙖𝙣𝙮𝙬𝙖𝙮 𝙗𝙚𝙛𝙤𝙧𝙚 𝙞𝙩 𝙝𝙖𝙥𝙥𝙚𝙣. \n\nIn the bible, it is better to discipline your child. \nI believe time will heal, but Luigi is unwell if you observe him very carefully', 'Tone, did ya hear the Luigi kid came out of hiding because he wanted a McFlurry.? You almost can’t blame the dumb little bastard, ya never know when those ice cream machine’s are workin, Skip. Ya gotta strike when the iron’s hot hehe']",danny - hell - guy - everyone - strike - killed - fuck - actually - crazy - disaster,False,12/10/2024 21:53,12/10/2024 21:53
"I’m sorry, but this is one of the most ridiculous tweets that I’ve EVER seen, I’m absolutely shocked by what he is saying..
Remember, Luigi Mangione, is the person alleged to be on video, shooting a man in cold blood, multiple times in the street.

Jesus Christ.",1,1_killer_murderer_donald_assassin,"['killer', 'murderer', 'donald', 'assassin', 'killed', 'kill', 'healthcare', 'guilty', 'innocent', 'trump']","[""why and how is luigi mangione pleading not guilty? obviously he is allowed to do that, but it makes no sense. \n\nnot only do they have fingerprint evidence, but they found him with the weapon and the manifesto. the manifesto implies the crime is something he wants credit for. i'm…"", 'SICKNESS\': Trump goes off on those with an ""appetite"" for elite cold-blooded killer suspect, torching liberals\' viral support of Luigi Mangione and saying, ""I don\'t get it.""', ""why and how is luigi mangione pleading not guilty? not only do they have fingerprint evidence, but they found him with the weapon and the manifesto. the manifesto implies the crime is something he wants credit for. i'm very confused. \n\ni'd love for someone who knows more about…""]",killer - murderer - donald - assassin - killed - kill - healthcare - guilty - innocent - trump,False,12/10/2024 21:35,12/10/2024 21:35
"So your calling yourself an entitled rich 1%er, like Luigi and his aristocratic family that owned nursing homes that were being investigated for abuse?

Good to know.",4,4_murderous_killed_assassin_death,"['murderous', 'killed', 'assassin', 'death', 'psychotic', 'guy', 'fuck', 'someone', 'rampage', 'prisoners']","['Elon family vibes? The only time he decided to start showing up with his kids was to use them as human shields after Luigi killed the health insurance CEO.', 'Luigi needed good parenting, a good figurative azz-whooping, and a JOB. \n\nInstead, he was coddled & funded in his dangerous misery by Liberal Microcosms of Society,\n\nwho are hell-bent on keeping vulnerable people poorly-informed & rage-fueled,\n\nbc that’s the only real way they,…', ""This is why we are a failing country. He avoids every possible reason for WHY people aren't upset that Luigi killed that guy. Instead he totes about 250 new citi bikes that will make life so much easier for people haha""]",murderous - killed - assassin - death - psychotic - guy - fuck - someone - rampage - prisoners,False,12/10/2024 21:27,12/10/2024 21:27
"So, Luigi the murderer is a  hater you say. 😏",2,2_matter_acted_cause_gun,"['matter', 'acted', 'cause', 'gun', 'murderer', 'guy', 'proven', 'elliot', 'else', 'brother']","[""Luigi (allegedly) committed murder in broad daylight, while it's been proven in a court of law that Kyle acted in self-defense. You're either willfully ignorant of that fact, or just incredibly fucking stupid."", 'So luigi travel across many states line is okay?\n\nKyle travel 15 minutes drive to neighborhood he grew up to defend it from looters\nHe shots in self defense to 3 rioters who chase after him trying to harm him.\n\nLuigi travel thousands of miles\nTo kill a guy\n\nDEM❤️criminals', ""that I don't take sides? I never have and I never will\n\nwhat luigi did was not self defense if it was then it would have been justified as the other self defense thing was""]",matter - acted - cause - gun - murderer - guy - proven - elliot - else - brother,False,12/10/2024 21:00,12/10/2024 21:00
"Completely backwards take - Neely bravely subdued and killed a violent man threatening to kill others on the subway.

Mangione seems to be a mentally ill man who decided to kill a totally innocent man who's also a father. 
The CEO certainly can't be blamed for all the issues or…",1,1_killer_murderer_donald_assassin,"['killer', 'murderer', 'donald', 'assassin', 'killed', 'kill', 'healthcare', 'guilty', 'innocent', 'trump']","[""why and how is luigi mangione pleading not guilty? obviously he is allowed to do that, but it makes no sense. \n\nnot only do they have fingerprint evidence, but they found him with the weapon and the manifesto. the manifesto implies the crime is something he wants credit for. i'm…"", 'SICKNESS\': Trump goes off on those with an ""appetite"" for elite cold-blooded killer suspect, torching liberals\' viral support of Luigi Mangione and saying, ""I don\'t get it.""', ""why and how is luigi mangione pleading not guilty? not only do they have fingerprint evidence, but they found him with the weapon and the manifesto. the manifesto implies the crime is something he wants credit for. i'm very confused. \n\ni'd love for someone who knows more about…""]",killer - murderer - donald - assassin - killed - kill - healthcare - guilty - innocent - trump,False,12/10/2024 20:49,12/10/2024 20:49
Rats and Snitches! Mob Turns on McDonald's Where CEO Killer Was Captured - Todd Starnes. Perhaps the mob would be ok with Mangione killing anyone else. They are fools and ignorant ones too,1,1_killer_murderer_donald_assassin,"['killer', 'murderer', 'donald', 'assassin', 'killed', 'kill', 'healthcare', 'guilty', 'innocent', 'trump']","[""why and how is luigi mangione pleading not guilty? obviously he is allowed to do that, but it makes no sense. \n\nnot only do they have fingerprint evidence, but they found him with the weapon and the manifesto. the manifesto implies the crime is something he wants credit for. i'm…"", 'SICKNESS\': Trump goes off on those with an ""appetite"" for elite cold-blooded killer suspect, torching liberals\' viral support of Luigi Mangione and saying, ""I don\'t get it.""', ""why and how is luigi mangione pleading not guilty? not only do they have fingerprint evidence, but they found him with the weapon and the manifesto. the manifesto implies the crime is something he wants credit for. i'm very confused. \n\ni'd love for someone who knows more about…""]",killer - murderer - donald - assassin - killed - kill - healthcare - guilty - innocent - trump,False,12/10/2024 20:28,12/10/2024 20:28
Stop comparing Luigi Mangione to ; Kyle preserved his life according to the Laws of Nature; nothing similar can be said about Luigi Mangione.,0,0_mangioni_nick_scumbag_killer,"['mangioni', 'nick', 'scumbag', 'killer', 'hero', 'said', 'guy', 'hes', 'insane', 'much']","['The case of Luigi Mangione is the perfect example of what drives left wing zealotry.\n\nHe was a normal, successful dude. Once he got a debilitating back injury, he became impotent in relation to society. He became angry, hate-filled & resentful. Needed to blame others. Leftist.', 'Idolizing Luigi Mangione is a sign of low IQ\n\nHe is a retard that supposedly shot a dude for being unable to have gay sex anymore due to his back condition.\n\nNot a hero, and accomplished nothing in the grand scheme of things. It changes nothing', '""who did nothing to him* is the most essential part here.\n\nThe protestors blocking a road effectively took a lot of people hostage, the old man simply liberated everyone (based and justified)\n\nLuigi Mangione shot a man in the back who was just walking there.\n(cringe and gay)']",mangioni - nick - scumbag - killer - hero - said - guy - hes - insane - much,False,12/10/2024 20:12,12/10/2024 20:12
Why are/is X spelling Luigi Mangione’s name incorrectly it is NOT Manglione There is no L in his surname. The man is a murderer end of,1,1_killer_murderer_donald_assassin,"['killer', 'murderer', 'donald', 'assassin', 'killed', 'kill', 'healthcare', 'guilty', 'innocent', 'trump']","[""why and how is luigi mangione pleading not guilty? obviously he is allowed to do that, but it makes no sense. \n\nnot only do they have fingerprint evidence, but they found him with the weapon and the manifesto. the manifesto implies the crime is something he wants credit for. i'm…"", 'SICKNESS\': Trump goes off on those with an ""appetite"" for elite cold-blooded killer suspect, torching liberals\' viral support of Luigi Mangione and saying, ""I don\'t get it.""', ""why and how is luigi mangione pleading not guilty? not only do they have fingerprint evidence, but they found him with the weapon and the manifesto. the manifesto implies the crime is something he wants credit for. i'm very confused. \n\ni'd love for someone who knows more about…""]",killer - murderer - donald - assassin - killed - kill - healthcare - guilty - innocent - trump,False,12/10/2024 19:57,12/10/2024 19:57
"I have seen 3 porn ho's say they are in love with Luigi the murderer - however they all got trashed for it. Meanwhile Columbian HitWoman ""The Doll"" herself got trashed because thousands of male trolls offered to ""cure"" her in a sexual fashion.",2,2_matter_acted_cause_gun,"['matter', 'acted', 'cause', 'gun', 'murderer', 'guy', 'proven', 'elliot', 'else', 'brother']","[""Luigi (allegedly) committed murder in broad daylight, while it's been proven in a court of law that Kyle acted in self-defense. You're either willfully ignorant of that fact, or just incredibly fucking stupid."", 'So luigi travel across many states line is okay?\n\nKyle travel 15 minutes drive to neighborhood he grew up to defend it from looters\nHe shots in self defense to 3 rioters who chase after him trying to harm him.\n\nLuigi travel thousands of miles\nTo kill a guy\n\nDEM❤️criminals', ""that I don't take sides? I never have and I never will\n\nwhat luigi did was not self defense if it was then it would have been justified as the other self defense thing was""]",matter - acted - cause - gun - murderer - guy - proven - elliot - else - brother,False,12/10/2024 19:49,12/10/2024 19:49
Luigi should join the Peckerwoods and put a hit on Jesse Waters.,3,3_danny_hell_guy_everyone,"['danny', 'hell', 'guy', 'everyone', 'strike', 'killed', 'fuck', 'actually', 'crazy', 'disaster']","['Everyone rn: I want Luigi to tear apart my holes and die from bleeding\n\nFav oomf: here are my favorite bakes of the year! ❤️ up next dark chocolate shortbread cookies 🍪🍫🍫👩\u200d🍳', '𝙏𝙝𝙚𝙮 𝙠𝙣𝙤𝙬 𝙬𝙝𝙖𝙩 𝙠𝙞𝙣𝙙 𝙤𝙛 𝙖 𝙥𝙚𝙧𝙨𝙤𝙣 𝙩𝙝𝙚𝙞𝙧 𝙘𝙝𝙞𝙡𝙙 𝙖𝙣𝙮𝙬𝙖𝙮 𝙗𝙚𝙛𝙤𝙧𝙚 𝙞𝙩 𝙝𝙖𝙥𝙥𝙚𝙣. \n\nIn the bible, it is better to discipline your child. \nI believe time will heal, but Luigi is unwell if you observe him very carefully', 'Tone, did ya hear the Luigi kid came out of hiding because he wanted a McFlurry.? You almost can’t blame the dumb little bastard, ya never know when those ice cream machine’s are workin, Skip. Ya gotta strike when the iron’s hot hehe']",danny - hell - guy - everyone - strike - killed - fuck - actually - crazy - disaster,False,12/10/2024 19:48,12/10/2024 19:48
"That Luigi Mangione scenario....

Ladies and gentlemen, we're about to have another Ted Bundy situation hahaha",0,0_mangioni_nick_scumbag_killer,"['mangioni', 'nick', 'scumbag', 'killer', 'hero', 'said', 'guy', 'hes', 'insane', 'much']","['The case of Luigi Mangione is the perfect example of what drives left wing zealotry.\n\nHe was a normal, successful dude. Once he got a debilitating back injury, he became impotent in relation to society. He became angry, hate-filled & resentful. Needed to blame others. Leftist.', 'Idolizing Luigi Mangione is a sign of low IQ\n\nHe is a retard that supposedly shot a dude for being unable to have gay sex anymore due to his back condition.\n\nNot a hero, and accomplished nothing in the grand scheme of things. It changes nothing', '""who did nothing to him* is the most essential part here.\n\nThe protestors blocking a road effectively took a lot of people hostage, the old man simply liberated everyone (based and justified)\n\nLuigi Mangione shot a man in the back who was just walking there.\n(cringe and gay)']",mangioni - nick - scumbag - killer - hero - said - guy - hes - insane - much,False,12/10/2024 19:39,12/10/2024 19:39
"Daniel Penny is guilty of murder, shut the fuck up, he didn’t have to kill that dude. 

Luigi is a fucking plant and the internet collective is too stupid to see it.

Let me off this rock",2,2_matter_acted_cause_gun,"['matter', 'acted', 'cause', 'gun', 'murderer', 'guy', 'proven', 'elliot', 'else', 'brother']","[""Luigi (allegedly) committed murder in broad daylight, while it's been proven in a court of law that Kyle acted in self-defense. You're either willfully ignorant of that fact, or just incredibly fucking stupid."", 'So luigi travel across many states line is okay?\n\nKyle travel 15 minutes drive to neighborhood he grew up to defend it from looters\nHe shots in self defense to 3 rioters who chase after him trying to harm him.\n\nLuigi travel thousands of miles\nTo kill a guy\n\nDEM❤️criminals', ""that I don't take sides? I never have and I never will\n\nwhat luigi did was not self defense if it was then it would have been justified as the other self defense thing was""]",matter - acted - cause - gun - murderer - guy - proven - elliot - else - brother,False,12/10/2024 19:28,12/10/2024 19:28
Fuck that lil gay looking luigi nigga,3,3_danny_hell_guy_everyone,"['danny', 'hell', 'guy', 'everyone', 'strike', 'killed', 'fuck', 'actually', 'crazy', 'disaster']","['Everyone rn: I want Luigi to tear apart my holes and die from bleeding\n\nFav oomf: here are my favorite bakes of the year! ❤️ up next dark chocolate shortbread cookies 🍪🍫🍫👩\u200d🍳', '𝙏𝙝𝙚𝙮 𝙠𝙣𝙤𝙬 𝙬𝙝𝙖𝙩 𝙠𝙞𝙣𝙙 𝙤𝙛 𝙖 𝙥𝙚𝙧𝙨𝙤𝙣 𝙩𝙝𝙚𝙞𝙧 𝙘𝙝𝙞𝙡𝙙 𝙖𝙣𝙮𝙬𝙖𝙮 𝙗𝙚𝙛𝙤𝙧𝙚 𝙞𝙩 𝙝𝙖𝙥𝙥𝙚𝙣. \n\nIn the bible, it is better to discipline your child. \nI believe time will heal, but Luigi is unwell if you observe him very carefully', 'Tone, did ya hear the Luigi kid came out of hiding because he wanted a McFlurry.? You almost can’t blame the dumb little bastard, ya never know when those ice cream machine’s are workin, Skip. Ya gotta strike when the iron’s hot hehe']",danny - hell - guy - everyone - strike - killed - fuck - actually - crazy - disaster,False,12/10/2024 19:21,12/10/2024 19:21
Imagine if he started doing yoga in prison and that just magically fixed everything,8,8_deserved_fucked_innocent_must,"['deserved', 'fucked', 'innocent', 'must', 'murderer', 'shame', 'evil', 'feared', 'offences', 'murdering']","[""Earth to the undocumented: American citizens love raping (shout out to Donny), shooting their own (refer to Luigi Magione) for that reason you will not be deported. #USA has a poor record stopping domestic terror. Heck, blonde Christian Charles Whitman massacred students in '66."", 'Yeah, you sound like Stalin. And Castro, and Mao. What you are, is a communist. It’s a shame New York doesn’t have the death penalty. Too bad Luigi didn’t do it here in Florida because we would give him the needle 💉 ☠️.', ""Barack Obama's violent activist.\nReal Motive-Obamacare feared\nUnitedHealth taking Obamacare business. Best let Luigi tell citizens that UHealth is bad. Get nation in uproar. Luigi orders from Obama “ Fix it-Luigi then jihad.” 14 yrold girl in WI radicalized to Jihad""]",deserved - fucked - innocent - must - murderer - shame - evil - feared - offences - murdering,False,12/10/2024 19:13,12/10/2024 19:13
