Document,Topic,Name,Representation,Representative_Docs,Top_n_words,Representative_document,Date,DateTime
I want everyone to know that this is #FAKENEWS! The man in this video is NOT #UnitedHealthcare's CEO Brian Thompson! ALL LIES! Presented by none other than Biden's corrupt DOJ & the corrupt Blackstone Group!!! He was fighting them both at the time of his murder!! NO COINCIDENCES!,1,1_died_genocide_healthcare_ceos,"['died', 'genocide', 'healthcare', 'ceos', 'unitedhealthcareceo', 'warren', 'care', 'god', 'celebrity', 'activists']","['Brian Thompson was one of the many CEOs of the departments below you have to understand that. the media never looks into anything and they deliberately on purpose lie to you. the CEO of United healthcare was knighted by Queen Elizabeth!!!', 'Ron, you gotta check yourself. Tweeting all this anti-Brian Thompson/United Healthcare stuff right now appears to justify his killing. I get being anti-corporate greed but justifying the murder of a CEO (esp. without knowing nothing about him) is plain wrong', ""I guess little fella didn't learn. He constantly demonizes CEOs. Brian Thompson CEO of United Healthcare was MURDERED yesterday in NYC. Instead of giving it a rest little fella doubles down on disparaging another CEO. Looks like litter fella won't stop until all CEOs are murdered""]",died - genocide - healthcare - ceos - unitedhealthcareceo - warren - care - god - celebrity - activists,False,12/9/2024 16:01,12/9/2024 16:01
"The assassination of UnitedHealthcare CEO Brian Thompson is a lot like the assassination of JFK in the sense that both men died as martyrs who fought tirelessly to better the lives of the American people, and the only ones left cheering were the Southern hicks and the commies.",1,1_died_genocide_healthcare_ceos,"['died', 'genocide', 'healthcare', 'ceos', 'unitedhealthcareceo', 'warren', 'care', 'god', 'celebrity', 'activists']","['Brian Thompson was one of the many CEOs of the departments below you have to understand that. the media never looks into anything and they deliberately on purpose lie to you. the CEO of United healthcare was knighted by Queen Elizabeth!!!', 'Ron, you gotta check yourself. Tweeting all this anti-Brian Thompson/United Healthcare stuff right now appears to justify his killing. I get being anti-corporate greed but justifying the murder of a CEO (esp. without knowing nothing about him) is plain wrong', ""I guess little fella didn't learn. He constantly demonizes CEOs. Brian Thompson CEO of United Healthcare was MURDERED yesterday in NYC. Instead of giving it a rest little fella doubles down on disparaging another CEO. Looks like litter fella won't stop until all CEOs are murdered""]",died - genocide - healthcare - ceos - unitedhealthcareceo - warren - care - god - celebrity - activists,False,12/8/2024 22:56,12/8/2024 22:56
This is a fantastic portrait of deposed United Health CEO Brian Thompson.,1,1_died_genocide_healthcare_ceos,"['died', 'genocide', 'healthcare', 'ceos', 'unitedhealthcareceo', 'warren', 'care', 'god', 'celebrity', 'activists']","['Brian Thompson was one of the many CEOs of the departments below you have to understand that. the media never looks into anything and they deliberately on purpose lie to you. the CEO of United healthcare was knighted by Queen Elizabeth!!!', 'Ron, you gotta check yourself. Tweeting all this anti-Brian Thompson/United Healthcare stuff right now appears to justify his killing. I get being anti-corporate greed but justifying the murder of a CEO (esp. without knowing nothing about him) is plain wrong', ""I guess little fella didn't learn. He constantly demonizes CEOs. Brian Thompson CEO of United Healthcare was MURDERED yesterday in NYC. Instead of giving it a rest little fella doubles down on disparaging another CEO. Looks like litter fella won't stop until all CEOs are murdered""]",died - genocide - healthcare - ceos - unitedhealthcareceo - warren - care - god - celebrity - activists,False,12/8/2024 19:25,12/8/2024 19:25
Most people celebrating the murder of the UnitedHealthcare CEO are lazy couch bums and bored suburbanites trying to sound like an edgy vigilante.,4,4_obamacare_insurance_deaths_demise,"['obamacare', 'insurance', 'deaths', 'demise', 'everyone', 'empathy', 'reporter', 'union', 'insane', 'tears']","[""For all of you clutching your pearls about the CEO shooter understand he's done more to fight corruption in the insurance world than the last 59 years of congress hearings and panels and investigations #LuigManigone #UnitedHealthcare"", 'OMG. Former NYT “reporter” Taylor Lorenz doubles down on gloating over the m*rder of the UnitedHealthcare CEO:\n\n“Am I going to shed tears or have empathy for somebody who has facilitated the deaths of thousands of innocent Americans?"" \n\nWhat a psycho.', 'Chris Murphy…. “I’m never going to condone gun violence”…. Then goes on to basically justify the murder of the UnitedHealthCare CEO. \n\nHe also seems to forget that the insurance industry is heavily regulated in all they do due to the ObamaCare act which he voted for.']",obamacare - insurance - deaths - demise - everyone - empathy - reporter - union - insane - tears,False,12/8/2024 13:34,12/8/2024 13:34
UnitedHealthcare covers old really folks with various doctors they need even in their nineties! HUMANA too!,3,3_healthcare_hospitals_insights_leadership,"['healthcare', 'hospitals', 'insights', 'leadership', 'medicaid', 'benefits', 'medicare', 'healthy', 'leading', 'assassin']","[""Special announcement: We're now in-network with #UnitedHealthcare (#Optum)! That’s good news for their members who want treatment at one of the nation’s leading hospitals for psychiatric or addiction treatment. Call 713-275-5400 for more info."", 'UnitedHealthcare (UHC) offers a food benefit that provides a monthly credit to help pay for healthy food and over-the-counter (OTC) products. The credit is loaded onto a UCard, which can be used at participating stores or online.', 'Got a new job and I get benefits imma make this money then use those benefits to have the surgery on my knees that I’ve needed for years 😭 been walking around with a torn LCL, ACL, meniscus, patellar tendon, and broken foot for 2 years I’m so happy rn ily Luigi.']",healthcare - hospitals - insights - leadership - medicaid - benefits - medicare - healthy - leading - assassin,False,12/8/2024 5:06,12/8/2024 5:06
Support the Brian Thompson universal healthcare act of 2025. Honor Brian as he would have wanted.,1,1_died_genocide_healthcare_ceos,"['died', 'genocide', 'healthcare', 'ceos', 'unitedhealthcareceo', 'warren', 'care', 'god', 'celebrity', 'activists']","['Brian Thompson was one of the many CEOs of the departments below you have to understand that. the media never looks into anything and they deliberately on purpose lie to you. the CEO of United healthcare was knighted by Queen Elizabeth!!!', 'Ron, you gotta check yourself. Tweeting all this anti-Brian Thompson/United Healthcare stuff right now appears to justify his killing. I get being anti-corporate greed but justifying the murder of a CEO (esp. without knowing nothing about him) is plain wrong', ""I guess little fella didn't learn. He constantly demonizes CEOs. Brian Thompson CEO of United Healthcare was MURDERED yesterday in NYC. Instead of giving it a rest little fella doubles down on disparaging another CEO. Looks like litter fella won't stop until all CEOs are murdered""]",died - genocide - healthcare - ceos - unitedhealthcareceo - warren - care - god - celebrity - activists,False,12/8/2024 4:14,12/8/2024 4:14
"I agree. I’m getting a lot of hate for my opinion on this. But I stand by what I said. If you cheer on Brian Thompson’s killer, you are evil.",2,2_healthcare_claim_hypocrite_executive,"['healthcare', 'claim', 'hypocrite', 'executive', 'said', 'compassion', 'kill', 'liberated', 'elites', 'killer']","['Brian Thompson was a chad actual middle class dude who earned generational wealth wealth for his wife and kids. Can’t say the same for the socialists celebrating his death who might lose their healthcare and will see their precious Gaza turn to rubble', 'Anyone, and I mean anyone celebrating the tragic end of Brian Thompson is a hypocrite, a cancer on society, or both. Yes, they need prayer, although they probably also need the kind of corrective discipline their parents likely were too liberated to afford them the benefit of…', 'The idea that Brian Thompson deserved to die because he was a rich healthcare executive appears to be...a disturbingly popular sentiment. You cannot claim to be the movement of compassion & tolerance while gleefully celebrating a dad of two getting shot to death. So vile.']",healthcare - claim - hypocrite - executive - said - compassion - kill - liberated - elites - killer,False,12/7/2024 20:44,12/7/2024 20:44
"There are way too many people who are okay with the murder of Brian Thompson, the UnitedHealthcare CEO.",1,1_died_genocide_healthcare_ceos,"['died', 'genocide', 'healthcare', 'ceos', 'unitedhealthcareceo', 'warren', 'care', 'god', 'celebrity', 'activists']","['Brian Thompson was one of the many CEOs of the departments below you have to understand that. the media never looks into anything and they deliberately on purpose lie to you. the CEO of United healthcare was knighted by Queen Elizabeth!!!', 'Ron, you gotta check yourself. Tweeting all this anti-Brian Thompson/United Healthcare stuff right now appears to justify his killing. I get being anti-corporate greed but justifying the murder of a CEO (esp. without knowing nothing about him) is plain wrong', ""I guess little fella didn't learn. He constantly demonizes CEOs. Brian Thompson CEO of United Healthcare was MURDERED yesterday in NYC. Instead of giving it a rest little fella doubles down on disparaging another CEO. Looks like litter fella won't stop until all CEOs are murdered""]",died - genocide - healthcare - ceos - unitedhealthcareceo - warren - care - god - celebrity - activists,False,12/7/2024 11:50,12/7/2024 11:50
"On Wednesday December 4th 2024, my uncle, Brian Thompson, a husband and father of two children, was brutally executed in the middle of Manhattan by a gunshot-wound to the heart from a vigilante-leftist who was upset about their insurance coverage. 

People online are not only…",2,2_healthcare_claim_hypocrite_executive,"['healthcare', 'claim', 'hypocrite', 'executive', 'said', 'compassion', 'kill', 'liberated', 'elites', 'killer']","['Brian Thompson was a chad actual middle class dude who earned generational wealth wealth for his wife and kids. Can’t say the same for the socialists celebrating his death who might lose their healthcare and will see their precious Gaza turn to rubble', 'Anyone, and I mean anyone celebrating the tragic end of Brian Thompson is a hypocrite, a cancer on society, or both. Yes, they need prayer, although they probably also need the kind of corrective discipline their parents likely were too liberated to afford them the benefit of…', 'The idea that Brian Thompson deserved to die because he was a rich healthcare executive appears to be...a disturbingly popular sentiment. You cannot claim to be the movement of compassion & tolerance while gleefully celebrating a dad of two getting shot to death. So vile.']",healthcare - claim - hypocrite - executive - said - compassion - kill - liberated - elites - killer,False,12/7/2024 11:42,12/7/2024 11:42
"OMG. Former NYT “reporter” Taylor Lorenz doubles down on gloating over the m*rder of the UnitedHealthcare CEO:

“Am I going to shed tears or have empathy for somebody who has facilitated the deaths of thousands of innocent Americans?"" 

What a psycho.",4,4_obamacare_insurance_deaths_demise,"['obamacare', 'insurance', 'deaths', 'demise', 'everyone', 'empathy', 'reporter', 'union', 'insane', 'tears']","[""For all of you clutching your pearls about the CEO shooter understand he's done more to fight corruption in the insurance world than the last 59 years of congress hearings and panels and investigations #LuigManigone #UnitedHealthcare"", 'OMG. Former NYT “reporter” Taylor Lorenz doubles down on gloating over the m*rder of the UnitedHealthcare CEO:\n\n“Am I going to shed tears or have empathy for somebody who has facilitated the deaths of thousands of innocent Americans?"" \n\nWhat a psycho.', 'Chris Murphy…. “I’m never going to condone gun violence”…. Then goes on to basically justify the murder of the UnitedHealthCare CEO. \n\nHe also seems to forget that the insurance industry is heavily regulated in all they do due to the ObamaCare act which he voted for.']",obamacare - insurance - deaths - demise - everyone - empathy - reporter - union - insane - tears,True,12/7/2024 7:19,12/7/2024 7:19
People have been so happy on here the past few days I think it might be the first time UnitedHealthcare has ever helped with mental health,3,3_healthcare_hospitals_insights_leadership,"['healthcare', 'hospitals', 'insights', 'leadership', 'medicaid', 'benefits', 'medicare', 'healthy', 'leading', 'assassin']","[""Special announcement: We're now in-network with #UnitedHealthcare (#Optum)! That’s good news for their members who want treatment at one of the nation’s leading hospitals for psychiatric or addiction treatment. Call 713-275-5400 for more info."", 'UnitedHealthcare (UHC) offers a food benefit that provides a monthly credit to help pay for healthy food and over-the-counter (OTC) products. The credit is loaded onto a UCard, which can be used at participating stores or online.', 'Got a new job and I get benefits imma make this money then use those benefits to have the surgery on my knees that I’ve needed for years 😭 been walking around with a torn LCL, ACL, meniscus, patellar tendon, and broken foot for 2 years I’m so happy rn ily Luigi.']",healthcare - hospitals - insights - leadership - medicaid - benefits - medicare - healthy - leading - assassin,False,12/7/2024 1:34,12/7/2024 1:34
"WOW: CNN guest Neill Franklin absurdly suggests that UnitedHealthcare CEO Brian Thompson hired someone to murder him for ""insurance purposes."" 

These people are literally INSANE… 🤡",4,4_obamacare_insurance_deaths_demise,"['obamacare', 'insurance', 'deaths', 'demise', 'everyone', 'empathy', 'reporter', 'union', 'insane', 'tears']","[""For all of you clutching your pearls about the CEO shooter understand he's done more to fight corruption in the insurance world than the last 59 years of congress hearings and panels and investigations #LuigManigone #UnitedHealthcare"", 'OMG. Former NYT “reporter” Taylor Lorenz doubles down on gloating over the m*rder of the UnitedHealthcare CEO:\n\n“Am I going to shed tears or have empathy for somebody who has facilitated the deaths of thousands of innocent Americans?"" \n\nWhat a psycho.', 'Chris Murphy…. “I’m never going to condone gun violence”…. Then goes on to basically justify the murder of the UnitedHealthCare CEO. \n\nHe also seems to forget that the insurance industry is heavily regulated in all they do due to the ObamaCare act which he voted for.']",obamacare - insurance - deaths - demise - everyone - empathy - reporter - union - insane - tears,False,12/6/2024 22:51,12/6/2024 22:51
"""The elites have tricked you into thinking that Brian Thompson is your enemy""",2,2_healthcare_claim_hypocrite_executive,"['healthcare', 'claim', 'hypocrite', 'executive', 'said', 'compassion', 'kill', 'liberated', 'elites', 'killer']","['Brian Thompson was a chad actual middle class dude who earned generational wealth wealth for his wife and kids. Can’t say the same for the socialists celebrating his death who might lose their healthcare and will see their precious Gaza turn to rubble', 'Anyone, and I mean anyone celebrating the tragic end of Brian Thompson is a hypocrite, a cancer on society, or both. Yes, they need prayer, although they probably also need the kind of corrective discipline their parents likely were too liberated to afford them the benefit of…', 'The idea that Brian Thompson deserved to die because he was a rich healthcare executive appears to be...a disturbingly popular sentiment. You cannot claim to be the movement of compassion & tolerance while gleefully celebrating a dad of two getting shot to death. So vile.']",healthcare - claim - hypocrite - executive - said - compassion - kill - liberated - elites - killer,False,12/6/2024 15:57,12/6/2024 15:57
"💼 UnitedHealthcare Deny Defend Depose – because corporate strategies deserve a bold statement. Wear it loud, wear it proud! 🛒 Grab yours now 👉",5,5_healthcare_obamacare_care_health,"['healthcare', 'obamacare', 'care', 'health', 'compassionate', 'insurance', 'greatful', 'corporate', 'proud', 'profits']","['This is a prime example of the good of  buying X. Would this have came out prior to him buying X? Good on this woman coming forward and exposing UnitedHealthcare.', '💼 UnitedHealthcare Deny Defend Depose – because corporate strategies deserve a bold statement. Wear it loud, wear it proud! 🛒 Grab yours now 👉', 'It’s atrocious that anyone is defending the murder of the UnitedHealthcare CEO as some kind of blow against private health insurance. Government-designed insurance under Obamacare has been a disaster—higher costs for worse outcomes and less access to care.']",healthcare - obamacare - care - health - compassionate - insurance - greatful - corporate - proud - profits,True,12/6/2024 13:44,12/6/2024 13:44
"Gear up like an assassin, but this time with healthcare on your side. 🗡️💊 Show off your stealthy style with the Assassin’s Creed UnitedHealthcare! Perfect for gamers and healthcare warriors alike. 🖤 Grab yours now! 👉",3,3_healthcare_hospitals_insights_leadership,"['healthcare', 'hospitals', 'insights', 'leadership', 'medicaid', 'benefits', 'medicare', 'healthy', 'leading', 'assassin']","[""Special announcement: We're now in-network with #UnitedHealthcare (#Optum)! That’s good news for their members who want treatment at one of the nation’s leading hospitals for psychiatric or addiction treatment. Call 713-275-5400 for more info."", 'UnitedHealthcare (UHC) offers a food benefit that provides a monthly credit to help pay for healthy food and over-the-counter (OTC) products. The credit is loaded onto a UCard, which can be used at participating stores or online.', 'Got a new job and I get benefits imma make this money then use those benefits to have the surgery on my knees that I’ve needed for years 😭 been walking around with a torn LCL, ACL, meniscus, patellar tendon, and broken foot for 2 years I’m so happy rn ily Luigi.']",healthcare - hospitals - insights - leadership - medicaid - benefits - medicare - healthy - leading - assassin,False,12/6/2024 9:09,12/6/2024 9:09
"UnitedHealthcare (UHC) offers a food benefit that provides a monthly credit to help pay for healthy food and over-the-counter (OTC) products. The credit is loaded onto a UCard, which can be used at participating stores or online.",3,3_healthcare_hospitals_insights_leadership,"['healthcare', 'hospitals', 'insights', 'leadership', 'medicaid', 'benefits', 'medicare', 'healthy', 'leading', 'assassin']","[""Special announcement: We're now in-network with #UnitedHealthcare (#Optum)! That’s good news for their members who want treatment at one of the nation’s leading hospitals for psychiatric or addiction treatment. Call 713-275-5400 for more info."", 'UnitedHealthcare (UHC) offers a food benefit that provides a monthly credit to help pay for healthy food and over-the-counter (OTC) products. The credit is loaded onto a UCard, which can be used at participating stores or online.', 'Got a new job and I get benefits imma make this money then use those benefits to have the surgery on my knees that I’ve needed for years 😭 been walking around with a torn LCL, ACL, meniscus, patellar tendon, and broken foot for 2 years I’m so happy rn ily Luigi.']",healthcare - hospitals - insights - leadership - medicaid - benefits - medicare - healthy - leading - assassin,True,12/6/2024 3:56,12/6/2024 3:56
"Ron, you gotta check yourself. Tweeting all this anti-Brian Thompson/United Healthcare stuff right now appears to justify his killing. I get being anti-corporate greed but justifying the murder of a CEO (esp. without knowing nothing about him) is plain wrong",1,1_died_genocide_healthcare_ceos,"['died', 'genocide', 'healthcare', 'ceos', 'unitedhealthcareceo', 'warren', 'care', 'god', 'celebrity', 'activists']","['Brian Thompson was one of the many CEOs of the departments below you have to understand that. the media never looks into anything and they deliberately on purpose lie to you. the CEO of United healthcare was knighted by Queen Elizabeth!!!', 'Ron, you gotta check yourself. Tweeting all this anti-Brian Thompson/United Healthcare stuff right now appears to justify his killing. I get being anti-corporate greed but justifying the murder of a CEO (esp. without knowing nothing about him) is plain wrong', ""I guess little fella didn't learn. He constantly demonizes CEOs. Brian Thompson CEO of United Healthcare was MURDERED yesterday in NYC. Instead of giving it a rest little fella doubles down on disparaging another CEO. Looks like litter fella won't stop until all CEOs are murdered""]",died - genocide - healthcare - ceos - unitedhealthcareceo - warren - care - god - celebrity - activists,True,12/6/2024 3:21,12/6/2024 3:21
Discover the latest insights about UnitedHealthcare and its CEO Brian Thompson. Learn how his leadership is transforming the healthcare landscape.,3,3_healthcare_hospitals_insights_leadership,"['healthcare', 'hospitals', 'insights', 'leadership', 'medicaid', 'benefits', 'medicare', 'healthy', 'leading', 'assassin']","[""Special announcement: We're now in-network with #UnitedHealthcare (#Optum)! That’s good news for their members who want treatment at one of the nation’s leading hospitals for psychiatric or addiction treatment. Call 713-275-5400 for more info."", 'UnitedHealthcare (UHC) offers a food benefit that provides a monthly credit to help pay for healthy food and over-the-counter (OTC) products. The credit is loaded onto a UCard, which can be used at participating stores or online.', 'Got a new job and I get benefits imma make this money then use those benefits to have the surgery on my knees that I’ve needed for years 😭 been walking around with a torn LCL, ACL, meniscus, patellar tendon, and broken foot for 2 years I’m so happy rn ily Luigi.']",healthcare - hospitals - insights - leadership - medicaid - benefits - medicare - healthy - leading - assassin,False,12/5/2024 23:28,12/5/2024 23:28
I guess little fella didn't learn. He constantly demonizes CEOs. Brian Thompson CEO of United Healthcare was MURDERED yesterday in NYC. Instead of giving it a rest little fella doubles down on disparaging another CEO. Looks like litter fella won't stop until all CEOs are murdered,1,1_died_genocide_healthcare_ceos,"['died', 'genocide', 'healthcare', 'ceos', 'unitedhealthcareceo', 'warren', 'care', 'god', 'celebrity', 'activists']","['Brian Thompson was one of the many CEOs of the departments below you have to understand that. the media never looks into anything and they deliberately on purpose lie to you. the CEO of United healthcare was knighted by Queen Elizabeth!!!', 'Ron, you gotta check yourself. Tweeting all this anti-Brian Thompson/United Healthcare stuff right now appears to justify his killing. I get being anti-corporate greed but justifying the murder of a CEO (esp. without knowing nothing about him) is plain wrong', ""I guess little fella didn't learn. He constantly demonizes CEOs. Brian Thompson CEO of United Healthcare was MURDERED yesterday in NYC. Instead of giving it a rest little fella doubles down on disparaging another CEO. Looks like litter fella won't stop until all CEOs are murdered""]",died - genocide - healthcare - ceos - unitedhealthcareceo - warren - care - god - celebrity - activists,True,12/5/2024 19:36,12/5/2024 19:36
I’m done engaging with anyone who condones the murder of Brian Thompson. You are the lowest of the low if you are gleeful that a man lost his life today because you don’t like the industry he headed.,2,2_healthcare_claim_hypocrite_executive,"['healthcare', 'claim', 'hypocrite', 'executive', 'said', 'compassion', 'kill', 'liberated', 'elites', 'killer']","['Brian Thompson was a chad actual middle class dude who earned generational wealth wealth for his wife and kids. Can’t say the same for the socialists celebrating his death who might lose their healthcare and will see their precious Gaza turn to rubble', 'Anyone, and I mean anyone celebrating the tragic end of Brian Thompson is a hypocrite, a cancer on society, or both. Yes, they need prayer, although they probably also need the kind of corrective discipline their parents likely were too liberated to afford them the benefit of…', 'The idea that Brian Thompson deserved to die because he was a rich healthcare executive appears to be...a disturbingly popular sentiment. You cannot claim to be the movement of compassion & tolerance while gleefully celebrating a dad of two getting shot to death. So vile.']",healthcare - claim - hypocrite - executive - said - compassion - kill - liberated - elites - killer,False,12/5/2024 19:27,12/5/2024 19:27
The idea that Brian Thompson deserved to die because he was a rich healthcare executive appears to be...a disturbingly popular sentiment. You cannot claim to be the movement of compassion & tolerance while gleefully celebrating a dad of two getting shot to death. So vile.,2,2_healthcare_claim_hypocrite_executive,"['healthcare', 'claim', 'hypocrite', 'executive', 'said', 'compassion', 'kill', 'liberated', 'elites', 'killer']","['Brian Thompson was a chad actual middle class dude who earned generational wealth wealth for his wife and kids. Can’t say the same for the socialists celebrating his death who might lose their healthcare and will see their precious Gaza turn to rubble', 'Anyone, and I mean anyone celebrating the tragic end of Brian Thompson is a hypocrite, a cancer on society, or both. Yes, they need prayer, although they probably also need the kind of corrective discipline their parents likely were too liberated to afford them the benefit of…', 'The idea that Brian Thompson deserved to die because he was a rich healthcare executive appears to be...a disturbingly popular sentiment. You cannot claim to be the movement of compassion & tolerance while gleefully celebrating a dad of two getting shot to death. So vile.']",healthcare - claim - hypocrite - executive - said - compassion - kill - liberated - elites - killer,True,12/5/2024 16:55,12/5/2024 16:55
"What about all the ppl he SAVED? 

#UnitedHealthcare #UnitedHealth",3,3_healthcare_hospitals_insights_leadership,"['healthcare', 'hospitals', 'insights', 'leadership', 'medicaid', 'benefits', 'medicare', 'healthy', 'leading', 'assassin']","[""Special announcement: We're now in-network with #UnitedHealthcare (#Optum)! That’s good news for their members who want treatment at one of the nation’s leading hospitals for psychiatric or addiction treatment. Call 713-275-5400 for more info."", 'UnitedHealthcare (UHC) offers a food benefit that provides a monthly credit to help pay for healthy food and over-the-counter (OTC) products. The credit is loaded onto a UCard, which can be used at participating stores or online.', 'Got a new job and I get benefits imma make this money then use those benefits to have the surgery on my knees that I’ve needed for years 😭 been walking around with a torn LCL, ACL, meniscus, patellar tendon, and broken foot for 2 years I’m so happy rn ily Luigi.']",healthcare - hospitals - insights - leadership - medicaid - benefits - medicare - healthy - leading - assassin,False,12/5/2024 7:01,12/5/2024 7:01
"I don't know anything about the probe. However, from what I have seen of United Healthcare. Disabled people with Medicaid and Medicare have a very easy way in obtaining great insurance from United Healthcare Tricare...",3,3_healthcare_hospitals_insights_leadership,"['healthcare', 'hospitals', 'insights', 'leadership', 'medicaid', 'benefits', 'medicare', 'healthy', 'leading', 'assassin']","[""Special announcement: We're now in-network with #UnitedHealthcare (#Optum)! That’s good news for their members who want treatment at one of the nation’s leading hospitals for psychiatric or addiction treatment. Call 713-275-5400 for more info."", 'UnitedHealthcare (UHC) offers a food benefit that provides a monthly credit to help pay for healthy food and over-the-counter (OTC) products. The credit is loaded onto a UCard, which can be used at participating stores or online.', 'Got a new job and I get benefits imma make this money then use those benefits to have the surgery on my knees that I’ve needed for years 😭 been walking around with a torn LCL, ACL, meniscus, patellar tendon, and broken foot for 2 years I’m so happy rn ily Luigi.']",healthcare - hospitals - insights - leadership - medicaid - benefits - medicare - healthy - leading - assassin,False,12/5/2024 3:57,12/5/2024 3:57
"If someone harmed a hair on the head of this Brian Thompson, that would be a real tragedy.",2,2_healthcare_claim_hypocrite_executive,"['healthcare', 'claim', 'hypocrite', 'executive', 'said', 'compassion', 'kill', 'liberated', 'elites', 'killer']","['Brian Thompson was a chad actual middle class dude who earned generational wealth wealth for his wife and kids. Can’t say the same for the socialists celebrating his death who might lose their healthcare and will see their precious Gaza turn to rubble', 'Anyone, and I mean anyone celebrating the tragic end of Brian Thompson is a hypocrite, a cancer on society, or both. Yes, they need prayer, although they probably also need the kind of corrective discipline their parents likely were too liberated to afford them the benefit of…', 'The idea that Brian Thompson deserved to die because he was a rich healthcare executive appears to be...a disturbingly popular sentiment. You cannot claim to be the movement of compassion & tolerance while gleefully celebrating a dad of two getting shot to death. So vile.']",healthcare - claim - hypocrite - executive - said - compassion - kill - liberated - elites - killer,False,12/5/2024 2:52,12/5/2024 2:52
UnitedHealthcare actually uniting people:,3,3_healthcare_hospitals_insights_leadership,"['healthcare', 'hospitals', 'insights', 'leadership', 'medicaid', 'benefits', 'medicare', 'healthy', 'leading', 'assassin']","[""Special announcement: We're now in-network with #UnitedHealthcare (#Optum)! That’s good news for their members who want treatment at one of the nation’s leading hospitals for psychiatric or addiction treatment. Call 713-275-5400 for more info."", 'UnitedHealthcare (UHC) offers a food benefit that provides a monthly credit to help pay for healthy food and over-the-counter (OTC) products. The credit is loaded onto a UCard, which can be used at participating stores or online.', 'Got a new job and I get benefits imma make this money then use those benefits to have the surgery on my knees that I’ve needed for years 😭 been walking around with a torn LCL, ACL, meniscus, patellar tendon, and broken foot for 2 years I’m so happy rn ily Luigi.']",healthcare - hospitals - insights - leadership - medicaid - benefits - medicare - healthy - leading - assassin,False,12/5/2024 1:47,12/5/2024 1:47
thank you Brian Thompson for giving me something to be thankful for today 🥰,2,2_healthcare_claim_hypocrite_executive,"['healthcare', 'claim', 'hypocrite', 'executive', 'said', 'compassion', 'kill', 'liberated', 'elites', 'killer']","['Brian Thompson was a chad actual middle class dude who earned generational wealth wealth for his wife and kids. Can’t say the same for the socialists celebrating his death who might lose their healthcare and will see their precious Gaza turn to rubble', 'Anyone, and I mean anyone celebrating the tragic end of Brian Thompson is a hypocrite, a cancer on society, or both. Yes, they need prayer, although they probably also need the kind of corrective discipline their parents likely were too liberated to afford them the benefit of…', 'The idea that Brian Thompson deserved to die because he was a rich healthcare executive appears to be...a disturbingly popular sentiment. You cannot claim to be the movement of compassion & tolerance while gleefully celebrating a dad of two getting shot to death. So vile.']",healthcare - claim - hypocrite - executive - said - compassion - kill - liberated - elites - killer,False,12/5/2024 1:07,12/5/2024 1:07
Glad to see DOGE beginning work with UnitedHealthCare,3,3_healthcare_hospitals_insights_leadership,"['healthcare', 'hospitals', 'insights', 'leadership', 'medicaid', 'benefits', 'medicare', 'healthy', 'leading', 'assassin']","[""Special announcement: We're now in-network with #UnitedHealthcare (#Optum)! That’s good news for their members who want treatment at one of the nation’s leading hospitals for psychiatric or addiction treatment. Call 713-275-5400 for more info."", 'UnitedHealthcare (UHC) offers a food benefit that provides a monthly credit to help pay for healthy food and over-the-counter (OTC) products. The credit is loaded onto a UCard, which can be used at participating stores or online.', 'Got a new job and I get benefits imma make this money then use those benefits to have the surgery on my knees that I’ve needed for years 😭 been walking around with a torn LCL, ACL, meniscus, patellar tendon, and broken foot for 2 years I’m so happy rn ily Luigi.']",healthcare - hospitals - insights - leadership - medicaid - benefits - medicare - healthy - leading - assassin,False,12/5/2024 0:44,12/5/2024 0:44
RIP to UnitedHealthcare CEO and overall great guy Brian Thompson. I don’t usually get emotional over celebrity deaths but this one hurts. God bless you,1,1_died_genocide_healthcare_ceos,"['died', 'genocide', 'healthcare', 'ceos', 'unitedhealthcareceo', 'warren', 'care', 'god', 'celebrity', 'activists']","['Brian Thompson was one of the many CEOs of the departments below you have to understand that. the media never looks into anything and they deliberately on purpose lie to you. the CEO of United healthcare was knighted by Queen Elizabeth!!!', 'Ron, you gotta check yourself. Tweeting all this anti-Brian Thompson/United Healthcare stuff right now appears to justify his killing. I get being anti-corporate greed but justifying the murder of a CEO (esp. without knowing nothing about him) is plain wrong', ""I guess little fella didn't learn. He constantly demonizes CEOs. Brian Thompson CEO of United Healthcare was MURDERED yesterday in NYC. Instead of giving it a rest little fella doubles down on disparaging another CEO. Looks like litter fella won't stop until all CEOs are murdered""]",died - genocide - healthcare - ceos - unitedhealthcareceo - warren - care - god - celebrity - activists,False,12/4/2024 19:07,12/4/2024 19:07
People who think the CEO of UnitedHealthcare is the problem aren’t serious people.,5,5_healthcare_obamacare_care_health,"['healthcare', 'obamacare', 'care', 'health', 'compassionate', 'insurance', 'greatful', 'corporate', 'proud', 'profits']","['This is a prime example of the good of  buying X. Would this have came out prior to him buying X? Good on this woman coming forward and exposing UnitedHealthcare.', '💼 UnitedHealthcare Deny Defend Depose – because corporate strategies deserve a bold statement. Wear it loud, wear it proud! 🛒 Grab yours now 👉', 'It’s atrocious that anyone is defending the murder of the UnitedHealthcare CEO as some kind of blow against private health insurance. Government-designed insurance under Obamacare has been a disaster—higher costs for worse outcomes and less access to care.']",healthcare - obamacare - care - health - compassionate - insurance - greatful - corporate - proud - profits,False,12/4/2024 17:52,12/4/2024 17:52
Lets do this more often,6,6_healthcare_lets_gooooo_care,"['healthcare', 'lets', 'gooooo', 'care', 'fucking', 'accountable', 'united', 'victims', 'supporting', 'blames']","['You are a very sad but typical liberal who blames the victims and will not hold the perpetrator accountable! You think the CEO of United Healthcare, who grew up in a middle to poor class family and made himself what he was today unlike the privileged murderer Luigi, had it coming…', ""ABSOLUTELY DISGUSTING!\n\nFirst we had people publicly supporting Luigi Mangione, who brutally executed United Healthcare CEO Brian Thompson. NOW we have people making mock videos of the murder, as if the death is somehow funny. This was someone's father, brother, friend. And yet…"", 'Obviously, there\'s a ton we do not know about the Unitedhealthcare (alleged) shooter.\n\nWhat we do know already: all those progressives who cheered it and hoped - yes, hoped - it would be a ""justified"" killing, a denied care tit-for-tat, have humiliated themselves yet again.']",healthcare - lets - gooooo - care - fucking - accountable - united - victims - supporting - blames,False,12/4/2024 17:11,12/4/2024 17:11
if UnitedHealthcare CEO Brian Thompson isn’t safe then none of us are,1,1_died_genocide_healthcare_ceos,"['died', 'genocide', 'healthcare', 'ceos', 'unitedhealthcareceo', 'warren', 'care', 'god', 'celebrity', 'activists']","['Brian Thompson was one of the many CEOs of the departments below you have to understand that. the media never looks into anything and they deliberately on purpose lie to you. the CEO of United healthcare was knighted by Queen Elizabeth!!!', 'Ron, you gotta check yourself. Tweeting all this anti-Brian Thompson/United Healthcare stuff right now appears to justify his killing. I get being anti-corporate greed but justifying the murder of a CEO (esp. without knowing nothing about him) is plain wrong', ""I guess little fella didn't learn. He constantly demonizes CEOs. Brian Thompson CEO of United Healthcare was MURDERED yesterday in NYC. Instead of giving it a rest little fella doubles down on disparaging another CEO. Looks like litter fella won't stop until all CEOs are murdered""]",died - genocide - healthcare - ceos - unitedhealthcareceo - warren - care - god - celebrity - activists,False,12/4/2024 16:27,12/4/2024 16:27
"This is pure evil. I’m sure we’ll learn more about the motivation, but it can’t be helped by politicians constantly dehumanizing business leaders and blaming companies for the outcomes of ill-conceived regulations.",1,1_died_genocide_healthcare_ceos,"['died', 'genocide', 'healthcare', 'ceos', 'unitedhealthcareceo', 'warren', 'care', 'god', 'celebrity', 'activists']","['Brian Thompson was one of the many CEOs of the departments below you have to understand that. the media never looks into anything and they deliberately on purpose lie to you. the CEO of United healthcare was knighted by Queen Elizabeth!!!', 'Ron, you gotta check yourself. Tweeting all this anti-Brian Thompson/United Healthcare stuff right now appears to justify his killing. I get being anti-corporate greed but justifying the murder of a CEO (esp. without knowing nothing about him) is plain wrong', ""I guess little fella didn't learn. He constantly demonizes CEOs. Brian Thompson CEO of United Healthcare was MURDERED yesterday in NYC. Instead of giving it a rest little fella doubles down on disparaging another CEO. Looks like litter fella won't stop until all CEOs are murdered""]",died - genocide - healthcare - ceos - unitedhealthcareceo - warren - care - god - celebrity - activists,False,12/4/2024 16:23,12/4/2024 16:23
LETS FUCKING GOOOOO,6,6_healthcare_lets_gooooo_care,"['healthcare', 'lets', 'gooooo', 'care', 'fucking', 'accountable', 'united', 'victims', 'supporting', 'blames']","['You are a very sad but typical liberal who blames the victims and will not hold the perpetrator accountable! You think the CEO of United Healthcare, who grew up in a middle to poor class family and made himself what he was today unlike the privileged murderer Luigi, had it coming…', ""ABSOLUTELY DISGUSTING!\n\nFirst we had people publicly supporting Luigi Mangione, who brutally executed United Healthcare CEO Brian Thompson. NOW we have people making mock videos of the murder, as if the death is somehow funny. This was someone's father, brother, friend. And yet…"", 'Obviously, there\'s a ton we do not know about the Unitedhealthcare (alleged) shooter.\n\nWhat we do know already: all those progressives who cheered it and hoped - yes, hoped - it would be a ""justified"" killing, a denied care tit-for-tat, have humiliated themselves yet again.']",healthcare - lets - gooooo - care - fucking - accountable - united - victims - supporting - blames,False,12/4/2024 15:43,12/4/2024 15:43
As someone covered under UnitedHealthCare i can completely understand the actions taken,5,5_healthcare_obamacare_care_health,"['healthcare', 'obamacare', 'care', 'health', 'compassionate', 'insurance', 'greatful', 'corporate', 'proud', 'profits']","['This is a prime example of the good of  buying X. Would this have came out prior to him buying X? Good on this woman coming forward and exposing UnitedHealthcare.', '💼 UnitedHealthcare Deny Defend Depose – because corporate strategies deserve a bold statement. Wear it loud, wear it proud! 🛒 Grab yours now 👉', 'It’s atrocious that anyone is defending the murder of the UnitedHealthcare CEO as some kind of blow against private health insurance. Government-designed insurance under Obamacare has been a disaster—higher costs for worse outcomes and less access to care.']",healthcare - obamacare - care - health - compassionate - insurance - greatful - corporate - proud - profits,False,12/4/2024 15:15,12/4/2024 15:15
WE LOVE THEM 💚💖 especially Luigi,0,0_istandwithunitedhealthcare_ceos_health_care,"['istandwithunitedhealthcare', 'ceos', 'health', 'care', 'insurance', 'united', 'capitalist', 'leader', 'murdering', 'capitalism']","[""I just want to thank Luigi Mangione for helping my husband take care of me the day after my cataract surgery. He was helping my husband do chores around the house on 12/04/24 while I was sleeping off the anesthesia. Such a kind soul who'd never do anything wrong."", 'Luigi grew up in privilege, was never even a customer of UHC, apparently did get treatment for his back.\n\nBrian Thompson grew up middle class and made his own way.\n\nLiberals are cheering on a coddled rich kid who murdered a good guy who worked for everything he had.', ""🖕 Luigi and his family, he's a cowardly murderer who murdered an upper class man in cold blood in broad daylight, as for denying claims, I don't care, if your insurance company sucks go somewhere else instead of murdering the upper class""]",istandwithunitedhealthcare - ceos - health - care - insurance - united - capitalist - leader - murdering - capitalism,False,12/3/2024 23:52,12/3/2024 23:52
"Instead of fetishizing an alleged murderer why don't we hear more about 
Brian Thompson who worked for 20 years for a company and moved up to CEO before being struck down. 

Something is sick with our social media #algorithms and mindset.",2,2_healthcare_claim_hypocrite_executive,"['healthcare', 'claim', 'hypocrite', 'executive', 'said', 'compassion', 'kill', 'liberated', 'elites', 'killer']","['Brian Thompson was a chad actual middle class dude who earned generational wealth wealth for his wife and kids. Can’t say the same for the socialists celebrating his death who might lose their healthcare and will see their precious Gaza turn to rubble', 'Anyone, and I mean anyone celebrating the tragic end of Brian Thompson is a hypocrite, a cancer on society, or both. Yes, they need prayer, although they probably also need the kind of corrective discipline their parents likely were too liberated to afford them the benefit of…', 'The idea that Brian Thompson deserved to die because he was a rich healthcare executive appears to be...a disturbingly popular sentiment. You cannot claim to be the movement of compassion & tolerance while gleefully celebrating a dad of two getting shot to death. So vile.']",healthcare - claim - hypocrite - executive - said - compassion - kill - liberated - elites - killer,False,12/10/2024 17:58,12/10/2024 17:58
For all of you clutching your pearls about the CEO shooter understand he's done more to fight corruption in the insurance world than the last 59 years of congress hearings and panels and investigations #LuigManigone #UnitedHealthcare,4,4_obamacare_insurance_deaths_demise,"['obamacare', 'insurance', 'deaths', 'demise', 'everyone', 'empathy', 'reporter', 'union', 'insane', 'tears']","[""For all of you clutching your pearls about the CEO shooter understand he's done more to fight corruption in the insurance world than the last 59 years of congress hearings and panels and investigations #LuigManigone #UnitedHealthcare"", 'OMG. Former NYT “reporter” Taylor Lorenz doubles down on gloating over the m*rder of the UnitedHealthcare CEO:\n\n“Am I going to shed tears or have empathy for somebody who has facilitated the deaths of thousands of innocent Americans?"" \n\nWhat a psycho.', 'Chris Murphy…. “I’m never going to condone gun violence”…. Then goes on to basically justify the murder of the UnitedHealthCare CEO. \n\nHe also seems to forget that the insurance industry is heavily regulated in all they do due to the ObamaCare act which he voted for.']",obamacare - insurance - deaths - demise - everyone - empathy - reporter - union - insane - tears,True,12/10/2024 14:28,12/10/2024 14:28
Brian Thompson is a hero. Luigi Mangione deserves to become fertilizer.,0,0_istandwithunitedhealthcare_ceos_health_care,"['istandwithunitedhealthcare', 'ceos', 'health', 'care', 'insurance', 'united', 'capitalist', 'leader', 'murdering', 'capitalism']","[""I just want to thank Luigi Mangione for helping my husband take care of me the day after my cataract surgery. He was helping my husband do chores around the house on 12/04/24 while I was sleeping off the anesthesia. Such a kind soul who'd never do anything wrong."", 'Luigi grew up in privilege, was never even a customer of UHC, apparently did get treatment for his back.\n\nBrian Thompson grew up middle class and made his own way.\n\nLiberals are cheering on a coddled rich kid who murdered a good guy who worked for everything he had.', ""🖕 Luigi and his family, he's a cowardly murderer who murdered an upper class man in cold blood in broad daylight, as for denying claims, I don't care, if your insurance company sucks go somewhere else instead of murdering the upper class""]",istandwithunitedhealthcare - ceos - health - care - insurance - united - capitalist - leader - murdering - capitalism,False,12/10/2024 7:00,12/10/2024 7:00
Is Audie Cornish of CNN seriously suggesting that Brian Thompson - who was gunned down in cold blood by an assassin - is somehow not a “victim?”,2,2_healthcare_claim_hypocrite_executive,"['healthcare', 'claim', 'hypocrite', 'executive', 'said', 'compassion', 'kill', 'liberated', 'elites', 'killer']","['Brian Thompson was a chad actual middle class dude who earned generational wealth wealth for his wife and kids. Can’t say the same for the socialists celebrating his death who might lose their healthcare and will see their precious Gaza turn to rubble', 'Anyone, and I mean anyone celebrating the tragic end of Brian Thompson is a hypocrite, a cancer on society, or both. Yes, they need prayer, although they probably also need the kind of corrective discipline their parents likely were too liberated to afford them the benefit of…', 'The idea that Brian Thompson deserved to die because he was a rich healthcare executive appears to be...a disturbingly popular sentiment. You cannot claim to be the movement of compassion & tolerance while gleefully celebrating a dad of two getting shot to death. So vile.']",healthcare - claim - hypocrite - executive - said - compassion - kill - liberated - elites - killer,False,12/10/2024 4:06,12/10/2024 4:06
The people cheering the murder of UnitedHealthcare CEO want us to become the Soviet Union.,4,4_obamacare_insurance_deaths_demise,"['obamacare', 'insurance', 'deaths', 'demise', 'everyone', 'empathy', 'reporter', 'union', 'insane', 'tears']","[""For all of you clutching your pearls about the CEO shooter understand he's done more to fight corruption in the insurance world than the last 59 years of congress hearings and panels and investigations #LuigManigone #UnitedHealthcare"", 'OMG. Former NYT “reporter” Taylor Lorenz doubles down on gloating over the m*rder of the UnitedHealthcare CEO:\n\n“Am I going to shed tears or have empathy for somebody who has facilitated the deaths of thousands of innocent Americans?"" \n\nWhat a psycho.', 'Chris Murphy…. “I’m never going to condone gun violence”…. Then goes on to basically justify the murder of the UnitedHealthCare CEO. \n\nHe also seems to forget that the insurance industry is heavily regulated in all they do due to the ObamaCare act which he voted for.']",obamacare - insurance - deaths - demise - everyone - empathy - reporter - union - insane - tears,False,12/10/2024 3:49,12/10/2024 3:49
I just want to thank Luigi Mangione for helping my husband take care of me the day after my cataract surgery. He was helping my husband do chores around the house on 12/04/24 while I was sleeping off the anesthesia. Such a kind soul who'd never do anything wrong.,0,0_istandwithunitedhealthcare_ceos_health_care,"['istandwithunitedhealthcare', 'ceos', 'health', 'care', 'insurance', 'united', 'capitalist', 'leader', 'murdering', 'capitalism']","[""I just want to thank Luigi Mangione for helping my husband take care of me the day after my cataract surgery. He was helping my husband do chores around the house on 12/04/24 while I was sleeping off the anesthesia. Such a kind soul who'd never do anything wrong."", 'Luigi grew up in privilege, was never even a customer of UHC, apparently did get treatment for his back.\n\nBrian Thompson grew up middle class and made his own way.\n\nLiberals are cheering on a coddled rich kid who murdered a good guy who worked for everything he had.', ""🖕 Luigi and his family, he's a cowardly murderer who murdered an upper class man in cold blood in broad daylight, as for denying claims, I don't care, if your insurance company sucks go somewhere else instead of murdering the upper class""]",istandwithunitedhealthcare - ceos - health - care - insurance - united - capitalist - leader - murdering - capitalism,True,12/10/2024 3:12,12/10/2024 3:12
Someone talking to my husband actually knew him and said that Brian Thompson was a great person and was actually working towards improving care. It’s horrible anyone thinks his cowardly murder is okay or would fix anything.,2,2_healthcare_claim_hypocrite_executive,"['healthcare', 'claim', 'hypocrite', 'executive', 'said', 'compassion', 'kill', 'liberated', 'elites', 'killer']","['Brian Thompson was a chad actual middle class dude who earned generational wealth wealth for his wife and kids. Can’t say the same for the socialists celebrating his death who might lose their healthcare and will see their precious Gaza turn to rubble', 'Anyone, and I mean anyone celebrating the tragic end of Brian Thompson is a hypocrite, a cancer on society, or both. Yes, they need prayer, although they probably also need the kind of corrective discipline their parents likely were too liberated to afford them the benefit of…', 'The idea that Brian Thompson deserved to die because he was a rich healthcare executive appears to be...a disturbingly popular sentiment. You cannot claim to be the movement of compassion & tolerance while gleefully celebrating a dad of two getting shot to death. So vile.']",healthcare - claim - hypocrite - executive - said - compassion - kill - liberated - elites - killer,False,12/14/2024 3:46,12/14/2024 3:46
What a pathetic tweet from a professor at Columbia which charges students heavy tuition fees. Brian Thompson clearly came from a humble beginning and worked his way up. Disgusting.,2,2_healthcare_claim_hypocrite_executive,"['healthcare', 'claim', 'hypocrite', 'executive', 'said', 'compassion', 'kill', 'liberated', 'elites', 'killer']","['Brian Thompson was a chad actual middle class dude who earned generational wealth wealth for his wife and kids. Can’t say the same for the socialists celebrating his death who might lose their healthcare and will see their precious Gaza turn to rubble', 'Anyone, and I mean anyone celebrating the tragic end of Brian Thompson is a hypocrite, a cancer on society, or both. Yes, they need prayer, although they probably also need the kind of corrective discipline their parents likely were too liberated to afford them the benefit of…', 'The idea that Brian Thompson deserved to die because he was a rich healthcare executive appears to be...a disturbingly popular sentiment. You cannot claim to be the movement of compassion & tolerance while gleefully celebrating a dad of two getting shot to death. So vile.']",healthcare - claim - hypocrite - executive - said - compassion - kill - liberated - elites - killer,False,12/13/2024 23:11,12/13/2024 23:11
"You are a very sad but typical liberal who blames the victims and will not hold the perpetrator accountable! You think the CEO of United Healthcare, who grew up in a middle to poor class family and made himself what he was today unlike the privileged murderer Luigi, had it coming…",6,6_healthcare_lets_gooooo_care,"['healthcare', 'lets', 'gooooo', 'care', 'fucking', 'accountable', 'united', 'victims', 'supporting', 'blames']","['You are a very sad but typical liberal who blames the victims and will not hold the perpetrator accountable! You think the CEO of United Healthcare, who grew up in a middle to poor class family and made himself what he was today unlike the privileged murderer Luigi, had it coming…', ""ABSOLUTELY DISGUSTING!\n\nFirst we had people publicly supporting Luigi Mangione, who brutally executed United Healthcare CEO Brian Thompson. NOW we have people making mock videos of the murder, as if the death is somehow funny. This was someone's father, brother, friend. And yet…"", 'Obviously, there\'s a ton we do not know about the Unitedhealthcare (alleged) shooter.\n\nWhat we do know already: all those progressives who cheered it and hoped - yes, hoped - it would be a ""justified"" killing, a denied care tit-for-tat, have humiliated themselves yet again.']",healthcare - lets - gooooo - care - fucking - accountable - united - victims - supporting - blames,True,12/13/2024 20:27,12/13/2024 20:27
"Amen! It’s sickening to see people glorifying the cold-blooded killing of Brian Thompson—a man who embodied the American dream. If you’re upset with the healthcare system, work to change it. Stop celebrating a madman.",2,2_healthcare_claim_hypocrite_executive,"['healthcare', 'claim', 'hypocrite', 'executive', 'said', 'compassion', 'kill', 'liberated', 'elites', 'killer']","['Brian Thompson was a chad actual middle class dude who earned generational wealth wealth for his wife and kids. Can’t say the same for the socialists celebrating his death who might lose their healthcare and will see their precious Gaza turn to rubble', 'Anyone, and I mean anyone celebrating the tragic end of Brian Thompson is a hypocrite, a cancer on society, or both. Yes, they need prayer, although they probably also need the kind of corrective discipline their parents likely were too liberated to afford them the benefit of…', 'The idea that Brian Thompson deserved to die because he was a rich healthcare executive appears to be...a disturbingly popular sentiment. You cannot claim to be the movement of compassion & tolerance while gleefully celebrating a dad of two getting shot to death. So vile.']",healthcare - claim - hypocrite - executive - said - compassion - kill - liberated - elites - killer,False,12/13/2024 19:56,12/13/2024 19:56
". is a propagandist trying to convince you that violence against a business leader is normalized. 

It’s not. That’s socialist dogma. Mangione is a murdering nutjob who Ali admires for his violence against capitalism.",0,0_istandwithunitedhealthcare_ceos_health_care,"['istandwithunitedhealthcare', 'ceos', 'health', 'care', 'insurance', 'united', 'capitalist', 'leader', 'murdering', 'capitalism']","[""I just want to thank Luigi Mangione for helping my husband take care of me the day after my cataract surgery. He was helping my husband do chores around the house on 12/04/24 while I was sleeping off the anesthesia. Such a kind soul who'd never do anything wrong."", 'Luigi grew up in privilege, was never even a customer of UHC, apparently did get treatment for his back.\n\nBrian Thompson grew up middle class and made his own way.\n\nLiberals are cheering on a coddled rich kid who murdered a good guy who worked for everything he had.', ""🖕 Luigi and his family, he's a cowardly murderer who murdered an upper class man in cold blood in broad daylight, as for denying claims, I don't care, if your insurance company sucks go somewhere else instead of murdering the upper class""]",istandwithunitedhealthcare - ceos - health - care - insurance - united - capitalist - leader - murdering - capitalism,False,12/13/2024 11:32,12/13/2024 11:32
“THIS IS THE KIND OF SICK BEHAVIOR FROM THE LEFT THAT SHOULD MAKE EVERYONE’S SKIN CRAWL.”  blasts liberals for justifying the murder of UnitedHealthcare CEO! “You don’t go murder a person!”,4,4_obamacare_insurance_deaths_demise,"['obamacare', 'insurance', 'deaths', 'demise', 'everyone', 'empathy', 'reporter', 'union', 'insane', 'tears']","[""For all of you clutching your pearls about the CEO shooter understand he's done more to fight corruption in the insurance world than the last 59 years of congress hearings and panels and investigations #LuigManigone #UnitedHealthcare"", 'OMG. Former NYT “reporter” Taylor Lorenz doubles down on gloating over the m*rder of the UnitedHealthcare CEO:\n\n“Am I going to shed tears or have empathy for somebody who has facilitated the deaths of thousands of innocent Americans?"" \n\nWhat a psycho.', 'Chris Murphy…. “I’m never going to condone gun violence”…. Then goes on to basically justify the murder of the UnitedHealthCare CEO. \n\nHe also seems to forget that the insurance industry is heavily regulated in all they do due to the ObamaCare act which he voted for.']",obamacare - insurance - deaths - demise - everyone - empathy - reporter - union - insane - tears,False,12/13/2024 2:46,12/13/2024 2:46
"Over the last few days, I've been watching the Left and Left MSM celebrating Luigi Mangione murdering UnitedHealthcare’s CEO, Brian Thompson. It is disgusting. It's also not a surprise since the Left love celebrating violence.

There's something more going on with them…",6,6_healthcare_lets_gooooo_care,"['healthcare', 'lets', 'gooooo', 'care', 'fucking', 'accountable', 'united', 'victims', 'supporting', 'blames']","['You are a very sad but typical liberal who blames the victims and will not hold the perpetrator accountable! You think the CEO of United Healthcare, who grew up in a middle to poor class family and made himself what he was today unlike the privileged murderer Luigi, had it coming…', ""ABSOLUTELY DISGUSTING!\n\nFirst we had people publicly supporting Luigi Mangione, who brutally executed United Healthcare CEO Brian Thompson. NOW we have people making mock videos of the murder, as if the death is somehow funny. This was someone's father, brother, friend. And yet…"", 'Obviously, there\'s a ton we do not know about the Unitedhealthcare (alleged) shooter.\n\nWhat we do know already: all those progressives who cheered it and hoped - yes, hoped - it would be a ""justified"" killing, a denied care tit-for-tat, have humiliated themselves yet again.']",healthcare - lets - gooooo - care - fucking - accountable - united - victims - supporting - blames,False,12/12/2024 19:14,12/12/2024 19:14
congrats on your promotion to CEO of UnitedHealthcare snellszn! you sure got some big shoes to fill!,3,3_healthcare_hospitals_insights_leadership,"['healthcare', 'hospitals', 'insights', 'leadership', 'medicaid', 'benefits', 'medicare', 'healthy', 'leading', 'assassin']","[""Special announcement: We're now in-network with #UnitedHealthcare (#Optum)! That’s good news for their members who want treatment at one of the nation’s leading hospitals for psychiatric or addiction treatment. Call 713-275-5400 for more info."", 'UnitedHealthcare (UHC) offers a food benefit that provides a monthly credit to help pay for healthy food and over-the-counter (OTC) products. The credit is loaded onto a UCard, which can be used at participating stores or online.', 'Got a new job and I get benefits imma make this money then use those benefits to have the surgery on my knees that I’ve needed for years 😭 been walking around with a torn LCL, ACL, meniscus, patellar tendon, and broken foot for 2 years I’m so happy rn ily Luigi.']",healthcare - hospitals - insights - leadership - medicaid - benefits - medicare - healthy - leading - assassin,False,12/12/2024 19:10,12/12/2024 19:10
"LUIGI MANGIONE is a dumb loser who murdered #UnitedHealthcare CEO Brian Thompson because he hurt his tard back due to sucking at surfing. He also eats McDonalds, is a weak drug addict and listens to Taylor Swift because he's a tard! #MAGA #FreeLuigi #IstandWithUnitedHealthcare",0,0_istandwithunitedhealthcare_ceos_health_care,"['istandwithunitedhealthcare', 'ceos', 'health', 'care', 'insurance', 'united', 'capitalist', 'leader', 'murdering', 'capitalism']","[""I just want to thank Luigi Mangione for helping my husband take care of me the day after my cataract surgery. He was helping my husband do chores around the house on 12/04/24 while I was sleeping off the anesthesia. Such a kind soul who'd never do anything wrong."", 'Luigi grew up in privilege, was never even a customer of UHC, apparently did get treatment for his back.\n\nBrian Thompson grew up middle class and made his own way.\n\nLiberals are cheering on a coddled rich kid who murdered a good guy who worked for everything he had.', ""🖕 Luigi and his family, he's a cowardly murderer who murdered an upper class man in cold blood in broad daylight, as for denying claims, I don't care, if your insurance company sucks go somewhere else instead of murdering the upper class""]",istandwithunitedhealthcare - ceos - health - care - insurance - united - capitalist - leader - murdering - capitalism,False,12/12/2024 18:29,12/12/2024 18:29
United Healthcare should pony up. It would help them with normal people AND troll the commies that think Luigi is Robin Hood.,6,6_healthcare_lets_gooooo_care,"['healthcare', 'lets', 'gooooo', 'care', 'fucking', 'accountable', 'united', 'victims', 'supporting', 'blames']","['You are a very sad but typical liberal who blames the victims and will not hold the perpetrator accountable! You think the CEO of United Healthcare, who grew up in a middle to poor class family and made himself what he was today unlike the privileged murderer Luigi, had it coming…', ""ABSOLUTELY DISGUSTING!\n\nFirst we had people publicly supporting Luigi Mangione, who brutally executed United Healthcare CEO Brian Thompson. NOW we have people making mock videos of the murder, as if the death is somehow funny. This was someone's father, brother, friend. And yet…"", 'Obviously, there\'s a ton we do not know about the Unitedhealthcare (alleged) shooter.\n\nWhat we do know already: all those progressives who cheered it and hoped - yes, hoped - it would be a ""justified"" killing, a denied care tit-for-tat, have humiliated themselves yet again.']",healthcare - lets - gooooo - care - fucking - accountable - united - victims - supporting - blames,False,12/12/2024 16:44,12/12/2024 16:44
It's far more compassionate than denying someone healthcare to protect your profits. #UnitedHealthcare,5,5_healthcare_obamacare_care_health,"['healthcare', 'obamacare', 'care', 'health', 'compassionate', 'insurance', 'greatful', 'corporate', 'proud', 'profits']","['This is a prime example of the good of  buying X. Would this have came out prior to him buying X? Good on this woman coming forward and exposing UnitedHealthcare.', '💼 UnitedHealthcare Deny Defend Depose – because corporate strategies deserve a bold statement. Wear it loud, wear it proud! 🛒 Grab yours now 👉', 'It’s atrocious that anyone is defending the murder of the UnitedHealthcare CEO as some kind of blow against private health insurance. Government-designed insurance under Obamacare has been a disaster—higher costs for worse outcomes and less access to care.']",healthcare - obamacare - care - health - compassionate - insurance - greatful - corporate - proud - profits,False,12/12/2024 15:17,12/12/2024 15:17
Elizabeth Warren made comments that encourage violence against the health care industry. How horrible! The senate should censure her and her constituents must vote her out of office. To justify the cold blooded murder of a Health Care CEO is reckless. Brian Thompson was murdered!,1,1_died_genocide_healthcare_ceos,"['died', 'genocide', 'healthcare', 'ceos', 'unitedhealthcareceo', 'warren', 'care', 'god', 'celebrity', 'activists']","['Brian Thompson was one of the many CEOs of the departments below you have to understand that. the media never looks into anything and they deliberately on purpose lie to you. the CEO of United healthcare was knighted by Queen Elizabeth!!!', 'Ron, you gotta check yourself. Tweeting all this anti-Brian Thompson/United Healthcare stuff right now appears to justify his killing. I get being anti-corporate greed but justifying the murder of a CEO (esp. without knowing nothing about him) is plain wrong', ""I guess little fella didn't learn. He constantly demonizes CEOs. Brian Thompson CEO of United Healthcare was MURDERED yesterday in NYC. Instead of giving it a rest little fella doubles down on disparaging another CEO. Looks like litter fella won't stop until all CEOs are murdered""]",died - genocide - healthcare - ceos - unitedhealthcareceo - warren - care - god - celebrity - activists,False,12/12/2024 13:28,12/12/2024 13:28
"Brian Thompson never lobbied any politicians for those purposes, and you have no evidence that he did. It's all your own conjecture. He worked there for 20 years and climbed the corporate ladder to expose corruption. There is clear evidence of that.",1,1_died_genocide_healthcare_ceos,"['died', 'genocide', 'healthcare', 'ceos', 'unitedhealthcareceo', 'warren', 'care', 'god', 'celebrity', 'activists']","['Brian Thompson was one of the many CEOs of the departments below you have to understand that. the media never looks into anything and they deliberately on purpose lie to you. the CEO of United healthcare was knighted by Queen Elizabeth!!!', 'Ron, you gotta check yourself. Tweeting all this anti-Brian Thompson/United Healthcare stuff right now appears to justify his killing. I get being anti-corporate greed but justifying the murder of a CEO (esp. without knowing nothing about him) is plain wrong', ""I guess little fella didn't learn. He constantly demonizes CEOs. Brian Thompson CEO of United Healthcare was MURDERED yesterday in NYC. Instead of giving it a rest little fella doubles down on disparaging another CEO. Looks like litter fella won't stop until all CEOs are murdered""]",died - genocide - healthcare - ceos - unitedhealthcareceo - warren - care - god - celebrity - activists,False,12/12/2024 12:31,12/12/2024 12:31
"Got a new job and I get benefits imma make this money then use those benefits to have the surgery on my knees that I’ve needed for years 😭 been walking around with a torn LCL, ACL, meniscus, patellar tendon, and broken foot for 2 years I’m so happy rn ily Luigi.",3,3_healthcare_hospitals_insights_leadership,"['healthcare', 'hospitals', 'insights', 'leadership', 'medicaid', 'benefits', 'medicare', 'healthy', 'leading', 'assassin']","[""Special announcement: We're now in-network with #UnitedHealthcare (#Optum)! That’s good news for their members who want treatment at one of the nation’s leading hospitals for psychiatric or addiction treatment. Call 713-275-5400 for more info."", 'UnitedHealthcare (UHC) offers a food benefit that provides a monthly credit to help pay for healthy food and over-the-counter (OTC) products. The credit is loaded onto a UCard, which can be used at participating stores or online.', 'Got a new job and I get benefits imma make this money then use those benefits to have the surgery on my knees that I’ve needed for years 😭 been walking around with a torn LCL, ACL, meniscus, patellar tendon, and broken foot for 2 years I’m so happy rn ily Luigi.']",healthcare - hospitals - insights - leadership - medicaid - benefits - medicare - healthy - leading - assassin,True,12/12/2024 7:24,12/12/2024 7:24
"Anyone, and I mean anyone celebrating the tragic end of Brian Thompson is a hypocrite, a cancer on society, or both. Yes, they need prayer, although they probably also need the kind of corrective discipline their parents likely were too liberated to afford them the benefit of…",2,2_healthcare_claim_hypocrite_executive,"['healthcare', 'claim', 'hypocrite', 'executive', 'said', 'compassion', 'kill', 'liberated', 'elites', 'killer']","['Brian Thompson was a chad actual middle class dude who earned generational wealth wealth for his wife and kids. Can’t say the same for the socialists celebrating his death who might lose their healthcare and will see their precious Gaza turn to rubble', 'Anyone, and I mean anyone celebrating the tragic end of Brian Thompson is a hypocrite, a cancer on society, or both. Yes, they need prayer, although they probably also need the kind of corrective discipline their parents likely were too liberated to afford them the benefit of…', 'The idea that Brian Thompson deserved to die because he was a rich healthcare executive appears to be...a disturbingly popular sentiment. You cannot claim to be the movement of compassion & tolerance while gleefully celebrating a dad of two getting shot to death. So vile.']",healthcare - claim - hypocrite - executive - said - compassion - kill - liberated - elites - killer,True,12/12/2024 3:59,12/12/2024 3:59
This is the American dream not some little shit that killed a guy for doing his job. Brian Thompson didn’t deserve to die and luigi mangione is a monster and a killer.,0,0_istandwithunitedhealthcare_ceos_health_care,"['istandwithunitedhealthcare', 'ceos', 'health', 'care', 'insurance', 'united', 'capitalist', 'leader', 'murdering', 'capitalism']","[""I just want to thank Luigi Mangione for helping my husband take care of me the day after my cataract surgery. He was helping my husband do chores around the house on 12/04/24 while I was sleeping off the anesthesia. Such a kind soul who'd never do anything wrong."", 'Luigi grew up in privilege, was never even a customer of UHC, apparently did get treatment for his back.\n\nBrian Thompson grew up middle class and made his own way.\n\nLiberals are cheering on a coddled rich kid who murdered a good guy who worked for everything he had.', ""🖕 Luigi and his family, he's a cowardly murderer who murdered an upper class man in cold blood in broad daylight, as for denying claims, I don't care, if your insurance company sucks go somewhere else instead of murdering the upper class""]",istandwithunitedhealthcare - ceos - health - care - insurance - united - capitalist - leader - murdering - capitalism,False,12/12/2024 0:21,12/12/2024 0:21
"What's y'all stance on the Luigi Mangione murder case of the CEO of United healthcare?? 
I just read his manifesto and that man is a martyr for all of us!",0,0_istandwithunitedhealthcare_ceos_health_care,"['istandwithunitedhealthcare', 'ceos', 'health', 'care', 'insurance', 'united', 'capitalist', 'leader', 'murdering', 'capitalism']","[""I just want to thank Luigi Mangione for helping my husband take care of me the day after my cataract surgery. He was helping my husband do chores around the house on 12/04/24 while I was sleeping off the anesthesia. Such a kind soul who'd never do anything wrong."", 'Luigi grew up in privilege, was never even a customer of UHC, apparently did get treatment for his back.\n\nBrian Thompson grew up middle class and made his own way.\n\nLiberals are cheering on a coddled rich kid who murdered a good guy who worked for everything he had.', ""🖕 Luigi and his family, he's a cowardly murderer who murdered an upper class man in cold blood in broad daylight, as for denying claims, I don't care, if your insurance company sucks go somewhere else instead of murdering the upper class""]",istandwithunitedhealthcare - ceos - health - care - insurance - united - capitalist - leader - murdering - capitalism,False,12/11/2024 23:17,12/11/2024 23:17
"When a United States Senator  accepts as understandable the murder of a man just because he works in healthcare, we know America is not electing its best. This is a reprehensible view.",1,1_died_genocide_healthcare_ceos,"['died', 'genocide', 'healthcare', 'ceos', 'unitedhealthcareceo', 'warren', 'care', 'god', 'celebrity', 'activists']","['Brian Thompson was one of the many CEOs of the departments below you have to understand that. the media never looks into anything and they deliberately on purpose lie to you. the CEO of United healthcare was knighted by Queen Elizabeth!!!', 'Ron, you gotta check yourself. Tweeting all this anti-Brian Thompson/United Healthcare stuff right now appears to justify his killing. I get being anti-corporate greed but justifying the murder of a CEO (esp. without knowing nothing about him) is plain wrong', ""I guess little fella didn't learn. He constantly demonizes CEOs. Brian Thompson CEO of United Healthcare was MURDERED yesterday in NYC. Instead of giving it a rest little fella doubles down on disparaging another CEO. Looks like litter fella won't stop until all CEOs are murdered""]",died - genocide - healthcare - ceos - unitedhealthcareceo - warren - care - god - celebrity - activists,False,12/11/2024 21:23,12/11/2024 21:23
Brian Thompson was a chad actual middle class dude who earned generational wealth wealth for his wife and kids. Can’t say the same for the socialists celebrating his death who might lose their healthcare and will see their precious Gaza turn to rubble,2,2_healthcare_claim_hypocrite_executive,"['healthcare', 'claim', 'hypocrite', 'executive', 'said', 'compassion', 'kill', 'liberated', 'elites', 'killer']","['Brian Thompson was a chad actual middle class dude who earned generational wealth wealth for his wife and kids. Can’t say the same for the socialists celebrating his death who might lose their healthcare and will see their precious Gaza turn to rubble', 'Anyone, and I mean anyone celebrating the tragic end of Brian Thompson is a hypocrite, a cancer on society, or both. Yes, they need prayer, although they probably also need the kind of corrective discipline their parents likely were too liberated to afford them the benefit of…', 'The idea that Brian Thompson deserved to die because he was a rich healthcare executive appears to be...a disturbingly popular sentiment. You cannot claim to be the movement of compassion & tolerance while gleefully celebrating a dad of two getting shot to death. So vile.']",healthcare - claim - hypocrite - executive - said - compassion - kill - liberated - elites - killer,True,12/11/2024 21:19,12/11/2024 21:19
They made me feel so safe at the Doctors office today… wonder if it had to do anything with that Luigi guy,0,0_istandwithunitedhealthcare_ceos_health_care,"['istandwithunitedhealthcare', 'ceos', 'health', 'care', 'insurance', 'united', 'capitalist', 'leader', 'murdering', 'capitalism']","[""I just want to thank Luigi Mangione for helping my husband take care of me the day after my cataract surgery. He was helping my husband do chores around the house on 12/04/24 while I was sleeping off the anesthesia. Such a kind soul who'd never do anything wrong."", 'Luigi grew up in privilege, was never even a customer of UHC, apparently did get treatment for his back.\n\nBrian Thompson grew up middle class and made his own way.\n\nLiberals are cheering on a coddled rich kid who murdered a good guy who worked for everything he had.', ""🖕 Luigi and his family, he's a cowardly murderer who murdered an upper class man in cold blood in broad daylight, as for denying claims, I don't care, if your insurance company sucks go somewhere else instead of murdering the upper class""]",istandwithunitedhealthcare - ceos - health - care - insurance - united - capitalist - leader - murdering - capitalism,False,12/11/2024 20:20,12/11/2024 20:20
It’s atrocious that anyone is defending the murder of the UnitedHealthcare CEO as some kind of blow against private health insurance. Government-designed insurance under Obamacare has been a disaster—higher costs for worse outcomes and less access to care.,5,5_healthcare_obamacare_care_health,"['healthcare', 'obamacare', 'care', 'health', 'compassionate', 'insurance', 'greatful', 'corporate', 'proud', 'profits']","['This is a prime example of the good of  buying X. Would this have came out prior to him buying X? Good on this woman coming forward and exposing UnitedHealthcare.', '💼 UnitedHealthcare Deny Defend Depose – because corporate strategies deserve a bold statement. Wear it loud, wear it proud! 🛒 Grab yours now 👉', 'It’s atrocious that anyone is defending the murder of the UnitedHealthcare CEO as some kind of blow against private health insurance. Government-designed insurance under Obamacare has been a disaster—higher costs for worse outcomes and less access to care.']",healthcare - obamacare - care - health - compassionate - insurance - greatful - corporate - proud - profits,True,12/11/2024 20:05,12/11/2024 20:05
A useless bum called Luigi Mangione shot dead Brian Thompson who was one of the greatest CEOs to have ever been born. Rot in HELL Mangione.,0,0_istandwithunitedhealthcare_ceos_health_care,"['istandwithunitedhealthcare', 'ceos', 'health', 'care', 'insurance', 'united', 'capitalist', 'leader', 'murdering', 'capitalism']","[""I just want to thank Luigi Mangione for helping my husband take care of me the day after my cataract surgery. He was helping my husband do chores around the house on 12/04/24 while I was sleeping off the anesthesia. Such a kind soul who'd never do anything wrong."", 'Luigi grew up in privilege, was never even a customer of UHC, apparently did get treatment for his back.\n\nBrian Thompson grew up middle class and made his own way.\n\nLiberals are cheering on a coddled rich kid who murdered a good guy who worked for everything he had.', ""🖕 Luigi and his family, he's a cowardly murderer who murdered an upper class man in cold blood in broad daylight, as for denying claims, I don't care, if your insurance company sucks go somewhere else instead of murdering the upper class""]",istandwithunitedhealthcare - ceos - health - care - insurance - united - capitalist - leader - murdering - capitalism,False,12/10/2024 1:54,12/10/2024 1:54
"Luigi Mangione was anti-capitalist 

The fucking moron doesn’t like the idea of hard work = money 

So he takes it out on a multi millionaire ceo 

On top of all that, 5 days after committing the murder he was still in possession of the weapon

That checks out.",0,0_istandwithunitedhealthcare_ceos_health_care,"['istandwithunitedhealthcare', 'ceos', 'health', 'care', 'insurance', 'united', 'capitalist', 'leader', 'murdering', 'capitalism']","[""I just want to thank Luigi Mangione for helping my husband take care of me the day after my cataract surgery. He was helping my husband do chores around the house on 12/04/24 while I was sleeping off the anesthesia. Such a kind soul who'd never do anything wrong."", 'Luigi grew up in privilege, was never even a customer of UHC, apparently did get treatment for his back.\n\nBrian Thompson grew up middle class and made his own way.\n\nLiberals are cheering on a coddled rich kid who murdered a good guy who worked for everything he had.', ""🖕 Luigi and his family, he's a cowardly murderer who murdered an upper class man in cold blood in broad daylight, as for denying claims, I don't care, if your insurance company sucks go somewhere else instead of murdering the upper class""]",istandwithunitedhealthcare - ceos - health - care - insurance - united - capitalist - leader - murdering - capitalism,False,12/10/2024 1:41,12/10/2024 1:41
Lorenz is a heartless ghoul. This coward shot this Brian Thompson in the back for no reason. Ice water runs through his veins. I hope Thompson's family sues Lorenz and demand a retraction for her accusation that Brian killed 10s of thousands of people. She's full of shit. More…,2,2_healthcare_claim_hypocrite_executive,"['healthcare', 'claim', 'hypocrite', 'executive', 'said', 'compassion', 'kill', 'liberated', 'elites', 'killer']","['Brian Thompson was a chad actual middle class dude who earned generational wealth wealth for his wife and kids. Can’t say the same for the socialists celebrating his death who might lose their healthcare and will see their precious Gaza turn to rubble', 'Anyone, and I mean anyone celebrating the tragic end of Brian Thompson is a hypocrite, a cancer on society, or both. Yes, they need prayer, although they probably also need the kind of corrective discipline their parents likely were too liberated to afford them the benefit of…', 'The idea that Brian Thompson deserved to die because he was a rich healthcare executive appears to be...a disturbingly popular sentiment. You cannot claim to be the movement of compassion & tolerance while gleefully celebrating a dad of two getting shot to death. So vile.']",healthcare - claim - hypocrite - executive - said - compassion - kill - liberated - elites - killer,False,12/10/2024 1:07,12/10/2024 1:07
"Obviously, there's a ton we do not know about the Unitedhealthcare (alleged) shooter.

What we do know already: all those progressives who cheered it and hoped - yes, hoped - it would be a ""justified"" killing, a denied care tit-for-tat, have humiliated themselves yet again.",6,6_healthcare_lets_gooooo_care,"['healthcare', 'lets', 'gooooo', 'care', 'fucking', 'accountable', 'united', 'victims', 'supporting', 'blames']","['You are a very sad but typical liberal who blames the victims and will not hold the perpetrator accountable! You think the CEO of United Healthcare, who grew up in a middle to poor class family and made himself what he was today unlike the privileged murderer Luigi, had it coming…', ""ABSOLUTELY DISGUSTING!\n\nFirst we had people publicly supporting Luigi Mangione, who brutally executed United Healthcare CEO Brian Thompson. NOW we have people making mock videos of the murder, as if the death is somehow funny. This was someone's father, brother, friend. And yet…"", 'Obviously, there\'s a ton we do not know about the Unitedhealthcare (alleged) shooter.\n\nWhat we do know already: all those progressives who cheered it and hoped - yes, hoped - it would be a ""justified"" killing, a denied care tit-for-tat, have humiliated themselves yet again.']",healthcare - lets - gooooo - care - fucking - accountable - united - victims - supporting - blames,True,12/10/2024 0:22,12/10/2024 0:22
Laugh all yall want but Luigi just saved thousands if not MILLIONS of lives 🫡🫡🫡,0,0_istandwithunitedhealthcare_ceos_health_care,"['istandwithunitedhealthcare', 'ceos', 'health', 'care', 'insurance', 'united', 'capitalist', 'leader', 'murdering', 'capitalism']","[""I just want to thank Luigi Mangione for helping my husband take care of me the day after my cataract surgery. He was helping my husband do chores around the house on 12/04/24 while I was sleeping off the anesthesia. Such a kind soul who'd never do anything wrong."", 'Luigi grew up in privilege, was never even a customer of UHC, apparently did get treatment for his back.\n\nBrian Thompson grew up middle class and made his own way.\n\nLiberals are cheering on a coddled rich kid who murdered a good guy who worked for everything he had.', ""🖕 Luigi and his family, he's a cowardly murderer who murdered an upper class man in cold blood in broad daylight, as for denying claims, I don't care, if your insurance company sucks go somewhere else instead of murdering the upper class""]",istandwithunitedhealthcare - ceos - health - care - insurance - united - capitalist - leader - murdering - capitalism,False,12/9/2024 22:47,12/9/2024 22:47
"DISGUSTING: Fat left activists are posting videos celebrating the killing of United Healthcare CEO Brian Thompson and describing the murderer as a “hero.”

These same freaks are the ones who say genocide when countries go after terrorists.",1,1_died_genocide_healthcare_ceos,"['died', 'genocide', 'healthcare', 'ceos', 'unitedhealthcareceo', 'warren', 'care', 'god', 'celebrity', 'activists']","['Brian Thompson was one of the many CEOs of the departments below you have to understand that. the media never looks into anything and they deliberately on purpose lie to you. the CEO of United healthcare was knighted by Queen Elizabeth!!!', 'Ron, you gotta check yourself. Tweeting all this anti-Brian Thompson/United Healthcare stuff right now appears to justify his killing. I get being anti-corporate greed but justifying the murder of a CEO (esp. without knowing nothing about him) is plain wrong', ""I guess little fella didn't learn. He constantly demonizes CEOs. Brian Thompson CEO of United Healthcare was MURDERED yesterday in NYC. Instead of giving it a rest little fella doubles down on disparaging another CEO. Looks like litter fella won't stop until all CEOs are murdered""]",died - genocide - healthcare - ceos - unitedhealthcareceo - warren - care - god - celebrity - activists,False,12/4/2024 20:57,12/4/2024 20:57
Saint Luigi of Mangione - He sacrificed his freedom to make our health care better,0,0_istandwithunitedhealthcare_ceos_health_care,"['istandwithunitedhealthcare', 'ceos', 'health', 'care', 'insurance', 'united', 'capitalist', 'leader', 'murdering', 'capitalism']","[""I just want to thank Luigi Mangione for helping my husband take care of me the day after my cataract surgery. He was helping my husband do chores around the house on 12/04/24 while I was sleeping off the anesthesia. Such a kind soul who'd never do anything wrong."", 'Luigi grew up in privilege, was never even a customer of UHC, apparently did get treatment for his back.\n\nBrian Thompson grew up middle class and made his own way.\n\nLiberals are cheering on a coddled rich kid who murdered a good guy who worked for everything he had.', ""🖕 Luigi and his family, he's a cowardly murderer who murdered an upper class man in cold blood in broad daylight, as for denying claims, I don't care, if your insurance company sucks go somewhere else instead of murdering the upper class""]",istandwithunitedhealthcare - ceos - health - care - insurance - united - capitalist - leader - murdering - capitalism,False,12/22/2024 21:54,12/22/2024 21:54
I also don’t want to hang out with you if you think the UnitedHealthcare CEO murder was a good thing. And you celebrate the murderer.,4,4_obamacare_insurance_deaths_demise,"['obamacare', 'insurance', 'deaths', 'demise', 'everyone', 'empathy', 'reporter', 'union', 'insane', 'tears']","[""For all of you clutching your pearls about the CEO shooter understand he's done more to fight corruption in the insurance world than the last 59 years of congress hearings and panels and investigations #LuigManigone #UnitedHealthcare"", 'OMG. Former NYT “reporter” Taylor Lorenz doubles down on gloating over the m*rder of the UnitedHealthcare CEO:\n\n“Am I going to shed tears or have empathy for somebody who has facilitated the deaths of thousands of innocent Americans?"" \n\nWhat a psycho.', 'Chris Murphy…. “I’m never going to condone gun violence”…. Then goes on to basically justify the murder of the UnitedHealthCare CEO. \n\nHe also seems to forget that the insurance industry is heavily regulated in all they do due to the ObamaCare act which he voted for.']",obamacare - insurance - deaths - demise - everyone - empathy - reporter - union - insane - tears,False,12/22/2024 15:01,12/22/2024 15:01
Blue Cross Blue Shield literally reversed course on a policy change that would have killed millions within hours of news of the shooting getting out. That's better results than you most often hear. More Luigi's are needed.,0,0_istandwithunitedhealthcare_ceos_health_care,"['istandwithunitedhealthcare', 'ceos', 'health', 'care', 'insurance', 'united', 'capitalist', 'leader', 'murdering', 'capitalism']","[""I just want to thank Luigi Mangione for helping my husband take care of me the day after my cataract surgery. He was helping my husband do chores around the house on 12/04/24 while I was sleeping off the anesthesia. Such a kind soul who'd never do anything wrong."", 'Luigi grew up in privilege, was never even a customer of UHC, apparently did get treatment for his back.\n\nBrian Thompson grew up middle class and made his own way.\n\nLiberals are cheering on a coddled rich kid who murdered a good guy who worked for everything he had.', ""🖕 Luigi and his family, he's a cowardly murderer who murdered an upper class man in cold blood in broad daylight, as for denying claims, I don't care, if your insurance company sucks go somewhere else instead of murdering the upper class""]",istandwithunitedhealthcare - ceos - health - care - insurance - united - capitalist - leader - murdering - capitalism,False,12/22/2024 8:26,12/22/2024 8:26
Luigi Mangione is a criminal terrorist. He killed a ceo not just for revenge but in the hopes that it would stir political change. Brian is what any ceo is supposed to do: maximize profits. A ceo who doesn't do this is fired. Killing ceos (who are ppl) does nothing.,0,0_istandwithunitedhealthcare_ceos_health_care,"['istandwithunitedhealthcare', 'ceos', 'health', 'care', 'insurance', 'united', 'capitalist', 'leader', 'murdering', 'capitalism']","[""I just want to thank Luigi Mangione for helping my husband take care of me the day after my cataract surgery. He was helping my husband do chores around the house on 12/04/24 while I was sleeping off the anesthesia. Such a kind soul who'd never do anything wrong."", 'Luigi grew up in privilege, was never even a customer of UHC, apparently did get treatment for his back.\n\nBrian Thompson grew up middle class and made his own way.\n\nLiberals are cheering on a coddled rich kid who murdered a good guy who worked for everything he had.', ""🖕 Luigi and his family, he's a cowardly murderer who murdered an upper class man in cold blood in broad daylight, as for denying claims, I don't care, if your insurance company sucks go somewhere else instead of murdering the upper class""]",istandwithunitedhealthcare - ceos - health - care - insurance - united - capitalist - leader - murdering - capitalism,False,12/21/2024 2:39,12/21/2024 2:39
Where is your SYMPATHY POST FOR UHC CEO BRIAN THOMPSON??,1,1_died_genocide_healthcare_ceos,"['died', 'genocide', 'healthcare', 'ceos', 'unitedhealthcareceo', 'warren', 'care', 'god', 'celebrity', 'activists']","['Brian Thompson was one of the many CEOs of the departments below you have to understand that. the media never looks into anything and they deliberately on purpose lie to you. the CEO of United healthcare was knighted by Queen Elizabeth!!!', 'Ron, you gotta check yourself. Tweeting all this anti-Brian Thompson/United Healthcare stuff right now appears to justify his killing. I get being anti-corporate greed but justifying the murder of a CEO (esp. without knowing nothing about him) is plain wrong', ""I guess little fella didn't learn. He constantly demonizes CEOs. Brian Thompson CEO of United Healthcare was MURDERED yesterday in NYC. Instead of giving it a rest little fella doubles down on disparaging another CEO. Looks like litter fella won't stop until all CEOs are murdered""]",died - genocide - healthcare - ceos - unitedhealthcareceo - warren - care - god - celebrity - activists,False,12/20/2024 18:48,12/20/2024 18:48
Brian Thompson was one of the many CEOs of the departments below you have to understand that. the media never looks into anything and they deliberately on purpose lie to you. the CEO of United healthcare was knighted by Queen Elizabeth!!!,1,1_died_genocide_healthcare_ceos,"['died', 'genocide', 'healthcare', 'ceos', 'unitedhealthcareceo', 'warren', 'care', 'god', 'celebrity', 'activists']","['Brian Thompson was one of the many CEOs of the departments below you have to understand that. the media never looks into anything and they deliberately on purpose lie to you. the CEO of United healthcare was knighted by Queen Elizabeth!!!', 'Ron, you gotta check yourself. Tweeting all this anti-Brian Thompson/United Healthcare stuff right now appears to justify his killing. I get being anti-corporate greed but justifying the murder of a CEO (esp. without knowing nothing about him) is plain wrong', ""I guess little fella didn't learn. He constantly demonizes CEOs. Brian Thompson CEO of United Healthcare was MURDERED yesterday in NYC. Instead of giving it a rest little fella doubles down on disparaging another CEO. Looks like litter fella won't stop until all CEOs are murdered""]",died - genocide - healthcare - ceos - unitedhealthcareceo - warren - care - god - celebrity - activists,True,12/20/2024 15:27,12/20/2024 15:27
You think prisoners would be chomping at the bit to murder a man who slayed a monster like Brian Thompson?,2,2_healthcare_claim_hypocrite_executive,"['healthcare', 'claim', 'hypocrite', 'executive', 'said', 'compassion', 'kill', 'liberated', 'elites', 'killer']","['Brian Thompson was a chad actual middle class dude who earned generational wealth wealth for his wife and kids. Can’t say the same for the socialists celebrating his death who might lose their healthcare and will see their precious Gaza turn to rubble', 'Anyone, and I mean anyone celebrating the tragic end of Brian Thompson is a hypocrite, a cancer on society, or both. Yes, they need prayer, although they probably also need the kind of corrective discipline their parents likely were too liberated to afford them the benefit of…', 'The idea that Brian Thompson deserved to die because he was a rich healthcare executive appears to be...a disturbingly popular sentiment. You cannot claim to be the movement of compassion & tolerance while gleefully celebrating a dad of two getting shot to death. So vile.']",healthcare - claim - hypocrite - executive - said - compassion - kill - liberated - elites - killer,False,12/26/2024 20:19,12/26/2024 20:19
"ABSOLUTELY DISGUSTING!

First we had people publicly supporting Luigi Mangione, who brutally executed United Healthcare CEO Brian Thompson. NOW we have people making mock videos of the murder, as if the death is somehow funny. This was someone's father, brother, friend. And yet…",6,6_healthcare_lets_gooooo_care,"['healthcare', 'lets', 'gooooo', 'care', 'fucking', 'accountable', 'united', 'victims', 'supporting', 'blames']","['You are a very sad but typical liberal who blames the victims and will not hold the perpetrator accountable! You think the CEO of United Healthcare, who grew up in a middle to poor class family and made himself what he was today unlike the privileged murderer Luigi, had it coming…', ""ABSOLUTELY DISGUSTING!\n\nFirst we had people publicly supporting Luigi Mangione, who brutally executed United Healthcare CEO Brian Thompson. NOW we have people making mock videos of the murder, as if the death is somehow funny. This was someone's father, brother, friend. And yet…"", 'Obviously, there\'s a ton we do not know about the Unitedhealthcare (alleged) shooter.\n\nWhat we do know already: all those progressives who cheered it and hoped - yes, hoped - it would be a ""justified"" killing, a denied care tit-for-tat, have humiliated themselves yet again.']",healthcare - lets - gooooo - care - fucking - accountable - united - victims - supporting - blames,True,12/26/2024 16:49,12/26/2024 16:49
"🖕 Luigi and his family, he's a cowardly murderer who murdered an upper class man in cold blood in broad daylight, as for denying claims, I don't care, if your insurance company sucks go somewhere else instead of murdering the upper class",0,0_istandwithunitedhealthcare_ceos_health_care,"['istandwithunitedhealthcare', 'ceos', 'health', 'care', 'insurance', 'united', 'capitalist', 'leader', 'murdering', 'capitalism']","[""I just want to thank Luigi Mangione for helping my husband take care of me the day after my cataract surgery. He was helping my husband do chores around the house on 12/04/24 while I was sleeping off the anesthesia. Such a kind soul who'd never do anything wrong."", 'Luigi grew up in privilege, was never even a customer of UHC, apparently did get treatment for his back.\n\nBrian Thompson grew up middle class and made his own way.\n\nLiberals are cheering on a coddled rich kid who murdered a good guy who worked for everything he had.', ""🖕 Luigi and his family, he's a cowardly murderer who murdered an upper class man in cold blood in broad daylight, as for denying claims, I don't care, if your insurance company sucks go somewhere else instead of murdering the upper class""]",istandwithunitedhealthcare - ceos - health - care - insurance - united - capitalist - leader - murdering - capitalism,True,12/25/2024 18:16,12/25/2024 18:16
This is a prime example of the good of  buying X. Would this have came out prior to him buying X? Good on this woman coming forward and exposing UnitedHealthcare.,5,5_healthcare_obamacare_care_health,"['healthcare', 'obamacare', 'care', 'health', 'compassionate', 'insurance', 'greatful', 'corporate', 'proud', 'profits']","['This is a prime example of the good of  buying X. Would this have came out prior to him buying X? Good on this woman coming forward and exposing UnitedHealthcare.', '💼 UnitedHealthcare Deny Defend Depose – because corporate strategies deserve a bold statement. Wear it loud, wear it proud! 🛒 Grab yours now 👉', 'It’s atrocious that anyone is defending the murder of the UnitedHealthcare CEO as some kind of blow against private health insurance. Government-designed insurance under Obamacare has been a disaster—higher costs for worse outcomes and less access to care.']",healthcare - obamacare - care - health - compassionate - insurance - greatful - corporate - proud - profits,True,12/25/2024 18:14,12/25/2024 18:14
"Luigi in jail for Christmas, but he is the one suffering now, and he does not have United healthcare.",0,0_istandwithunitedhealthcare_ceos_health_care,"['istandwithunitedhealthcare', 'ceos', 'health', 'care', 'insurance', 'united', 'capitalist', 'leader', 'murdering', 'capitalism']","[""I just want to thank Luigi Mangione for helping my husband take care of me the day after my cataract surgery. He was helping my husband do chores around the house on 12/04/24 while I was sleeping off the anesthesia. Such a kind soul who'd never do anything wrong."", 'Luigi grew up in privilege, was never even a customer of UHC, apparently did get treatment for his back.\n\nBrian Thompson grew up middle class and made his own way.\n\nLiberals are cheering on a coddled rich kid who murdered a good guy who worked for everything he had.', ""🖕 Luigi and his family, he's a cowardly murderer who murdered an upper class man in cold blood in broad daylight, as for denying claims, I don't care, if your insurance company sucks go somewhere else instead of murdering the upper class""]",istandwithunitedhealthcare - ceos - health - care - insurance - united - capitalist - leader - murdering - capitalism,False,12/25/2024 16:07,12/25/2024 16:07
"A CEO that never sees the people that get claims denied can't be defined as a murderer. Brian Thompson didn't go to work each day with a ""how many people can I intentionally kill today"" mindset and for you to malign him as such is disgusting. Idolizing his killer even more so.",2,2_healthcare_claim_hypocrite_executive,"['healthcare', 'claim', 'hypocrite', 'executive', 'said', 'compassion', 'kill', 'liberated', 'elites', 'killer']","['Brian Thompson was a chad actual middle class dude who earned generational wealth wealth for his wife and kids. Can’t say the same for the socialists celebrating his death who might lose their healthcare and will see their precious Gaza turn to rubble', 'Anyone, and I mean anyone celebrating the tragic end of Brian Thompson is a hypocrite, a cancer on society, or both. Yes, they need prayer, although they probably also need the kind of corrective discipline their parents likely were too liberated to afford them the benefit of…', 'The idea that Brian Thompson deserved to die because he was a rich healthcare executive appears to be...a disturbingly popular sentiment. You cannot claim to be the movement of compassion & tolerance while gleefully celebrating a dad of two getting shot to death. So vile.']",healthcare - claim - hypocrite - executive - said - compassion - kill - liberated - elites - killer,False,12/25/2024 8:05,12/25/2024 8:05
"What would we be defending the CEO about? 

Brian Thompson was a great man who contributed to thousands of jobs and 100s of millions of dollars to help people get medical care.",1,1_died_genocide_healthcare_ceos,"['died', 'genocide', 'healthcare', 'ceos', 'unitedhealthcareceo', 'warren', 'care', 'god', 'celebrity', 'activists']","['Brian Thompson was one of the many CEOs of the departments below you have to understand that. the media never looks into anything and they deliberately on purpose lie to you. the CEO of United healthcare was knighted by Queen Elizabeth!!!', 'Ron, you gotta check yourself. Tweeting all this anti-Brian Thompson/United Healthcare stuff right now appears to justify his killing. I get being anti-corporate greed but justifying the murder of a CEO (esp. without knowing nothing about him) is plain wrong', ""I guess little fella didn't learn. He constantly demonizes CEOs. Brian Thompson CEO of United Healthcare was MURDERED yesterday in NYC. Instead of giving it a rest little fella doubles down on disparaging another CEO. Looks like litter fella won't stop until all CEOs are murdered""]",died - genocide - healthcare - ceos - unitedhealthcareceo - warren - care - god - celebrity - activists,False,12/24/2024 22:38,12/24/2024 22:38
Special announcement: We're now in-network with #UnitedHealthcare (#Optum)! That’s good news for their members who want treatment at one of the nation’s leading hospitals for psychiatric or addiction treatment. Call 713-275-5400 for more info.,3,3_healthcare_hospitals_insights_leadership,"['healthcare', 'hospitals', 'insights', 'leadership', 'medicaid', 'benefits', 'medicare', 'healthy', 'leading', 'assassin']","[""Special announcement: We're now in-network with #UnitedHealthcare (#Optum)! That’s good news for their members who want treatment at one of the nation’s leading hospitals for psychiatric or addiction treatment. Call 713-275-5400 for more info."", 'UnitedHealthcare (UHC) offers a food benefit that provides a monthly credit to help pay for healthy food and over-the-counter (OTC) products. The credit is loaded onto a UCard, which can be used at participating stores or online.', 'Got a new job and I get benefits imma make this money then use those benefits to have the surgery on my knees that I’ve needed for years 😭 been walking around with a torn LCL, ACL, meniscus, patellar tendon, and broken foot for 2 years I’m so happy rn ily Luigi.']",healthcare - hospitals - insights - leadership - medicaid - benefits - medicare - healthy - leading - assassin,True,12/24/2024 0:05,12/24/2024 0:05
Brian Thompson didn't put anyone into medical debt.,1,1_died_genocide_healthcare_ceos,"['died', 'genocide', 'healthcare', 'ceos', 'unitedhealthcareceo', 'warren', 'care', 'god', 'celebrity', 'activists']","['Brian Thompson was one of the many CEOs of the departments below you have to understand that. the media never looks into anything and they deliberately on purpose lie to you. the CEO of United healthcare was knighted by Queen Elizabeth!!!', 'Ron, you gotta check yourself. Tweeting all this anti-Brian Thompson/United Healthcare stuff right now appears to justify his killing. I get being anti-corporate greed but justifying the murder of a CEO (esp. without knowing nothing about him) is plain wrong', ""I guess little fella didn't learn. He constantly demonizes CEOs. Brian Thompson CEO of United Healthcare was MURDERED yesterday in NYC. Instead of giving it a rest little fella doubles down on disparaging another CEO. Looks like litter fella won't stop until all CEOs are murdered""]",died - genocide - healthcare - ceos - unitedhealthcareceo - warren - care - god - celebrity - activists,False,12/23/2024 16:33,12/23/2024 16:33
.: The Left is celebrating the murder of the United Healthcare CEO Brian Thompson to promote their socialist takeover of our medical system!,1,1_died_genocide_healthcare_ceos,"['died', 'genocide', 'healthcare', 'ceos', 'unitedhealthcareceo', 'warren', 'care', 'god', 'celebrity', 'activists']","['Brian Thompson was one of the many CEOs of the departments below you have to understand that. the media never looks into anything and they deliberately on purpose lie to you. the CEO of United healthcare was knighted by Queen Elizabeth!!!', 'Ron, you gotta check yourself. Tweeting all this anti-Brian Thompson/United Healthcare stuff right now appears to justify his killing. I get being anti-corporate greed but justifying the murder of a CEO (esp. without knowing nothing about him) is plain wrong', ""I guess little fella didn't learn. He constantly demonizes CEOs. Brian Thompson CEO of United Healthcare was MURDERED yesterday in NYC. Instead of giving it a rest little fella doubles down on disparaging another CEO. Looks like litter fella won't stop until all CEOs are murdered""]",died - genocide - healthcare - ceos - unitedhealthcareceo - warren - care - god - celebrity - activists,False,12/19/2024 3:38,12/19/2024 3:38
everything these idiot leftist luigi-stans post makes me more and more radicalized in defense of UnitedHealthcare,5,5_healthcare_obamacare_care_health,"['healthcare', 'obamacare', 'care', 'health', 'compassionate', 'insurance', 'greatful', 'corporate', 'proud', 'profits']","['This is a prime example of the good of  buying X. Would this have came out prior to him buying X? Good on this woman coming forward and exposing UnitedHealthcare.', '💼 UnitedHealthcare Deny Defend Depose – because corporate strategies deserve a bold statement. Wear it loud, wear it proud! 🛒 Grab yours now 👉', 'It’s atrocious that anyone is defending the murder of the UnitedHealthcare CEO as some kind of blow against private health insurance. Government-designed insurance under Obamacare has been a disaster—higher costs for worse outcomes and less access to care.']",healthcare - obamacare - care - health - compassionate - insurance - greatful - corporate - proud - profits,False,12/18/2024 5:21,12/18/2024 5:21
Some people are mad but I can very much get behind this,4,4_obamacare_insurance_deaths_demise,"['obamacare', 'insurance', 'deaths', 'demise', 'everyone', 'empathy', 'reporter', 'union', 'insane', 'tears']","[""For all of you clutching your pearls about the CEO shooter understand he's done more to fight corruption in the insurance world than the last 59 years of congress hearings and panels and investigations #LuigManigone #UnitedHealthcare"", 'OMG. Former NYT “reporter” Taylor Lorenz doubles down on gloating over the m*rder of the UnitedHealthcare CEO:\n\n“Am I going to shed tears or have empathy for somebody who has facilitated the deaths of thousands of innocent Americans?"" \n\nWhat a psycho.', 'Chris Murphy…. “I’m never going to condone gun violence”…. Then goes on to basically justify the murder of the UnitedHealthCare CEO. \n\nHe also seems to forget that the insurance industry is heavily regulated in all they do due to the ObamaCare act which he voted for.']",obamacare - insurance - deaths - demise - everyone - empathy - reporter - union - insane - tears,False,12/18/2024 4:17,12/18/2024 4:17
"Luigi Mangione ~ 
The Patron Saint of 
American Health Care ✝️ 🏥",0,0_istandwithunitedhealthcare_ceos_health_care,"['istandwithunitedhealthcare', 'ceos', 'health', 'care', 'insurance', 'united', 'capitalist', 'leader', 'murdering', 'capitalism']","[""I just want to thank Luigi Mangione for helping my husband take care of me the day after my cataract surgery. He was helping my husband do chores around the house on 12/04/24 while I was sleeping off the anesthesia. Such a kind soul who'd never do anything wrong."", 'Luigi grew up in privilege, was never even a customer of UHC, apparently did get treatment for his back.\n\nBrian Thompson grew up middle class and made his own way.\n\nLiberals are cheering on a coddled rich kid who murdered a good guy who worked for everything he had.', ""🖕 Luigi and his family, he's a cowardly murderer who murdered an upper class man in cold blood in broad daylight, as for denying claims, I don't care, if your insurance company sucks go somewhere else instead of murdering the upper class""]",istandwithunitedhealthcare - ceos - health - care - insurance - united - capitalist - leader - murdering - capitalism,False,12/18/2024 0:57,12/18/2024 0:57
#UnitedHealthcare has a plan for all of us.,3,3_healthcare_hospitals_insights_leadership,"['healthcare', 'hospitals', 'insights', 'leadership', 'medicaid', 'benefits', 'medicare', 'healthy', 'leading', 'assassin']","[""Special announcement: We're now in-network with #UnitedHealthcare (#Optum)! That’s good news for their members who want treatment at one of the nation’s leading hospitals for psychiatric or addiction treatment. Call 713-275-5400 for more info."", 'UnitedHealthcare (UHC) offers a food benefit that provides a monthly credit to help pay for healthy food and over-the-counter (OTC) products. The credit is loaded onto a UCard, which can be used at participating stores or online.', 'Got a new job and I get benefits imma make this money then use those benefits to have the surgery on my knees that I’ve needed for years 😭 been walking around with a torn LCL, ACL, meniscus, patellar tendon, and broken foot for 2 years I’m so happy rn ily Luigi.']",healthcare - hospitals - insights - leadership - medicaid - benefits - medicare - healthy - leading - assassin,False,12/18/2024 0:35,12/18/2024 0:35
"No, it's not socialism (yet) but it's far from a free market. The stupid people celebrating the assassination of Brian Thompson are very often the ones who support the things causing the problems they decry. They made the mess. TANSTAAFL.",2,2_healthcare_claim_hypocrite_executive,"['healthcare', 'claim', 'hypocrite', 'executive', 'said', 'compassion', 'kill', 'liberated', 'elites', 'killer']","['Brian Thompson was a chad actual middle class dude who earned generational wealth wealth for his wife and kids. Can’t say the same for the socialists celebrating his death who might lose their healthcare and will see their precious Gaza turn to rubble', 'Anyone, and I mean anyone celebrating the tragic end of Brian Thompson is a hypocrite, a cancer on society, or both. Yes, they need prayer, although they probably also need the kind of corrective discipline their parents likely were too liberated to afford them the benefit of…', 'The idea that Brian Thompson deserved to die because he was a rich healthcare executive appears to be...a disturbingly popular sentiment. You cannot claim to be the movement of compassion & tolerance while gleefully celebrating a dad of two getting shot to death. So vile.']",healthcare - claim - hypocrite - executive - said - compassion - kill - liberated - elites - killer,False,12/17/2024 20:29,12/17/2024 20:29
"Instead of expressing shock at the murder of UnitedHealthcare CEO Brian Thompson, many progressives could hardly contain their glee, even praising, excusing, or pining for the alleged gunman, Luigi Mangione.",6,6_healthcare_lets_gooooo_care,"['healthcare', 'lets', 'gooooo', 'care', 'fucking', 'accountable', 'united', 'victims', 'supporting', 'blames']","['You are a very sad but typical liberal who blames the victims and will not hold the perpetrator accountable! You think the CEO of United Healthcare, who grew up in a middle to poor class family and made himself what he was today unlike the privileged murderer Luigi, had it coming…', ""ABSOLUTELY DISGUSTING!\n\nFirst we had people publicly supporting Luigi Mangione, who brutally executed United Healthcare CEO Brian Thompson. NOW we have people making mock videos of the murder, as if the death is somehow funny. This was someone's father, brother, friend. And yet…"", 'Obviously, there\'s a ton we do not know about the Unitedhealthcare (alleged) shooter.\n\nWhat we do know already: all those progressives who cheered it and hoped - yes, hoped - it would be a ""justified"" killing, a denied care tit-for-tat, have humiliated themselves yet again.']",healthcare - lets - gooooo - care - fucking - accountable - united - victims - supporting - blames,False,12/17/2024 18:40,12/17/2024 18:40
"Chris Murphy…. “I’m never going to condone gun violence”…. Then goes on to basically justify the murder of the UnitedHealthCare CEO. 

He also seems to forget that the insurance industry is heavily regulated in all they do due to the ObamaCare act which he voted for.",4,4_obamacare_insurance_deaths_demise,"['obamacare', 'insurance', 'deaths', 'demise', 'everyone', 'empathy', 'reporter', 'union', 'insane', 'tears']","[""For all of you clutching your pearls about the CEO shooter understand he's done more to fight corruption in the insurance world than the last 59 years of congress hearings and panels and investigations #LuigManigone #UnitedHealthcare"", 'OMG. Former NYT “reporter” Taylor Lorenz doubles down on gloating over the m*rder of the UnitedHealthcare CEO:\n\n“Am I going to shed tears or have empathy for somebody who has facilitated the deaths of thousands of innocent Americans?"" \n\nWhat a psycho.', 'Chris Murphy…. “I’m never going to condone gun violence”…. Then goes on to basically justify the murder of the UnitedHealthCare CEO. \n\nHe also seems to forget that the insurance industry is heavily regulated in all they do due to the ObamaCare act which he voted for.']",obamacare - insurance - deaths - demise - everyone - empathy - reporter - union - insane - tears,True,12/16/2024 15:50,12/16/2024 15:50
Totally agree. I imagine several lives have already been saved due to claims that would have been denied previously to Mangione’s revolutionary action.,0,0_istandwithunitedhealthcare_ceos_health_care,"['istandwithunitedhealthcare', 'ceos', 'health', 'care', 'insurance', 'united', 'capitalist', 'leader', 'murdering', 'capitalism']","[""I just want to thank Luigi Mangione for helping my husband take care of me the day after my cataract surgery. He was helping my husband do chores around the house on 12/04/24 while I was sleeping off the anesthesia. Such a kind soul who'd never do anything wrong."", 'Luigi grew up in privilege, was never even a customer of UHC, apparently did get treatment for his back.\n\nBrian Thompson grew up middle class and made his own way.\n\nLiberals are cheering on a coddled rich kid who murdered a good guy who worked for everything he had.', ""🖕 Luigi and his family, he's a cowardly murderer who murdered an upper class man in cold blood in broad daylight, as for denying claims, I don't care, if your insurance company sucks go somewhere else instead of murdering the upper class""]",istandwithunitedhealthcare - ceos - health - care - insurance - united - capitalist - leader - murdering - capitalism,False,12/16/2024 3:13,12/16/2024 3:13
#UnitedHealthCare over 5x the runner up...,3,3_healthcare_hospitals_insights_leadership,"['healthcare', 'hospitals', 'insights', 'leadership', 'medicaid', 'benefits', 'medicare', 'healthy', 'leading', 'assassin']","[""Special announcement: We're now in-network with #UnitedHealthcare (#Optum)! That’s good news for their members who want treatment at one of the nation’s leading hospitals for psychiatric or addiction treatment. Call 713-275-5400 for more info."", 'UnitedHealthcare (UHC) offers a food benefit that provides a monthly credit to help pay for healthy food and over-the-counter (OTC) products. The credit is loaded onto a UCard, which can be used at participating stores or online.', 'Got a new job and I get benefits imma make this money then use those benefits to have the surgery on my knees that I’ve needed for years 😭 been walking around with a torn LCL, ACL, meniscus, patellar tendon, and broken foot for 2 years I’m so happy rn ily Luigi.']",healthcare - hospitals - insights - leadership - medicaid - benefits - medicare - healthy - leading - assassin,False,12/16/2024 2:46,12/16/2024 2:46
7/ The American Dream is real. It lived in Brian Thompson. Let’s honor his legacy by living up to the values he embodied. #UnitedHealthcare #unitedhealthcareceo #AmericanDad #AmericanWay #americafirst #America,1,1_died_genocide_healthcare_ceos,"['died', 'genocide', 'healthcare', 'ceos', 'unitedhealthcareceo', 'warren', 'care', 'god', 'celebrity', 'activists']","['Brian Thompson was one of the many CEOs of the departments below you have to understand that. the media never looks into anything and they deliberately on purpose lie to you. the CEO of United healthcare was knighted by Queen Elizabeth!!!', 'Ron, you gotta check yourself. Tweeting all this anti-Brian Thompson/United Healthcare stuff right now appears to justify his killing. I get being anti-corporate greed but justifying the murder of a CEO (esp. without knowing nothing about him) is plain wrong', ""I guess little fella didn't learn. He constantly demonizes CEOs. Brian Thompson CEO of United Healthcare was MURDERED yesterday in NYC. Instead of giving it a rest little fella doubles down on disparaging another CEO. Looks like litter fella won't stop until all CEOs are murdered""]",died - genocide - healthcare - ceos - unitedhealthcareceo - warren - care - god - celebrity - activists,False,12/16/2024 1:48,12/16/2024 1:48
"AOC, other progressives condemn violence but suggest justification for killing of UnitedHealthcare CEO. Hmmm, what if we celebrated their demise? They’d be outraged. These people are not serious or intelligent.",4,4_obamacare_insurance_deaths_demise,"['obamacare', 'insurance', 'deaths', 'demise', 'everyone', 'empathy', 'reporter', 'union', 'insane', 'tears']","[""For all of you clutching your pearls about the CEO shooter understand he's done more to fight corruption in the insurance world than the last 59 years of congress hearings and panels and investigations #LuigManigone #UnitedHealthcare"", 'OMG. Former NYT “reporter” Taylor Lorenz doubles down on gloating over the m*rder of the UnitedHealthcare CEO:\n\n“Am I going to shed tears or have empathy for somebody who has facilitated the deaths of thousands of innocent Americans?"" \n\nWhat a psycho.', 'Chris Murphy…. “I’m never going to condone gun violence”…. Then goes on to basically justify the murder of the UnitedHealthCare CEO. \n\nHe also seems to forget that the insurance industry is heavily regulated in all they do due to the ObamaCare act which he voted for.']",obamacare - insurance - deaths - demise - everyone - empathy - reporter - union - insane - tears,False,12/15/2024 3:31,12/15/2024 3:31
"Luigi grew up in privilege, was never even a customer of UHC, apparently did get treatment for his back.

Brian Thompson grew up middle class and made his own way.

Liberals are cheering on a coddled rich kid who murdered a good guy who worked for everything he had.",0,0_istandwithunitedhealthcare_ceos_health_care,"['istandwithunitedhealthcare', 'ceos', 'health', 'care', 'insurance', 'united', 'capitalist', 'leader', 'murdering', 'capitalism']","[""I just want to thank Luigi Mangione for helping my husband take care of me the day after my cataract surgery. He was helping my husband do chores around the house on 12/04/24 while I was sleeping off the anesthesia. Such a kind soul who'd never do anything wrong."", 'Luigi grew up in privilege, was never even a customer of UHC, apparently did get treatment for his back.\n\nBrian Thompson grew up middle class and made his own way.\n\nLiberals are cheering on a coddled rich kid who murdered a good guy who worked for everything he had.', ""🖕 Luigi and his family, he's a cowardly murderer who murdered an upper class man in cold blood in broad daylight, as for denying claims, I don't care, if your insurance company sucks go somewhere else instead of murdering the upper class""]",istandwithunitedhealthcare - ceos - health - care - insurance - united - capitalist - leader - murdering - capitalism,True,12/14/2024 19:53,12/14/2024 19:53
"Be like Luigi. He is the blueprint, the people will love you.",0,0_istandwithunitedhealthcare_ceos_health_care,"['istandwithunitedhealthcare', 'ceos', 'health', 'care', 'insurance', 'united', 'capitalist', 'leader', 'murdering', 'capitalism']","[""I just want to thank Luigi Mangione for helping my husband take care of me the day after my cataract surgery. He was helping my husband do chores around the house on 12/04/24 while I was sleeping off the anesthesia. Such a kind soul who'd never do anything wrong."", 'Luigi grew up in privilege, was never even a customer of UHC, apparently did get treatment for his back.\n\nBrian Thompson grew up middle class and made his own way.\n\nLiberals are cheering on a coddled rich kid who murdered a good guy who worked for everything he had.', ""🖕 Luigi and his family, he's a cowardly murderer who murdered an upper class man in cold blood in broad daylight, as for denying claims, I don't care, if your insurance company sucks go somewhere else instead of murdering the upper class""]",istandwithunitedhealthcare - ceos - health - care - insurance - united - capitalist - leader - murdering - capitalism,False,12/14/2024 18:32,12/14/2024 18:32
"In basically every appreciable way I am closer to Brian Thompson than Luigi Mangione and I have nothing but contempt for the giant morons who identify with the shooter. 

If that means that the majority of Americans are giant morons then I’m happy to say it.",0,0_istandwithunitedhealthcare_ceos_health_care,"['istandwithunitedhealthcare', 'ceos', 'health', 'care', 'insurance', 'united', 'capitalist', 'leader', 'murdering', 'capitalism']","[""I just want to thank Luigi Mangione for helping my husband take care of me the day after my cataract surgery. He was helping my husband do chores around the house on 12/04/24 while I was sleeping off the anesthesia. Such a kind soul who'd never do anything wrong."", 'Luigi grew up in privilege, was never even a customer of UHC, apparently did get treatment for his back.\n\nBrian Thompson grew up middle class and made his own way.\n\nLiberals are cheering on a coddled rich kid who murdered a good guy who worked for everything he had.', ""🖕 Luigi and his family, he's a cowardly murderer who murdered an upper class man in cold blood in broad daylight, as for denying claims, I don't care, if your insurance company sucks go somewhere else instead of murdering the upper class""]",istandwithunitedhealthcare - ceos - health - care - insurance - united - capitalist - leader - murdering - capitalism,False,12/11/2024 3:00,12/11/2024 3:00
It was completely seemless. They just took care of it. There was never any issues of coverage. It was just no add'l stress at a very emotional time for us. I am very greatful to #UnitedHealthcare,5,5_healthcare_obamacare_care_health,"['healthcare', 'obamacare', 'care', 'health', 'compassionate', 'insurance', 'greatful', 'corporate', 'proud', 'profits']","['This is a prime example of the good of  buying X. Would this have came out prior to him buying X? Good on this woman coming forward and exposing UnitedHealthcare.', '💼 UnitedHealthcare Deny Defend Depose – because corporate strategies deserve a bold statement. Wear it loud, wear it proud! 🛒 Grab yours now 👉', 'It’s atrocious that anyone is defending the murder of the UnitedHealthcare CEO as some kind of blow against private health insurance. Government-designed insurance under Obamacare has been a disaster—higher costs for worse outcomes and less access to care.']",healthcare - obamacare - care - health - compassionate - insurance - greatful - corporate - proud - profits,False,12/11/2024 0:35,12/11/2024 0:35
Funny to come across my old tweet to #UnitedHealthcare - and former CEO Andrew Witty.. and the tweet got results,3,3_healthcare_hospitals_insights_leadership,"['healthcare', 'hospitals', 'insights', 'leadership', 'medicaid', 'benefits', 'medicare', 'healthy', 'leading', 'assassin']","[""Special announcement: We're now in-network with #UnitedHealthcare (#Optum)! That’s good news for their members who want treatment at one of the nation’s leading hospitals for psychiatric or addiction treatment. Call 713-275-5400 for more info."", 'UnitedHealthcare (UHC) offers a food benefit that provides a monthly credit to help pay for healthy food and over-the-counter (OTC) products. The credit is loaded onto a UCard, which can be used at participating stores or online.', 'Got a new job and I get benefits imma make this money then use those benefits to have the surgery on my knees that I’ve needed for years 😭 been walking around with a torn LCL, ACL, meniscus, patellar tendon, and broken foot for 2 years I’m so happy rn ily Luigi.']",healthcare - hospitals - insights - leadership - medicaid - benefits - medicare - healthy - leading - assassin,False,12/11/2024 0:22,12/11/2024 0:22
Luigi Mangione never denied my insurance claims,0,0_istandwithunitedhealthcare_ceos_health_care,"['istandwithunitedhealthcare', 'ceos', 'health', 'care', 'insurance', 'united', 'capitalist', 'leader', 'murdering', 'capitalism']","[""I just want to thank Luigi Mangione for helping my husband take care of me the day after my cataract surgery. He was helping my husband do chores around the house on 12/04/24 while I was sleeping off the anesthesia. Such a kind soul who'd never do anything wrong."", 'Luigi grew up in privilege, was never even a customer of UHC, apparently did get treatment for his back.\n\nBrian Thompson grew up middle class and made his own way.\n\nLiberals are cheering on a coddled rich kid who murdered a good guy who worked for everything he had.', ""🖕 Luigi and his family, he's a cowardly murderer who murdered an upper class man in cold blood in broad daylight, as for denying claims, I don't care, if your insurance company sucks go somewhere else instead of murdering the upper class""]",istandwithunitedhealthcare - ceos - health - care - insurance - united - capitalist - leader - murdering - capitalism,False,12/10/2024 22:47,12/10/2024 22:47
